fecha,provincia_key,provincia,producto,target_precio_mercado_usdkg,target_precio_mercado_usd,mercados_observaciones,mercados_distintos,tipos_mercado_distintos,precio_productor_provincia_usdkg,productor_observaciones_provincia,precio_productor_nacional_usdkg,productor_observaciones_nacional,fertilizantes_precio_promedio_provincia,fertilizantes_precio_mediano_provincia,fertilizantes_registros_provincia,fertilizantes_ingredientes_activos_provincia,fertilizantes_precio_promedio_nacional,fertilizantes_precio_mediano_nacional,fertilizantes_registros_nacional,ipc_alimentos,inflacion_mensual,inflacion_anual,inflacion_acumulada,ibc,ipm,ipp_n,provincia_id,anio,mes_num,trimestre,mes_sin,mes_cos,productor_missing_exact,precio_productor_usdkg_filled,fertilizantes_missing_exact,fertilizantes_precio_promedio_filled,macro_missing_any,target_lag_1,target_lag_2,target_lag_3,target_lag_6,target_lag_12,target_rolling_mean_3,target_rolling_std_3,target_rolling_mean_6,target_rolling_std_6,target_momentum_1_3,target_momentum_1_6,productor_lag_1,productor_lag_3,fertilizantes_lag_1,fertilizantes_lag_3,ipc_alimentos_lag_1,inflacion_mensual_lag_1,ibc_lag_1,ipm_lag_1,ipp_n_lag_1
2017-01-01,guayas,Guayas,Maracuya,0.737692307692308,13.4615384615385,1,1,1,0.39691236208445635,0.0,0.39691236208445635,4,24.711007936507933,24.711007936507933,2,2.0,25.278412933331037,23.15127777777778,58,106.79525338604871,0.0049046428859018,0.0148480057620379,0.0049,393.4842146837502,96.04567941153522,97.900896734359,0,2017,1,1,0.49999999999999994,0.8660254037844387,1,0.39691236208445635,0,24.711007936507933,0,0.728181818181818,0.705,0.594615384615385,0.939230769230769,0.729230769230769,0.675932400932401,0.07137010600090235,0.730530303030303,0.11582888071901486,0.13356643356643305,-0.21104895104895094,0.35342873887119164,0.31352654088050314,25.056166666666666,23.94121273712737,106.27401728322432,0.0027260996012512,318.3163614688067,92.27567399471783,99.95312657717108
2017-02-01,guayas,Guayas,Maracuya,0.764,13.9,1,1,1,0.32,1.0,0.4072962515723271,5,24.93966374269006,24.93966374269006,2,2.0,24.89137922616525,22.781145833333333,58,107.29633613408298,0.004691994561059,0.0120413451414438,0.0096,392.62593862516593,96.76925781574016,98.32298974729969,0,2017,2,1,0.8660254037844386,0.5000000000000001,0,0.32,0,24.93966374269006,0,0.737692307692308,0.728181818181818,0.705,0.749230769230769,0.854,0.7236247086247087,0.016815831266955142,0.6969405594405594,0.05797832787350338,0.03269230769230802,-0.011538461538461053,0.39691236208445635,0.3535422568832984,24.711007936507933,23.241802308802306,106.79525338604871,0.0049046428859018,393.4842146837502,96.04567941153522,97.900896734359
2017-03-01,guayas,Guayas,Maracuya,0.711538461538462,13.0,1,1,1,0.259,1.0,0.32552156693620843,5,22.122202380952377,19.411250000000003,3,3.0,24.629445083296474,22.875,57,108.06190921517076,0.0071351278959896,0.0128293078983747,0.0168,340.3079521529929,97.26825637600804,102.98660839957942,0,2017,3,1,1.0,6.123233995736766e-17,0,0.259,0,22.122202380952377,0,0.764,0.737692307692308,0.728181818181818,0.666923076923077,0.834615384615385,0.7432913752913753,0.018553913486761612,0.699402097902098,0.06088313397599126,0.03581818181818197,0.09707692307692306,0.32,0.35342873887119164,24.93966374269006,25.056166666666666,107.29633613408298,0.004691994561059,392.62593862516593,96.76925781574016,98.32298974729969
2017-04-01,guayas,Guayas,Maracuya,0.668461538461539,12.1538461538462,1,1,1,0.23,1.0,0.30832738993710695,5,23.34260064412238,23.34260064412238,2,2.0,24.466428997461694,22.38095238095238,58,109.33097122487412,0.0117438422004596,0.0183614617300356,0.0288,330.89532557748174,98.25531315005472,98.85195984083418,0,2017,4,2,0.8660254037844387,-0.4999999999999998,0,0.23,0,23.34260064412238,0,0.711538461538462,0.764,0.737692307692308,0.594615384615385,0.834615384615384,0.73774358974359,0.026230806827552945,0.7068379953379954,0.05881229311663974,-0.026153846153845972,0.11692307692307702,0.259,0.39691236208445635,22.122202380952377,24.711007936507933,108.06190921517076,0.0071351278959896,340.3079521529929,97.26825637600804,102.98660839957942
2017-05-01,guayas,Guayas,Maracuya,0.736923076923077,13.4869230769231,1,1,1,0.2766666666666666,1.0,0.36718197376460016,5,18.304642857142856,18.304642857142856,1,1.0,24.011155084433387,21.77777777777778,53,108.56390855580456,-0.0070159686726997,0.0095048924114191,0.0212,286.58639031591645,99.25248513073534,95.36070581510612,0,2017,5,2,0.49999999999999994,-0.8660254037844387,0,0.2766666666666666,0,18.304642857142856,0,0.668461538461539,0.711538461538462,0.764,0.705,0.885384615384615,0.714666666666667,0.047845988951813294,0.7191456876456878,0.03244808608696276,-0.09553846153846102,-0.036538461538460965,0.23,0.32,23.34260064412238,24.93966374269006,109.33097122487412,0.0117438422004596,330.89532557748174,98.25531315005472,98.85195984083418
2017-06-01,guayas,Guayas,Maracuya,0.879230769230769,16.0261538461539,1,1,1,0.2566666666666666,1.0,0.3284577281621244,5,18.21421052631579,18.21421052631579,1,1.0,23.645135670700196,21.41730769230769,52,108.21463669560993,-0.0032172004936162,0.0012856077118055,0.0183,271.7671614708417,99.3109717555539,98.37871496745883,0,2017,6,2,1.2246467991473532e-16,-1.0,0,0.2566666666666666,0,18.21421052631579,0,0.736923076923077,0.668461538461539,0.711538461538462,0.728181818181818,0.9375,0.705641025641026,0.034609686140636683,0.7244662004662006,0.032281509890479856,0.025384615384615006,0.008741258741258973,0.2766666666666666,0.259,18.304642857142856,22.122202380952377,108.56390855580456,-0.0070159686726997,286.58639031591645,99.25248513073534,95.36070581510612
2017-07-01,guayas,Guayas,Maracuya,0.734615384615385,13.41,1,1,1,0.186,1.0,0.2712511698113207,5,24.038332204997975,22.115000000000002,0,0.0,24.038332204997975,22.115000000000002,52,107.42480462559575,-0.0072987545320309,-0.0032517959993375,0.0108,267.71595663813423,98.2211539001768,100.38979992876315,0,2017,7,3,-0.4999999999999997,-0.8660254037844388,0,0.186,1,24.038332204997975,0,0.879230769230769,0.736923076923077,0.668461538461539,0.737692307692308,0.939230769230769,0.7615384615384616,0.10751909146558891,0.7496410256410259,0.07119847526235638,0.21076923076923004,0.14153846153846106,0.2566666666666666,0.23,18.21421052631579,23.34260064412238,108.21463669560993,-0.0032172004936162,271.7671614708417,99.3109717555539,98.37871496745883
2017-08-01,guayas,Guayas,Maracuya,0.558571428571429,10.2142857142857,1,1,1,0.1425,1.0,0.19040478867924526,5,19.105238095238096,19.105238095238096,1,1.0,23.242528658583417,21.189285714285717,52,107.5003021619046,0.0007027942622002,0.0024878392102503,0.0115,196.95407301039867,95.12691883535356,101.88416902151182,0,2017,8,3,-0.8660254037844385,-0.5000000000000004,0,0.1425,0,19.105238095238096,0,0.734615384615385,0.879230769230769,0.736923076923077,0.764,0.749230769230769,0.7835897435897436,0.08283559440359653,0.7491282051282053,0.07131274011951169,-0.002307692307692011,-0.02938461538461501,0.186,0.2766666666666666,24.038332204997975,18.304642857142856,107.42480462559575,-0.0072987545320309,267.71595663813423,98.2211539001768,100.38979992876315
2017-09-01,guayas,Guayas,Maracuya,0.467692307692308,8.56384615384615,1,1,1,0.1649999999999999,1.0,0.19636157258909848,6,19.35368421052632,19.35368421052632,1,1.0,23.16156329175125,21.511904761904763,50,106.75214893443608,-0.0069595453447353,-0.0011817933273855,0.0045,241.33302541397387,92.50700260137717,101.07731467228116,0,2017,9,3,-1.0,-1.8369701987210297e-16,0,0.1649999999999999,0,19.35368421052632,0,0.558571428571429,0.734615384615385,0.879230769230769,0.711538461538462,0.666923076923077,0.7241391941391945,0.16058616413997404,0.7148901098901103,0.1043884728622545,-0.32065934065934,-0.15296703296703296,0.1425,0.2566666666666666,19.105238095238096,18.21421052631579,107.5003021619046,0.0007027942622002,196.95407301039867,95.12691883535356,101.88416902151182
2017-10-01,guayas,Guayas,Maracuya,0.456923076923077,8.30769230769231,1,1,1,0.1699999999999999,1.0,0.23262045596652356,6,19.1096875,19.1096875,2,2.0,22.9159920226524,20.92571428571429,53,106.2531200787179,-0.0046746492759098,-0.0002155933160616,-0.0002,303.3194356829705,91.11013432877608,98.43806966710156,0,2017,10,4,-0.8660254037844386,0.5000000000000001,0,0.1699999999999999,0,19.1096875,0,0.467692307692308,0.558571428571429,0.734615384615385,0.668461538461539,0.594615384615385,0.5869597069597073,0.13570704849383639,0.6742490842490846,0.14537546450924366,-0.266923076923077,-0.20076923076923098,0.1649999999999999,0.186,19.35368421052632,24.038332204997975,106.75214893443608,-0.0069595453447353,241.33302541397387,92.50700260137717,101.07731467228116
2017-11-01,guayas,Guayas,Maracuya,0.585,10.6666666666667,1,1,1,0.1825,1.0,0.2643082291666667,5,20.086139705882353,20.086139705882353,2,2.0,23.142823391394522,21.545,49,105.52760320060771,-0.0068281936339628,-0.0043165332160906,-0.007,242.3326833555581,89.21945695998897,98.39894909783992,0,2017,11,4,-0.5000000000000004,0.8660254037844384,0,0.1825,0,20.086139705882353,0,0.456923076923077,0.467692307692308,0.558571428571429,0.736923076923077,0.705,0.49439560439560465,0.05583812666382107,0.6389926739926742,0.17053394934464097,-0.10164835164835206,-0.28,0.1699999999999999,0.1425,19.1096875,19.105238095238096,106.2531200787179,-0.0046746492759098,303.3194356829705,91.11013432877608,98.43806966710156
2017-12-01,guayas,Guayas,Maracuya,0.613846153846154,11.1792307692308,1,1,1,0.1657142857142857,1.0,0.22937056547619047,5,20.506818181818183,20.506818181818183,2,2.0,23.495274590545016,21.93333333333333,54,106.02464555374796,0.0047100695748332,-0.0023464976280304,-0.0023,345.6324288663753,89.62912060938197,96.6658809800047,0,2017,12,4,-2.4492935982947064e-16,1.0,0,0.1657142857142857,0,20.506818181818183,0,0.585,0.456923076923077,0.467692307692308,0.879230769230769,0.728181818181818,0.5032051282051283,0.07104079723507331,0.6136721611721613,0.16424811366052788,0.11730769230769195,-0.2942307692307691,0.1825,0.1649999999999999,20.086139705882353,19.35368421052632,105.52760320060771,-0.0068281936339628,242.3326833555581,89.21945695998897,98.39894909783992
2018-01-01,guayas,Guayas,Maracuya,0.52,9.46153846153846,1,1,1,0.1624999999999999,1.0,0.22839974300653587,5,20.166318681318685,20.166318681318685,2,2.0,23.833693051739925,22.308928571428574,56,106.10508513770736,0.0007586876007863,-0.0064625367369699,0.0007586876007863,328.10362054120696,88.28073779062005,91.07680235373611,0,2018,1,1,0.49999999999999994,0.8660254037844387,0,0.1624999999999999,0,20.166318681318685,0,0.613846153846154,0.585,0.456923076923077,0.734615384615385,0.737692307692308,0.551923076923077,0.08352709229901964,0.5694413919413922,0.1025940587794054,0.15692307692307705,-0.12076923076923096,0.1657142857142857,0.1699999999999999,20.506818181818183,19.1096875,106.02464555374796,0.0047100695748332,345.6324288663753,89.62912060938197,96.6658809800047
2018-02-01,guayas,Guayas,Maracuya,0.611818181818182,11.1818181818182,1,1,1,0.176,1.0,0.2875645853174603,6,22.857778496013793,20.82058823529412,3,3.0,23.983813671791356,22.19361111111111,58,106.48102101306874,0.0035430523888038,-0.0075987228491696,0.0043044280595063,333.7469363192475,88.93685839660316,90.9261347242377,0,2018,2,1,0.8660254037844386,0.5000000000000001,0,0.176,0,22.857778496013793,0,0.52,0.613846153846154,0.585,0.558571428571429,0.764,0.5729487179487179,0.048069743053594675,0.5336721611721613,0.0634240973864975,-0.06499999999999995,-0.038571428571429034,0.1624999999999999,0.1825,20.166318681318685,20.086139705882353,106.10508513770736,0.0007586876007863,328.10362054120696,88.28073779062005,91.07680235373611
2018-03-01,guayas,Guayas,Maracuya,0.633571428571429,11.5714285714286,1,1,1,0.1925,1.0,0.27141966944444446,5,22.571428571428573,19.81428571428572,3,3.0,24.27861263940919,22.605555555555554,61,107.10361898304726,0.0058470323073076,-0.0088679742851421,0.0101766284967423,376.9046543594386,89.49485178556814,91.93973217936272,0,2018,3,1,1.0,6.123233995736766e-17,0,0.1925,0,22.571428571428573,0,0.611818181818182,0.52,0.613846153846154,0.467692307692308,0.711538461538462,0.581888111888112,0.053606267939888465,0.5425466200466201,0.07089057984014646,-0.0020279720279720026,0.14412587412587402,0.176,0.1657142857142857,22.857778496013793,20.506818181818183,106.48102101306874,0.0035430523888038,333.7469363192475,88.93685839660316,90.9261347242377
2018-04-01,guayas,Guayas,Maracuya,0.638333333333334,11.6391666666667,1,1,1,0.1899999999999999,1.0,0.26168938148148146,5,23.031111111111112,19.94,3,3.0,24.229324397824396,22.321363636363635,60,105.68709684765804,-0.0132257168230086,-0.0333288393617328,-0.0031836815329772,317.0376827610709,87.31334686484563,90.8306483565985,0,2018,4,2,0.8660254037844387,-0.4999999999999998,0,0.1899999999999999,0,23.031111111111112,0,0.633571428571429,0.611818181818182,0.52,0.456923076923077,0.668461538461539,0.5884632034632036,0.06028025055861897,0.5701931401931404,0.06815238628548594,0.11357142857142899,0.17664835164835202,0.1925,0.1624999999999999,22.571428571428573,20.166318681318685,107.10361898304726,0.0058470323073076,376.9046543594386,89.49485178556814,91.93973217936272
2018-05-01,guayas,Guayas,Maracuya,0.723076923076923,13.2061538461538,1,1,1,0.198,1.0,0.25914981944444443,6,23.866666666666664,21.325000000000003,3,3.0,24.32005921264528,22.57454545454545,61,105.08521138746752,-0.0056949758120247,-0.0320428512073044,-0.0088605263556784,298.5739335871213,85.40568132403492,88.71144333046914,0,2018,5,2,0.49999999999999994,-0.8660254037844387,0,0.198,0,23.866666666666664,0,0.638333333333334,0.633571428571429,0.611818181818182,0.585,0.736923076923077,0.6279076479076483,0.014135845341662253,0.6004281829281831,0.043707598000508,0.026515151515151936,0.05333333333333401,0.1899999999999999,0.176,23.031111111111112,22.857778496013793,105.68709684765804,-0.0132257168230086,317.0376827610709,87.31334686484563,90.8306483565985
2018-06-01,guayas,Guayas,Maracuya,0.664615384615385,12.1023076923077,1,1,1,0.1925,1.0,0.2700524285714286,5,22.88347222222222,20.61875,3,3.0,24.351573128601814,22.399999999999995,61,104.30030454589304,-0.0074692416869238,-0.0361719289482739,-0.0162635866297784,226.8400789299696,86.66422650516537,88.85391452247688,0,2018,6,2,1.2246467991473532e-16,-1.0,0,0.1925,0,22.88347222222222,0,0.723076923076923,0.638333333333334,0.633571428571429,0.613846153846154,0.879230769230769,0.6649938949938953,0.05035769601273155,0.6234410034410037,0.0650828945249763,0.08950549450549394,0.10923076923076891,0.198,0.1925,23.866666666666664,22.571428571428573,105.08521138746752,-0.0056949758120247,298.5739335871213,85.40568132403492,88.71144333046914
2018-06-01,manabi,Manabí,Maracuya,0.30625,5.625,1,1,1,0.2700524285714286,0.0,0.2700524285714286,5,23.014166666666668,21.5425,3,3.0,24.351573128601814,22.399999999999995,61,104.30030454589304,-0.0074692416869238,-0.0361719289482739,-0.0162635866297784,226.8400789299696,86.66422650516537,88.85391452247688,2,2018,6,2,1.2246467991473532e-16,-1.0,1,0.2700524285714286,0,23.014166666666668,0,0.304285714285714,0.28375,0.41,0.29375,0.37,0.3326785714285714,0.06774497307956483,0.3190806878306878,0.054201074406186794,-0.10571428571428598,0.010535714285713982,0.1837183333333333,0.27141966944444446,23.0975,23.11111111111111,105.08521138746752,-0.0056949758120247,298.5739335871213,85.40568132403492,88.71144333046914
2018-06-01,santo domingo de los tsachilas,Santo Domingo De Los Tsáchilas,Maracuya,0.37375,6.87625,1,1,1,0.2078571428571429,1.0,0.2700524285714286,5,25.63888888888889,23.166666666666668,3,3.0,24.351573128601814,22.399999999999995,61,104.30030454589304,-0.0074692416869238,-0.0361719289482739,-0.0162635866297784,226.8400789299696,86.66422650516537,88.85391452247688,4,2018,6,2,1.2246467991473532e-16,-1.0,0,0.2078571428571429,0,25.63888888888889,0,0.421111111111111,0.3775,0.428888888888889,0.40625,0.54,0.4091666666666667,0.027698497975969353,0.40854166666666664,0.03686203737427512,-0.007777777777777994,0.014861111111110992,0.1883333333333333,0.1855555555555555,25.68584656084656,26.15190476190476,105.08521138746752,-0.0056949758120247,298.5739335871213,85.40568132403492,88.71144333046914
2018-07-01,guayas,Guayas,Maracuya,0.761538461538462,13.8723076923077,1,1,1,0.2075,1.0,0.2977103638888889,6,23.231666666666666,20.825,3,3.0,24.293361240415003,22.5,61,104.45505820734898,0.0014837316355855,-0.0276448854489159,-0.0148039857921836,210.22108043316845,90.81054678737638,89.80251354209749,0,2018,7,3,-0.4999999999999997,-0.8660254037844388,0,0.2075,0,23.231666666666666,0,0.664615384615385,0.723076923076923,0.638333333333334,0.52,0.734615384615385,0.6753418803418807,0.04337813139803643,0.6319025419025421,0.06686194512018756,0.026282051282051078,0.14461538461538503,0.1925,0.1899999999999999,22.88347222222222,23.031111111111112,104.30030454589304,-0.0074692416869238,226.8400789299696,86.66422650516537,88.85391452247688
2018-07-01,manabi,Manabí,Maracuya,0.387777777777778,7.11111111111111,1,1,1,0.30313525,1.0,0.2977103638888889,6,22.930833333333336,21.5425,3,3.0,24.293361240415003,22.5,61,104.45505820734898,0.0014837316355855,-0.0276448854489159,-0.0148039857921836,210.22108043316845,90.81054678737638,89.80251354209749,2,2018,7,3,-0.4999999999999997,-0.8660254037844388,0,0.30313525,0,22.930833333333336,0,0.30625,0.304285714285714,0.28375,0.265555555555556,0.418888888888889,0.29809523809523814,0.012462102414865263,0.32116402116402115,0.05326485421268159,0.02250000000000002,0.04069444444444403,0.2700524285714286,0.26168938148148146,23.014166666666668,20.604166666666664,104.30030454589304,-0.0074692416869238,226.8400789299696,86.66422650516537,88.85391452247688
2018-07-01,santo domingo de los tsachilas,Santo Domingo De Los Tsáchilas,Maracuya,0.51,9.33444444444444,1,1,1,0.215,1.0,0.2977103638888889,6,25.383333333333336,22.6,3,3.0,24.293361240415003,22.5,61,104.45505820734898,0.0014837316355855,-0.0276448854489159,-0.0148039857921836,210.22108043316845,90.81054678737638,89.80251354209749,4,2018,7,3,-0.4999999999999997,-0.8660254037844388,0,0.215,0,25.383333333333336,0,0.37375,0.421111111111111,0.3775,0.3575,0.50625,0.390787037037037,0.026328268578446314,0.403125,0.039555570185699294,-0.0037499999999999756,0.016250000000000042,0.2078571428571429,0.1774074074074074,25.63888888888889,25.87041666666667,104.30030454589304,-0.0074692416869238,226.8400789299696,86.66422650516537,88.85391452247688
2018-08-01,guayas,Guayas,Maracuya,0.540769230769231,9.87076923076923,1,1,1,0.184,1.0,0.2638137699215296,6,23.273818181818182,21.041000000000004,3,3.0,24.552791612758828,22.7,61,105.25029859212243,0.0076132300189317,-0.0209302069346136,-0.0073034619222848,229.80295573121,92.09545845145172,89.98197905979633,0,2018,8,3,-0.8660254037844385,-0.5000000000000004,0,0.184,0,23.273818181818182,0,0.761538461538462,0.664615384615385,0.723076923076923,0.611818181818182,0.558571428571429,0.7164102564102567,0.048804242063498024,0.6721589521589525,0.05815912637150061,0.0384615384615391,0.14972027972028001,0.2075,0.198,23.231666666666666,23.866666666666664,104.45505820734898,0.0014837316355855,210.22108043316845,90.81054678737638,89.80251354209749
2018-08-01,manabi,Manabí,Maracuya,0.315,5.75,1,1,1,0.3651401874999999,1.0,0.2638137699215296,6,24.514925925925926,21.392000000000003,3,3.0,24.552791612758828,22.7,61,105.25029859212243,0.0076132300189317,-0.0209302069346136,-0.0073034619222848,229.80295573121,92.09545845145172,89.98197905979633,2,2018,8,3,-0.8660254037844385,-0.5000000000000004,0,0.3651401874999999,0,24.514925925925926,0,0.387777777777778,0.30625,0.304285714285714,0.357142857142857,0.287142857142857,0.3327711640211641,0.04764724831843664,0.3415343915343915,0.05107074046889014,0.083492063492064,0.030634920634921015,0.30313525,0.1837183333333333,22.930833333333336,23.0975,104.45505820734898,0.0014837316355855,210.22108043316845,90.81054678737638,89.80251354209749
2018-08-01,santo domingo de los tsachilas,Santo Domingo De Los Tsáchilas,Maracuya,0.383333333333333,7.05555555555556,1,1,1,0.2146153846153846,1.0,0.2638137699215296,6,26.666666666666668,24.0,3,3.0,24.552791612758828,22.7,61,105.25029859212243,0.0076132300189317,-0.0209302069346136,-0.0073034619222848,229.80295573121,92.09545845145172,89.98197905979633,4,2018,8,3,-0.8660254037844385,-0.5000000000000004,0,0.2146153846153846,0,26.666666666666668,0,0.51,0.37375,0.421111111111111,0.46,0.404,0.4349537037037037,0.06917173304366922,0.42854166666666665,0.05155152567463425,0.08888888888888902,0.04999999999999999,0.215,0.1883333333333333,25.383333333333336,25.68584656084656,104.45505820734898,0.0014837316355855,210.22108043316845,90.81054678737638,89.80251354209749
2018-09-01,guayas,Guayas,Maracuya,0.533076923076923,9.76923076923077,1,1,1,0.21,1.0,0.27835359374999996,6,23.52259259259259,21.256666666666668,3,3.0,24.753796956231383,22.532,61,105.57672965391588,0.0031014739735653,-0.0110107317955923,-0.0042246394457884,296.07947433828224,93.79957575986728,90.04183365111473,0,2018,9,3,-1.0,-1.8369701987210297e-16,0,0.21,0,23.52259259259259,0,0.540769230769231,0.761538461538462,0.664615384615385,0.633571428571429,0.467692307692308,0.655641025641026,0.11065788563342413,0.6603174603174607,0.07706275968175444,-0.12384615384615405,-0.092802197802198,0.184,0.1925,23.273818181818182,22.88347222222222,105.25029859212243,0.0076132300189317,229.80295573121,92.09545845145172,89.98197905979633
2018-09-01,manabi,Manabí,Maracuya,0.335,6.125,1,1,1,0.2411303124999999,1.0,0.27835359374999996,6,25.290666666666667,21.372,3,3.0,24.753796956231383,22.532,61,105.57672965391588,0.0031014739735653,-0.0110107317955923,-0.0042246394457884,296.07947433828224,93.79957575986728,90.04183365111473,2,2018,9,3,-1.0,-1.8369701987210297e-16,0,0.2411303124999999,0,25.290666666666667,0,0.315,0.387777777777778,0.30625,0.41,0.27,0.33634259259259275,0.044758511271887375,0.334510582010582,0.05139172889540277,0.00874999999999998,-0.09499999999999997,0.3651401874999999,0.2700524285714286,24.514925925925926,23.014166666666668,105.25029859212243,0.0076132300189317,229.80295573121,92.09545845145172,89.98197905979633
2018-09-01,santo domingo de los tsachilas,Santo Domingo De Los Tsáchilas,Maracuya,0.57125,10.4775,1,1,1,0.2656249999999999,1.0,0.27835359374999996,6,25.93511904761905,22.77142857142857,3,3.0,24.753796956231383,22.532,61,105.57672965391588,0.0031014739735653,-0.0110107317955923,-0.0042246394457884,296.07947433828224,93.79957575986728,90.04183365111473,4,2018,9,3,-1.0,-1.8369701987210297e-16,0,0.2656249999999999,0,25.93511904761905,0,0.383333333333333,0.51,0.37375,0.428888888888889,0.3675,0.422361111111111,0.07604861079405073,0.4157638888888888,0.05169591092910418,0.009583333333333,-0.04555555555555596,0.2146153846153846,0.2078571428571429,26.666666666666668,25.63888888888889,105.25029859212243,0.0076132300189317,229.80295573121,92.09545845145172,89.98197905979633
2018-10-01,guayas,Guayas,Maracuya,0.873076923076923,15.9484615384615,1,1,1,0.2699999999999999,1.0,0.376104285866013,6,23.946818181818184,21.40636363636364,3,3.0,24.569722249740998,22.53035714285714,60,105.76644817205488,0.0017969728628732,-0.0045803069717149,-0.0024352581453545,273.54630633973073,92.7483807967459,89.02708539962859,0,2018,10,4,-0.8660254037844386,0.5000000000000001,0,0.2699999999999999,0,23.946818181818184,0,0.533076923076923,0.540769230769231,0.761538461538462,0.638333333333334,0.456923076923077,0.6117948717948719,0.12973877562772318,0.6435683760683762,0.09325766221908262,-0.22846153846153905,-0.10525641025641097,0.21,0.2075,23.52259259259259,23.231666666666666,105.57672965391588,0.0031014739735653,296.07947433828224,93.79957575986728,90.04183365111473
2018-10-01,manabi,Manabí,Maracuya,0.452857142857143,8.28571428571429,1,1,1,0.3536577916666666,1.0,0.376104285866013,6,20.766666666666666,20.766666666666666,2,2.0,24.569722249740998,22.53035714285714,60,105.76644817205488,0.0017969728628732,-0.0045803069717149,-0.0024352581453545,273.54630633973073,92.7483807967459,89.02708539962859,2,2018,10,4,-0.8660254037844386,0.5000000000000001,0,0.3536577916666666,0,20.766666666666666,0,0.335,0.315,0.387777777777778,0.28375,0.328571428571429,0.34592592592592614,0.03759897774636912,0.322010582010582,0.03624813456132667,-0.05277777777777798,0.05125000000000002,0.2411303124999999,0.30313525,25.290666666666667,22.930833333333336,105.57672965391588,0.0031014739735653,296.07947433828224,93.79957575986728,90.04183365111473
2018-10-01,santo domingo de los tsachilas,Santo Domingo De Los Tsáchilas,Maracuya,0.592222222222222,10.85,1,1,1,0.3070588235294118,1.0,0.376104285866013,6,25.80119047619048,22.808333333333337,3,3.0,24.569722249740998,22.53035714285714,60,105.76644817205488,0.0017969728628732,-0.0045803069717149,-0.0024352581453545,273.54630633973073,92.7483807967459,89.02708539962859,4,2018,10,4,-0.8660254037844386,0.5000000000000001,0,0.3070588235294118,0,25.80119047619048,0,0.57125,0.383333333333333,0.51,0.3775,0.398888888888889,0.4881944444444444,0.09583725837373362,0.4394907407407406,0.08244782612611194,0.06125000000000003,0.19375000000000003,0.2656249999999999,0.215,25.93511904761905,25.383333333333336,105.57672965391588,0.0031014739735653,296.07947433828224,93.79957575986728,90.04183365111473
2018-11-01,guayas,Guayas,Maracuya,0.7275,13.25,1,1,1,0.24,1.0,0.34161942361111114,6,24.513924501424498,21.46538461538461,3,3.0,25.07259940499817,23.02547619047619,60,105.60910941943288,-0.0014876055246371,0.0007723687106797,-0.0039192409665207,301.05261294110267,91.75352677174894,87.74584078250196,0,2018,11,4,-0.5000000000000004,0.8660254037844384,0,0.24,0,24.513924501424498,0,0.873076923076923,0.533076923076923,0.540769230769231,0.723076923076923,0.585,0.648974358974359,0.19411662043064762,0.6826923076923078,0.13186935438993758,0.33230769230769197,0.15000000000000002,0.2699999999999999,0.184,23.946818181818184,23.273818181818182,105.76644817205488,0.0017969728628732,273.54630633973073,92.7483807967459,89.02708539962859
2018-11-01,manabi,Manabí,Maracuya,0.42375,7.75,1,1,1,0.3077282083333333,1.0,0.34161942361111114,6,20.983333333333334,20.983333333333334,2,2.0,25.07259940499817,23.02547619047619,60,105.60910941943288,-0.0014876055246371,0.0007723687106797,-0.0039192409665207,301.05261294110267,91.75352677174894,87.74584078250196,2,2018,11,4,-0.5000000000000004,0.8660254037844384,0,0.3077282083333333,0,20.983333333333334,0,0.452857142857143,0.335,0.315,0.304285714285714,0.321428571428571,0.36761904761904773,0.07449261480082361,0.3501951058201058,0.05909379383868795,0.137857142857143,0.14857142857142902,0.3536577916666666,0.3651401874999999,20.766666666666666,24.514925925925926,105.76644817205488,0.0017969728628732,273.54630633973073,92.7483807967459,89.02708539962859
2018-11-01,santo domingo de los tsachilas,Santo Domingo De Los Tsáchilas,Maracuya,0.53375,9.77125,1,1,1,0.33,1.0,0.34161942361111114,6,25.858730158730157,22.941666666666663,3,3.0,25.07259940499817,23.02547619047619,60,105.60910941943288,-0.0014876055246371,0.0007723687106797,-0.0039192409665207,301.05261294110267,91.75352677174894,87.74584078250196,4,2018,11,4,-0.5000000000000004,0.8660254037844384,0,0.33,0,25.858730158730157,0,0.592222222222222,0.57125,0.383333333333333,0.421111111111111,0.4225,0.5156018518518517,0.11502686325180059,0.47527777777777763,0.09569535155190026,0.20888888888888896,0.171111111111111,0.3070588235294118,0.2146153846153846,25.80119047619048,26.666666666666668,105.76644817205488,0.0017969728628732,273.54630633973073,92.7483807967459,89.02708539962859
2018-12-01,guayas,Guayas,Maracuya,0.604166666666667,11.0,1,1,1,0.2425,1.0,0.3781627777777778,6,25.281000000000002,22.660000000000004,3,3.0,25.63246794849049,23.625,61,105.32196180017738,-0.002718966392521,-0.0066275510745695,-0.0066275510745695,375.0199531882431,90.50113412123255,88.335671121338,0,2018,12,4,-2.4492935982947064e-16,1.0,0,0.2425,0,25.281000000000002,0,0.7275,0.873076923076923,0.533076923076923,0.664615384615385,0.613846153846154,0.7112179487179486,0.17058378848959688,0.6834294871794873,0.1321523247352799,0.19442307692307703,0.06288461538461498,0.24,0.21,24.513924501424498,23.52259259259259,105.60910941943288,-0.0014876055246371,301.05261294110267,91.75352677174894,87.74584078250196
2018-12-01,manabi,Manabí,Maracuya,0.351428571428571,6.42857142857143,1,1,1,0.3781627777777778,0.0,0.3781627777777778,6,25.127499999999998,22.2325,3,3.0,25.63246794849049,23.625,61,105.32196180017738,-0.002718966392521,-0.0066275510745695,-0.0066275510745695,375.0199531882431,90.50113412123255,88.335671121338,2,2018,12,4,-2.4492935982947064e-16,1.0,1,0.3781627777777778,0,25.127499999999998,0,0.42375,0.452857142857143,0.335,0.30625,0.29375,0.4038690476190478,0.06139231003385065,0.3701058201058202,0.06063730422405002,0.08875,0.1175,0.3077282083333333,0.2411303124999999,20.983333333333334,25.290666666666667,105.60910941943288,-0.0014876055246371,301.05261294110267,91.75352677174894,87.74584078250196
2018-12-01,santo domingo de los tsachilas,Santo Domingo De Los Tsáchilas,Maracuya,0.45,8.26142857142857,1,1,1,0.2816666666666667,1.0,0.3781627777777778,6,26.953511904761907,23.90428571428572,3,3.0,25.63246794849049,23.625,61,105.32196180017738,-0.002718966392521,-0.0066275510745695,-0.0066275510745695,375.0199531882431,90.50113412123255,88.335671121338,4,2018,12,4,-2.4492935982947064e-16,1.0,0,0.2816666666666667,0,26.953511904761907,0,0.53375,0.592222222222222,0.57125,0.37375,0.40625,0.5657407407407407,0.029622865257964044,0.4940509259259258,0.09397700568615946,-0.03750000000000009,0.15999999999999992,0.33,0.2656249999999999,25.858730158730157,25.93511904761905,105.60910941943288,-0.0014876055246371,301.05261294110267,91.75352677174894,87.74584078250196
2019-01-01,guayas,Guayas,Maracuya,0.801538461538462,14.6153846153846,1,1,1,0.265,1.0,0.40516357261904756,5,25.181996635610773,22.36304347826087,3,3.0,25.737087529148287,23.625,63,106.52855122151963,0.0114561996445856,0.0039910064938233,0.0114561996445856,302.1040429874755,93.02867686285488,91.73969865733244,0,2019,1,1,0.49999999999999994,0.8660254037844387,0,0.265,0,25.181996635610773,0,0.604166666666667,0.7275,0.873076923076923,0.761538461538462,0.52,0.7349145299145299,0.13460836876304358,0.6733547008547011,0.1361181846838318,-0.268910256410256,-0.1573717948717951,0.2425,0.2699999999999999,25.281000000000002,23.946818181818184,105.32196180017738,-0.002718966392521,375.0199531882431,90.50113412123255,88.335671121338
2019-01-01,manabi,Manabí,Maracuya,0.52125,9.5,1,1,1,0.40516357261904756,0.0,0.40516357261904756,5,24.494444444444444,22.488333333333333,3,3.0,25.737087529148287,23.625,63,106.52855122151963,0.0114561996445856,0.0039910064938233,0.0114561996445856,302.1040429874755,93.02867686285488,91.73969865733244,2,2019,1,1,0.49999999999999994,0.8660254037844387,1,0.40516357261904756,0,24.494444444444444,0,0.351428571428571,0.42375,0.452857142857143,0.387777777777778,0.265555555555556,0.4093452380952381,0.05222606293470541,0.37763558201058206,0.0535079494813817,-0.10142857142857203,-0.03634920634920702,0.3781627777777778,0.3536577916666666,25.127499999999998,20.766666666666666,105.32196180017738,-0.002718966392521,375.0199531882431,90.50113412123255,88.335671121338
2019-01-01,santo domingo de los tsachilas,Santo Domingo De Los Tsáchilas,Maracuya,0.574444444444444,10.5377777777778,1,1,1,0.3816666666666666,1.0,0.40516357261904756,5,27.400992063492065,24.557142857142857,3,3.0,25.737087529148287,23.625,63,106.52855122151963,0.0114561996445856,0.0039910064938233,0.0114561996445856,302.1040429874755,93.02867686285488,91.73969865733244,4,2019,1,1,0.49999999999999994,0.8660254037844387,0,0.3816666666666666,0,27.400992063492065,0,0.45,0.53375,0.592222222222222,0.51,0.3575,0.525324074074074,0.07148452485845955,0.5067592592592591,0.07830395758620627,-0.14222222222222197,-0.06,0.2816666666666667,0.3070588235294118,26.953511904761907,25.80119047619048,105.32196180017738,-0.002718966392521,375.0199531882431,90.50113412123255,88.335671121338
2019-02-01,guayas,Guayas,Maracuya,0.789166666666667,14.3891666666667,1,1,1,0.27,1.0,0.4031805428571428,5,25.18171666666667,22.52875,3,3.0,25.784362199952174,23.875,61,106.36502853382572,-0.0015350127812577,-0.0010893253853077,0.0099036014504487,352.05299423586195,90.66036068855564,91.14905171803656,0,2019,2,1,0.8660254037844386,0.5000000000000001,0,0.27,0,25.18171666666667,0,0.801538461538462,0.604166666666667,0.7275,0.540769230769231,0.611818181818182,0.7110683760683764,0.09970659482452117,0.6800213675213677,0.14214699096086628,0.07403846153846194,0.260769230769231,0.265,0.24,25.181996635610773,24.513924501424498,106.52855122151963,0.0114561996445856,302.1040429874755,93.02867686285488,91.73969865733244
2019-02-01,manabi,Manabí,Maracuya,0.48,8.75,1,1,1,0.4031805428571428,0.0,0.4031805428571428,5,25.224444444444444,22.85,3,3.0,25.784362199952174,23.875,61,106.36502853382572,-0.0015350127812577,-0.0010893253853077,0.0099036014504487,352.05299423586195,90.66036068855564,91.14905171803656,2,2019,2,1,0.8660254037844386,0.5000000000000001,1,0.4031805428571428,0,25.224444444444444,0,0.52125,0.351428571428571,0.42375,0.315,0.357142857142857,0.4321428571428571,0.08522123819081398,0.39988095238095234,0.07983558253119952,0.09749999999999998,0.20625,0.40516357261904756,0.3077282083333333,24.494444444444444,20.983333333333334,106.52855122151963,0.0114561996445856,302.1040429874755,93.02867686285488,91.73969865733244
2019-02-01,santo domingo de los tsachilas,Santo Domingo De Los Tsáchilas,Maracuya,0.54375,9.9375,1,1,1,0.3199999999999999,1.0,0.4031805428571428,5,27.526071428571427,25.125714285714285,3,3.0,25.784362199952174,23.875,61,106.36502853382572,-0.0015350127812577,-0.0010893253853077,0.0099036014504487,352.05299423586195,90.66036068855564,91.14905171803656,4,2019,2,1,0.8660254037844386,0.5000000000000001,0,0.3199999999999999,0,27.526071428571427,0,0.574444444444444,0.45,0.53375,0.383333333333333,0.46,0.519398148148148,0.06345145133845069,0.5174999999999998,0.0831097463494592,0.04069444444444403,0.19111111111111095,0.3816666666666666,0.33,27.400992063492065,25.858730158730157,106.52855122151963,0.0114561996445856,302.1040429874755,93.02867686285488,91.73969865733244
2019-03-01,guayas,Guayas,Maracuya,0.810833333333333,14.8333333333333,1,1,1,0.2783333333333333,1.0,0.4016785166666666,5,25.100555555555555,22.325000000000003,3,3.0,25.96278294516362,24.03846153846154,62,105.97816126592777,-0.0036371660237455,-0.0105081203399637,0.0062304143839948,315.04345609191915,91.25018103400063,93.05374005886844,0,2019,3,1,1.0,6.123233995736766e-17,0,0.2783333333333333,0,25.100555555555555,0,0.789166666666667,0.801538461538462,0.604166666666667,0.533076923076923,0.633571428571429,0.731623931623932,0.11055442605286012,0.7214209401709404,0.1290479184165485,0.18500000000000005,0.256089743589744,0.27,0.2425,25.18171666666667,25.281000000000002,106.36502853382572,-0.0015350127812577,352.05299423586195,90.66036068855564,91.14905171803656
2019-03-01,manabi,Manabí,Maracuya,0.37375,6.875,1,1,1,0.4016785166666666,0.0,0.4016785166666666,5,25.224444444444444,22.85,3,3.0,25.96278294516362,24.03846153846154,62,105.97816126592777,-0.0036371660237455,-0.0105081203399637,0.0062304143839948,315.04345609191915,91.25018103400063,93.05374005886844,2,2019,3,1,1.0,6.123233995736766e-17,1,0.4016785166666666,0,25.224444444444444,0,0.48,0.52125,0.351428571428571,0.335,0.41,0.45089285714285704,0.08857340867602273,0.42738095238095236,0.0728634159297593,0.128571428571429,0.14499999999999996,0.4031805428571428,0.3781627777777778,25.224444444444444,25.127499999999998,106.36502853382572,-0.0015350127812577,352.05299423586195,90.66036068855564,91.14905171803656
2019-03-01,santo domingo de los tsachilas,Santo Domingo De Los Tsáchilas,Maracuya,0.501428571428571,9.19,1,1,1,0.3559999999999999,1.0,0.4016785166666666,5,27.045333333333332,24.676,3,3.0,25.96278294516362,24.03846153846154,62,105.97816126592777,-0.0036371660237455,-0.0105081203399637,0.0062304143839948,315.04345609191915,91.25018103400063,93.05374005886844,4,2019,3,1,1.0,6.123233995736766e-17,0,0.3559999999999999,0,27.045333333333332,0,0.54375,0.574444444444444,0.45,0.57125,0.428888888888889,0.5227314814814813,0.064830074261932,0.544236111111111,0.05086373938836744,0.09374999999999994,-0.02750000000000008,0.3199999999999999,0.2816666666666667,27.526071428571427,26.953511904761907,106.36502853382572,-0.0015350127812577,352.05299423586195,90.66036068855564,91.14905171803656
2019-04-01,guayas,Guayas,Maracuya,0.822307692307692,15.0253846153846,1,1,1,0.2766666666666666,1.0,0.37595211333333334,5,24.888055555555553,22.2475,3,3.0,25.643084459515585,23.571428571428573,61,106.03578226462427,0.0005437063448565,0.0032992240998805,0.006777508244683,307.49079787531707,90.14090611015035,89.56092330719511,0,2019,4,2,0.8660254037844387,-0.4999999999999998,0,0.2766666666666666,0,24.888055555555553,0,0.810833333333333,0.789166666666667,0.801538461538462,0.873076923076923,0.638333333333334,0.8005128205128207,0.01086968563235726,0.7677136752136753,0.09266048738023616,0.009294871794870985,-0.06224358974359001,0.2783333333333333,0.265,25.100555555555555,25.181996635610773,105.97816126592777,-0.0036371660237455,315.04345609191915,91.25018103400063,93.05374005886844
2019-04-01,manabi,Manabí,Maracuya,0.4375,8.0,1,1,1,0.37595211333333334,0.0,0.37595211333333334,5,22.0,22.0,2,2.0,25.643084459515585,23.571428571428573,61,106.03578226462427,0.0005437063448565,0.0032992240998805,0.006777508244683,307.49079787531707,90.14090611015035,89.56092330719511,2,2019,4,2,0.8660254037844387,-0.4999999999999998,1,0.37595211333333334,0,22.0,0,0.37375,0.48,0.52125,0.452857142857143,0.28375,0.4583333333333334,0.07609957840443814,0.4338392857142857,0.06424510125850066,-0.14749999999999996,-0.07910714285714299,0.4016785166666666,0.40516357261904756,25.224444444444444,24.494444444444444,105.97816126592777,-0.0036371660237455,315.04345609191915,91.25018103400063,93.05374005886844
2019-04-01,santo domingo de los tsachilas,Santo Domingo De Los Tsáchilas,Maracuya,0.482222222222222,8.81444444444444,1,1,1,0.2383333333333333,1.0,0.37595211333333334,5,26.952301587301587,24.17,3,3.0,25.643084459515585,23.571428571428573,61,106.03578226462427,0.0005437063448565,0.0032992240998805,0.006777508244683,307.49079787531707,90.14090611015035,89.56092330719511,4,2019,4,2,0.8660254037844387,-0.4999999999999998,0,0.2383333333333333,0,26.952301587301587,0,0.501428571428571,0.54375,0.574444444444444,0.592222222222222,0.3775,0.5398743386243384,0.036661901088086465,0.5325992063492062,0.05143117706019158,-0.07301587301587298,-0.09079365079365098,0.3559999999999999,0.3816666666666666,27.045333333333332,27.400992063492065,105.97816126592777,-0.0036371660237455,315.04345609191915,91.25018103400063,93.05374005886844
2019-05-01,guayas,Guayas,Maracuya,0.836923076923077,15.2307692307692,1,1,1,0.255,1.0,0.37233275555555556,5,24.599999999999998,21.675,3,3.0,25.657207375363544,23.75,61,105.5418112743122,-0.0046585311086715,0.0043450441866754,0.0020874039030143,295.1248544439688,88.10622470093224,89.54297254970264,0,2019,5,2,0.49999999999999994,-0.8660254037844387,0,0.255,0,24.599999999999998,0,0.822307692307692,0.810833333333333,0.789166666666667,0.7275,0.723076923076923,0.8074358974358974,0.016829700625463354,0.7592521367521368,0.08292084962308038,0.033141025641024946,0.09480769230769193,0.2766666666666666,0.27,24.888055555555553,25.18171666666667,106.03578226462427,0.0005437063448565,307.49079787531707,90.14090611015035,89.56092330719511
2019-05-01,manabi,Manabí,Maracuya,0.405714285714286,7.42857142857143,1,1,1,0.37233275555555556,0.0,0.37233275555555556,5,22.15,22.15,2,2.0,25.657207375363544,23.75,61,105.5418112743122,-0.0046585311086715,0.0043450441866754,0.0020874039030143,295.1248544439688,88.10622470093224,89.54297254970264,2,2019,5,2,0.49999999999999994,-0.8660254037844387,1,0.37233275555555556,0,22.15,0,0.4375,0.37375,0.48,0.42375,0.304285714285714,0.4304166666666667,0.05347799391650022,0.43127976190476175,0.06363895056419679,-0.04249999999999998,0.013749999999999984,0.37595211333333334,0.4031805428571428,22.0,25.224444444444444,106.03578226462427,0.0005437063448565,307.49079787531707,90.14090611015035,89.56092330719511
2019-05-01,santo domingo de los tsachilas,Santo Domingo De Los Tsáchilas,Maracuya,0.586666666666667,10.7222222222222,1,1,1,0.3175,1.0,0.37233275555555556,5,26.669861111111114,23.77,3,3.0,25.657207375363544,23.75,61,105.5418112743122,-0.0046585311086715,0.0043450441866754,0.0020874039030143,295.1248544439688,88.10622470093224,89.54297254970264,4,2019,5,2,0.49999999999999994,-0.8660254037844387,0,0.3175,0,26.669861111111114,0,0.482222222222222,0.501428571428571,0.54375,0.53375,0.421111111111111,0.5091335978835977,0.03147923814315561,0.5142658730158729,0.0451488642387683,-0.06152777777777796,-0.05152777777777795,0.2383333333333333,0.3199999999999999,26.952301587301587,27.526071428571427,106.03578226462427,0.0005437063448565,307.49079787531707,90.14090611015035,89.56092330719511
2019-06-01,guayas,Guayas,Maracuya,0.915384615384616,16.6669230769231,1,1,1,0.285,1.0,0.40186740555555556,5,24.724166666666665,22.05,3,3.0,25.801735226466146,23.75,62,104.88858111890404,-0.0061893021118459,0.0056402191304452,-0.0041148177822168,261.4060652865648,92.7,93.28674845493016,0,2019,6,2,1.2246467991473532e-16,-1.0,0,0.285,0,24.724166666666665,0,0.836923076923077,0.822307692307692,0.810833333333333,0.604166666666667,0.664615384615385,0.8233547008547006,0.013076346979101242,0.7774893162393163,0.08649664152542962,0.02608974358974403,0.23275641025641003,0.255,0.2783333333333333,24.599999999999998,25.100555555555555,105.5418112743122,-0.0046585311086715,295.1248544439688,88.10622470093224,89.54297254970264
2019-06-01,manabi,Manabí,Maracuya,0.42,7.71428571428571,1,1,1,0.40186740555555556,0.0,0.40186740555555556,5,22.65833333333333,22.65833333333333,2,2.0,25.801735226466146,23.75,62,104.88858111890404,-0.0061893021118459,0.0056402191304452,-0.0041148177822168,261.4060652865648,92.7,93.28674845493016,2,2019,6,2,1.2246467991473532e-16,-1.0,1,0.40186740555555556,0,22.65833333333333,0,0.405714285714286,0.4375,0.37375,0.351428571428571,0.30625,0.40565476190476213,0.031875041683311296,0.42827380952380945,0.0644860634629925,0.031964285714286,0.05428571428571505,0.37233275555555556,0.4016785166666666,22.15,25.224444444444444,105.5418112743122,-0.0046585311086715,295.1248544439688,88.10622470093224,89.54297254970264
2019-06-01,santo domingo de los tsachilas,Santo Domingo De Los Tsáchilas,Maracuya,0.45625,8.375,1,1,1,0.365,1.0,0.40186740555555556,5,26.885416666666668,24.05,3,3.0,25.801735226466146,23.75,62,104.88858111890404,-0.0061893021118459,0.0056402191304452,-0.0041148177822168,261.4060652865648,92.7,93.28674845493016,4,2019,6,2,1.2246467991473532e-16,-1.0,0,0.365,0,26.885416666666668,0,0.586666666666667,0.482222222222222,0.501428571428571,0.45,0.37375,0.5234391534391533,0.0555923536483362,0.5230853174603173,0.05401416078276719,0.085238095238096,0.136666666666667,0.3175,0.3559999999999999,26.669861111111114,27.045333333333332,105.5418112743122,-0.0046585311086715,295.1248544439688,88.10622470093224,89.54297254970264
2019-07-01,guayas,Guayas,Maracuya,0.876153846153846,15.9746153846154,1,1,1,0.3,1.0,0.3933131268518519,6,24.80666666666666,22.45833333333333,3,3.0,25.733203963793564,23.64030303030304,63,105.43327776789651,0.0051930976964498,0.0093649802827711,0.0010569112634868,229.0259267118532,92.69350742726668,93.19658319319215,0,2019,7,3,-0.4999999999999997,-0.8660254037844388,0,0.3,0,24.80666666666666,0,0.915384615384616,0.836923076923077,0.822307692307692,0.801538461538462,0.761538461538462,0.8582051282051282,0.05005519635807945,0.8293589743589744,0.04525472140380602,0.09307692307692406,0.11384615384615404,0.285,0.2766666666666666,24.724166666666665,24.888055555555553,104.88858111890404,-0.0061893021118459,261.4060652865648,92.7,93.28674845493016
2019-07-01,manabi,Manabí,Maracuya,0.448888888888889,8.22222222222222,1,1,1,0.3435532833333333,1.0,0.3933131268518519,6,24.841190476190476,23.1,3,3.0,25.733203963793564,23.64030303030304,63,105.43327776789651,0.0051930976964498,0.0093649802827711,0.0010569112634868,229.0259267118532,92.69350742726668,93.19658319319215,2,2019,7,3,-0.4999999999999997,-0.8660254037844388,0,0.3435532833333333,0,24.841190476190476,0,0.42,0.405714285714286,0.4375,0.52125,0.387777777777778,0.42107142857142876,0.01591992077715595,0.43970238095238096,0.05323880866717449,-0.017500000000000016,-0.10125,0.40186740555555556,0.37595211333333334,22.65833333333333,22.0,104.88858111890404,-0.0061893021118459,261.4060652865648,92.7,93.28674845493016
2019-07-01,santo domingo de los tsachilas,Santo Domingo De Los Tsáchilas,Maracuya,0.561111111111111,10.3166666666667,1,1,1,0.3366666666666666,1.0,0.3933131268518519,6,26.939619047619047,24.656,3,3.0,25.733203963793564,23.64030303030304,63,105.43327776789651,0.0051930976964498,0.0093649802827711,0.0010569112634868,229.0259267118532,92.69350742726668,93.19658319319215,4,2019,7,3,-0.4999999999999997,-0.8660254037844388,0,0.3366666666666666,0,26.939619047619047,0,0.45625,0.586666666666667,0.482222222222222,0.574444444444444,0.51,0.5083796296296297,0.06903103800335082,0.524126984126984,0.052357680316095924,-0.025972222222222008,-0.11819444444444399,0.365,0.2383333333333333,26.885416666666668,26.952301587301587,104.88858111890404,-0.0061893021118459,261.4060652865648,92.7,93.28674845493016
2019-08-01,guayas,Guayas,Maracuya,0.745714285714286,13.6428571428571,1,1,1,0.255,1.0,0.3154565171296296,6,24.790555555555557,22.375000000000004,3,3.0,25.71081295853017,23.87166666666667,61,105.2203754573183,-0.0020193084677392,-0.000284304512238,-0.0009645314341164,279.30522448364337,91.16784068602642,92.447899447287,0,2019,8,3,-0.8660254037844385,-0.5000000000000004,0,0.255,0,24.790555555555557,0,0.876153846153846,0.915384615384616,0.836923076923077,0.789166666666667,0.540769230769231,0.8761538461538462,0.039230769230770686,0.8417948717948717,0.04632023071869514,0.03923076923076896,0.08698717948717893,0.3,0.255,24.80666666666666,24.599999999999998,105.43327776789651,0.0051930976964498,229.0259267118532,92.69350742726668,93.19658319319215
2019-08-01,manabi,Manabí,Maracuya,0.3275,6.0,1,1,1,0.3481462416666666,1.0,0.3154565171296296,6,25.24,22.991666666666664,3,3.0,25.71081295853017,23.87166666666667,61,105.2203754573183,-0.0020193084677392,-0.000284304512238,-0.0009645314341164,279.30522448364337,91.16784068602642,92.447899447287,2,2019,8,3,-0.8660254037844385,-0.5000000000000004,0,0.3481462416666666,0,25.24,0,0.448888888888889,0.42,0.405714285714286,0.48,0.315,0.42486772486772506,0.021995059646700604,0.42764219576719587,0.03669752879153114,0.04317460317460298,-0.03111111111111098,0.3435532833333333,0.37233275555555556,24.841190476190476,22.15,105.43327776789651,0.0051930976964498,229.0259267118532,92.69350742726668,93.19658319319215
2019-08-01,santo domingo de los tsachilas,Santo Domingo De Los Tsáchilas,Maracuya,0.49,8.99888888888889,1,1,1,0.28,1.0,0.3154565171296296,6,26.803222222222228,24.07,3,3.0,25.71081295853017,23.87166666666667,61,105.2203754573183,-0.0020193084677392,-0.000284304512238,-0.0009645314341164,279.30522448364337,91.16784068602642,92.447899447287,4,2019,8,3,-0.8660254037844385,-0.5000000000000004,0,0.28,0,26.803222222222228,0,0.561111111111111,0.45625,0.586666666666667,0.54375,0.383333333333333,0.534675925925926,0.06911035376803848,0.5219047619047618,0.05002595855505764,-0.025555555555555998,0.01736111111111105,0.3366666666666666,0.3175,26.939619047619047,26.669861111111114,105.43327776789651,0.0051930976964498,229.0259267118532,92.69350742726668,93.19658319319215
2019-09-01,guayas,Guayas,Maracuya,0.69,12.6116666666667,1,1,1,0.235,1.0,0.2752386185897435,6,25.072083333333335,22.84125,3,3.0,25.887690948562813,23.90625,64,105.20432183319258,-0.0001525714392858,-0.0035273665129054,-0.001116955713453,268.3937523002859,91.68066500848649,93.654518292222,0,2019,9,3,-1.0,-1.8369701987210297e-16,0,0.235,0,25.072083333333335,0,0.745714285714286,0.876153846153846,0.915384615384616,0.810833333333333,0.533076923076923,0.8457509157509159,0.08882712888202428,0.8345528083028083,0.058094552264390004,-0.16967032967033002,-0.06511904761904697,0.255,0.285,24.790555555555557,24.724166666666665,105.2203754573183,-0.0020193084677392,279.30522448364337,91.16784068602642,92.447899447287
2019-09-01,manabi,Manabí,Maracuya,0.18,5.5,1,1,1,0.1780654615384615,1.0,0.2752386185897435,6,25.227500000000003,23.1625,3,3.0,25.887690948562813,23.90625,64,105.20432183319258,-0.0001525714392858,-0.0035273665129054,-0.001116955713453,268.3937523002859,91.68066500848649,93.654518292222,2,2019,9,3,-1.0,-1.8369701987210297e-16,0,0.1780654615384615,0,25.227500000000003,0,0.3275,0.448888888888889,0.42,0.37375,0.335,0.39879629629629637,0.06341146090798974,0.40222552910052917,0.045043581428111254,-0.09249999999999997,-0.04625000000000001,0.3481462416666666,0.40186740555555556,25.24,22.65833333333333,105.2203754573183,-0.0020193084677392,279.30522448364337,91.16784068602642,92.447899447287
2019-09-01,santo domingo de los tsachilas,Santo Domingo De Los Tsáchilas,Maracuya,0.502857142857143,8.04571428571428,1,1,1,0.2683333333333333,1.0,0.2752386185897435,6,27.370416666666667,25.21333333333333,3,3.0,25.887690948562813,23.90625,64,105.20432183319258,-0.0001525714392858,-0.0035273665129054,-0.001116955713453,268.3937523002859,91.68066500848649,93.654518292222,4,2019,9,3,-1.0,-1.8369701987210297e-16,0,0.2683333333333333,0,27.370416666666667,0,0.49,0.561111111111111,0.45625,0.501428571428571,0.57125,0.5024537037037037,0.05352834957123229,0.5129464285714285,0.05014413551923478,0.03375,-0.01142857142857101,0.28,0.365,26.803222222222228,26.885416666666668,105.2203754573183,-0.0020193084677392,279.30522448364337,91.16784068602642,92.447899447287
2019-10-01,guayas,Guayas,Maracuya,0.698571428571429,12.7378571428571,1,1,1,0.2325,1.0,0.3176461371428571,5,24.899285714285714,22.54285714285714,3,3.0,25.796194465626797,24.0525,64,106.29587993373224,0.0103756013205462,0.00500566834594,0.0092470565199178,222.46704860374305,95.0721243139318,94.1923456929418,0,2019,10,4,-0.8660254037844386,0.5000000000000001,0,0.2325,0,24.899285714285714,0,0.69,0.745714285714286,0.876153846153846,0.822307692307692,0.873076923076923,0.7706227106227105,0.09554389479726827,0.8144139194139194,0.08339584742099153,-0.186153846153846,-0.13230769230769202,0.235,0.3,25.072083333333335,24.80666666666666,105.20432183319258,-0.0001525714392858,268.3937523002859,91.68066500848649,93.654518292222
2019-10-01,manabi,Manabí,Maracuya,0.221428571428571,6.71428571428571,1,1,1,0.3176461371428571,0.0,0.3176461371428571,5,25.105,22.95,3,3.0,25.796194465626797,24.0525,64,106.29587993373224,0.0103756013205462,0.00500566834594,0.0092470565199178,222.46704860374305,95.0721243139318,94.1923456929418,2,2019,10,4,-0.8660254037844386,0.5000000000000001,1,0.3176461371428571,0,25.105,0,0.18,0.3275,0.448888888888889,0.4375,0.452857142857143,0.3187962962962964,0.13465557725395796,0.36993386243386256,0.10243187077188717,-0.268888888888889,-0.2575,0.1780654615384615,0.3435532833333333,25.227500000000003,24.841190476190476,105.20432183319258,-0.0001525714392858,268.3937523002859,91.68066500848649,93.654518292222
2019-10-01,santo domingo de los tsachilas,Santo Domingo De Los Tsáchilas,Maracuya,0.5825,9.375,1,1,1,0.2999999999999999,1.0,0.3176461371428571,5,27.55547222222222,25.456,3,3.0,25.796194465626797,24.0525,64,106.29587993373224,0.0103756013205462,0.00500566834594,0.0092470565199178,222.46704860374305,95.0721243139318,94.1923456929418,4,2019,10,4,-0.8660254037844386,0.5000000000000001,0,0.2999999999999999,0,27.55547222222222,0,0.502857142857143,0.49,0.561111111111111,0.482222222222222,0.592222222222222,0.5179894179894181,0.037893757320625006,0.5131845238095238,0.05008186129101774,-0.058253968253968,0.020634920634921006,0.2683333333333333,0.3366666666666666,27.370416666666667,26.939619047619047,105.20432183319258,-0.0001525714392858,268.3937523002859,91.68066500848649,93.654518292222
2019-11-01,guayas,Guayas,Maracuya,0.6775,12.3608333333333,1,1,1,0.26,1.0,0.30059900854700855,6,24.951726190476194,22.925714285714285,3,3.0,25.72090018389204,24.0,63,105.14871003533604,-0.0107922329549496,-0.0043594665898406,-0.0016449728231424,381.9814930290031,88.05678357949337,93.07144350287896,0,2019,11,4,-0.5000000000000004,0.8660254037844384,0,0.26,0,24.951726190476194,0,0.698571428571429,0.69,0.745714285714286,0.836923076923077,0.7275,0.7114285714285716,0.030000000000000544,0.793791208791209,0.09547746405184017,-0.04714285714285704,-0.13835164835164804,0.2325,0.255,24.899285714285714,24.790555555555557,106.29587993373224,0.0103756013205462,222.46704860374305,95.0721243139318,94.1923456929418
2019-11-01,manabi,Manabí,Maracuya,0.221428571428571,6.71428571428571,1,1,1,0.2035033846153846,1.0,0.30059900854700855,6,21.833333333333336,21.833333333333336,2,2.0,25.72090018389204,24.0,63,105.14871003533604,-0.0107922329549496,-0.0043594665898406,-0.0016449728231424,381.9814930290031,88.05678357949337,93.07144350287896,2,2019,11,4,-0.5000000000000004,0.8660254037844384,0,0.2035033846153846,0,21.833333333333336,0,0.221428571428571,0.18,0.3275,0.405714285714286,0.42375,0.24297619047619043,0.07607422306514813,0.33392195767195765,0.11150689265926136,-0.10607142857142901,-0.18428571428571502,0.3176461371428571,0.3481462416666666,25.105,25.24,106.29587993373224,0.0103756013205462,222.46704860374305,95.0721243139318,94.1923456929418
2019-11-01,santo domingo de los tsachilas,Santo Domingo De Los Tsáchilas,Maracuya,0.67625,10.8125,1,1,1,0.305,1.0,0.30059900854700855,6,27.61097222222222,25.1,3,3.0,25.72090018389204,24.0,63,105.14871003533604,-0.0107922329549496,-0.0043594665898406,-0.0016449728231424,381.9814930290031,88.05678357949337,93.07144350287896,4,2019,11,4,-0.5000000000000004,0.8660254037844384,0,0.305,0,27.61097222222222,0,0.5825,0.502857142857143,0.49,0.586666666666667,0.53375,0.5251190476190476,0.05010745256668055,0.5298974867724869,0.05424204362998318,0.09250000000000003,-0.004166666666666985,0.2999999999999999,0.28,27.55547222222222,26.803222222222228,106.29587993373224,0.0103756013205462,222.46704860374305,95.0721243139318,94.1923456929418
2019-12-01,guayas,Guayas,Maracuya,0.737272727272727,13.4545454545455,1,1,1,0.23,1.0,0.31291251999999997,5,24.471999999999998,22.53,3,3.0,25.727443296643486,23.8125,63,104.66369746374616,-0.0046126345385204,-0.0062500197032039,-0.0062500197032039,520.060189173586,89.98418532777934,91.9598148337314,0,2019,12,4,-2.4492935982947064e-16,1.0,0,0.23,0,24.471999999999998,0,0.6775,0.698571428571429,0.69,0.915384615384616,0.604166666666667,0.6886904761904763,0.010596575624512355,0.7672206959706962,0.10296316330917343,-0.012499999999999956,-0.23788461538461603,0.26,0.235,24.951726190476194,25.072083333333335,105.14871003533604,-0.0107922329549496,381.9814930290031,88.05678357949337,93.07144350287896
2019-12-01,manabi,Manabí,Maracuya,0.18,5.5,1,1,1,0.31291251999999997,0.0,0.31291251999999997,5,21.625,21.625,2,2.0,25.727443296643486,23.8125,63,104.66369746374616,-0.0046126345385204,-0.0062500197032039,-0.0062500197032039,520.060189173586,89.98418532777934,91.9598148337314,2,2019,12,4,-2.4492935982947064e-16,1.0,1,0.31291251999999997,0,21.625,0,0.221428571428571,0.221428571428571,0.18,0.42,0.351428571428571,0.2076190476190474,0.023918796866425444,0.3032076719576718,0.11314535346513714,0.04142857142857101,-0.19857142857142898,0.2035033846153846,0.1780654615384615,21.833333333333336,25.227500000000003,105.14871003533604,-0.0107922329549496,381.9814930290031,88.05678357949337,93.07144350287896
2019-12-01,santo domingo de los tsachilas,Santo Domingo De Los Tsáchilas,Maracuya,0.487142857142857,7.78571428571429,1,1,1,0.2675,1.0,0.31291251999999997,5,27.66611111111111,25.68285714285714,3,3.0,25.727443296643486,23.8125,63,104.66369746374616,-0.0046126345385204,-0.0062500197032039,-0.0062500197032039,520.060189173586,89.98418532777934,91.9598148337314,4,2019,12,4,-2.4492935982947064e-16,1.0,0,0.2675,0,27.66611111111111,0,0.67625,0.5825,0.502857142857143,0.45625,0.45,0.5872023809523811,0.08679202162069778,0.5448280423280424,0.07946041265026443,0.17339285714285702,0.22000000000000003,0.305,0.2683333333333333,27.61097222222222,27.370416666666667,105.14871003533604,-0.0107922329549496,381.9814930290031,88.05678357949337,93.07144350287896
2020-01-01,guayas,Guayas,Maracuya,0.748461538461538,13.6407692307692,1,1,1,0.245,1.0,0.34794386666666666,5,24.201488095238094,22.675714285714285,3,3.0,25.533039432095876,23.989166666666662,55,105.75208911946228,0.0103989413912413,-0.0072887699415224,0.0103989413912413,418.72134019438806,88.74053989230713,93.66584494916692,0,2020,1,1,0.49999999999999994,0.8660254037844387,0,0.245,0,24.201488095238094,0,0.737272727272727,0.6775,0.698571428571429,0.876153846153846,0.801538461538462,0.7044480519480519,0.030316592126061585,0.7375353812853813,0.07302614786280394,0.038701298701298015,-0.13888111888111898,0.23,0.2325,24.471999999999998,24.899285714285714,104.66369746374616,-0.0046126345385204,520.060189173586,89.98418532777934,91.9598148337314
2020-01-01,manabi,Manabí,Maracuya,0.227777777777778,6.88888888888889,1,1,1,0.29,1.0,0.34794386666666666,5,23.366666666666664,22.0,3,3.0,25.533039432095876,23.989166666666662,55,105.75208911946228,0.0103989413912413,-0.0072887699415224,0.0103989413912413,418.72134019438806,88.74053989230713,93.66584494916692,2,2020,1,1,0.49999999999999994,0.8660254037844387,0,0.29,0,23.366666666666664,0,0.18,0.221428571428571,0.221428571428571,0.448888888888889,0.52125,0.2076190476190474,0.023918796866425444,0.26320767195767186,0.10578188653397778,-0.04142857142857101,-0.268888888888889,0.31291251999999997,0.3176461371428571,21.625,25.105,104.66369746374616,-0.0046126345385204,520.060189173586,89.98418532777934,91.9598148337314
2020-01-01,santo domingo de los tsachilas,Santo Domingo De Los Tsáchilas,Maracuya,0.633333333333333,10.13,1,1,1,0.29,1.0,0.34794386666666666,5,27.10468253968254,24.82,3,3.0,25.533039432095876,23.989166666666662,55,105.75208911946228,0.0103989413912413,-0.0072887699415224,0.0103989413912413,418.72134019438806,88.74053989230713,93.66584494916692,4,2020,1,1,0.49999999999999994,0.8660254037844387,0,0.29,0,27.10468253968254,0,0.487142857142857,0.67625,0.5825,0.561111111111111,0.574444444444444,0.5819642857142856,0.09455470962488229,0.5499768518518519,0.07333789670130632,-0.09535714285714303,-0.07396825396825402,0.2675,0.2999999999999999,27.66611111111111,27.55547222222222,104.66369746374616,-0.0046126345385204,520.060189173586,89.98418532777934,91.9598148337314
2020-02-01,guayas,Guayas,Maracuya,0.706666666666667,12.9166666666667,1,1,1,0.26,1.0,0.3629578854166667,4,23.80666666666667,21.97,3,3.0,25.478684624238763,24.075000000000003,61,105.23120670754528,-0.0049255046992838,-0.0106597238012291,0.0054222166572672,459.6352801583994,89.30107906197435,97.15054598513125,0,2020,2,1,0.8660254037844386,0.5000000000000001,0,0.26,0,23.80666666666667,0,0.748461538461538,0.737272727272727,0.6775,0.745714285714286,0.789166666666667,0.7210780885780883,0.03815212611434034,0.7162533300033299,0.03114751748026671,0.07096153846153797,0.0027472527472519603,0.245,0.26,24.201488095238094,24.951726190476194,105.75208911946228,0.0103989413912413,418.72134019438806,88.74053989230713,93.66584494916692
2020-02-01,manabi,Manabí,Maracuya,0.235714285714286,7.14285714285714,1,1,1,0.3629578854166667,0.0,0.3629578854166667,4,23.333333333333332,22.0,3,3.0,25.478684624238763,24.075000000000003,61,105.23120670754528,-0.0049255046992838,-0.0106597238012291,0.0054222166572672,459.6352801583994,89.30107906197435,97.15054598513125,2,2020,2,1,0.8660254037844386,0.5000000000000001,1,0.3629578854166667,0,23.333333333333332,0,0.227777777777778,0.18,0.221428571428571,0.3275,0.48,0.20973544973544975,0.025946595798740407,0.22635582010582,0.05399712356137622,0.006349206349206993,-0.09972222222222202,0.29,0.2035033846153846,23.366666666666664,21.833333333333336,105.75208911946228,0.0103989413912413,418.72134019438806,88.74053989230713,93.66584494916692
2020-02-01,santo domingo de los tsachilas,Santo Domingo De Los Tsáchilas,Maracuya,0.517142857142857,8.28857142857143,1,1,1,0.2800000000000001,1.0,0.3629578854166667,4,27.478194444444444,24.82,3,3.0,25.478684624238763,24.075000000000003,61,105.23120670754528,-0.0049255046992838,-0.0106597238012291,0.0054222166572672,459.6352801583994,89.30107906197435,97.15054598513125,4,2020,2,1,0.8660254037844386,0.5000000000000001,0,0.2800000000000001,0,27.478194444444444,0,0.633333333333333,0.487142857142857,0.67625,0.49,0.54375,0.59890873015873,0.09914215978934232,0.5620138888888889,0.08105211308138925,-0.04291666666666705,0.14333333333333298,0.29,0.305,27.10468253968254,27.61097222222222,105.75208911946228,0.0103989413912413,418.72134019438806,88.74053989230713,93.66584494916692
2020-03-01,guayas,Guayas,Maracuya,0.6148076923076925,14.915961538461548,2,2,2,0.24,1.0,0.33348319444444446,6,24.050303030303027,22.489090909090905,3,3.0,25.320876300381045,23.758333333333333,62,106.34559024229866,0.010589857986238,0.0034670253944952,0.0160694951478763,400.6289700978381,96.61422177486232,99.24394012005274,0,2020,3,1,1.0,6.123233995736766e-17,0,0.24,0,24.050303030303027,0,0.706666666666667,0.748461538461538,0.737272727272727,0.69,0.810833333333333,0.7308003108003106,0.02163612623210922,0.7097453934953935,0.027642995506627712,-0.03060606060605997,0.01666666666666705,0.26,0.23,23.80666666666667,24.471999999999998,105.23120670754528,-0.0049255046992838,459.6352801583994,89.30107906197435,97.15054598513125
2020-03-01,manabi,Manabí,Maracuya,0.40862499999999996,8.892,2,2,2,0.18,1.0,0.33348319444444446,6,20.6875,20.6875,2,2.0,25.320876300381045,23.758333333333333,62,106.34559024229866,0.010589857986238,0.0034670253944952,0.0160694951478763,400.6289700978381,96.61422177486232,99.24394012005274,2,2020,3,1,1.0,6.123233995736766e-17,0,0.18,0,20.6875,0,0.235714285714286,0.227777777777778,0.18,0.18,0.37375,0.21449735449735474,0.030137976707861478,0.21105820105820097,0.024624295423158242,0.055714285714285994,0.055714285714285994,0.3629578854166667,0.31291251999999997,23.333333333333332,21.625,105.23120670754528,-0.0049255046992838,459.6352801583994,89.30107906197435,97.15054598513125
2020-03-01,santo domingo de los tsachilas,Santo Domingo De Los Tsáchilas,Maracuya,0.64,10.2777777777778,1,1,1,0.2833333333333333,1.0,0.33348319444444446,6,27.777694444444446,25.656,3,3.0,25.320876300381045,23.758333333333333,62,106.34559024229866,0.010589857986238,0.0034670253944952,0.0160694951478763,400.6289700978381,96.61422177486232,99.24394012005274,4,2020,3,1,1.0,6.123233995736766e-17,0,0.2833333333333333,0,27.777694444444446,0,0.517142857142857,0.633333333333333,0.487142857142857,0.502857142857143,0.501428571428571,0.5458730158730157,0.07721386111117358,0.5665376984126983,0.07687892475340363,0.030000000000000027,0.014285714285714013,0.2800000000000001,0.2675,27.478194444444444,27.66611111111111,105.23120670754528,-0.0049255046992838,459.6352801583994,89.30107906197435,97.15054598513125
2020-04-01,guayas,Guayas,Maracuya,0.7016346153846155,17.352403846153848,2,2,2,0.2549999999999999,1.0,0.3566226319444444,6,24.005972222222223,22.71,3,3.0,25.368493057427134,24.083333333333336,58,110.8841759451997,0.0426777047601154,0.0457241279974311,0.0594330090775572,302.5898362114367,99.71696273600696,97.43120562605806,0,2020,4,2,0.8660254037844387,-0.4999999999999998,0,0.2549999999999999,0,24.005972222222223,0,0.6148076923076925,0.706666666666667,0.748461538461538,0.698571428571429,0.822307692307692,0.6899786324786324,0.06837181811042277,0.6972133422133422,0.047961752864962466,-0.13365384615384546,-0.08376373626373645,0.24,0.245,24.050303030303027,24.201488095238094,106.34559024229866,0.010589857986238,400.6289700978381,96.61422177486232,99.24394012005274
2020-04-01,manabi,Manabí,Maracuya,0.45937500000000003,10.3125,2,2,2,0.3033333333333333,1.0,0.3566226319444444,6,20.925,20.925,2,2.0,25.368493057427134,24.083333333333336,58,110.8841759451997,0.0426777047601154,0.0457241279974311,0.0594330090775572,302.5898362114367,99.71696273600696,97.43120562605806,2,2020,4,2,0.8660254037844387,-0.4999999999999998,0,0.3033333333333333,0,20.925,0,0.40862499999999996,0.235714285714286,0.227777777777778,0.221428571428571,0.4375,0.290705687830688,0.1021981906709665,0.24916236772486766,0.08048384025679392,0.18084722222222196,0.18719642857142896,0.18,0.29,20.6875,23.366666666666664,106.34559024229866,0.010589857986238,400.6289700978381,96.61422177486232,99.24394012005274
2020-04-01,santo domingo de los tsachilas,Santo Domingo De Los Tsáchilas,Maracuya,0.5575,8.95875,1,1,1,0.2633333333333333,1.0,0.3566226319444444,6,27.699916666666667,25.656,3,3.0,25.368493057427134,24.083333333333336,58,110.8841759451997,0.0426777047601154,0.0457241279974311,0.0594330090775572,302.5898362114367,99.71696273600696,97.43120562605806,4,2020,4,2,0.8660254037844387,-0.4999999999999998,0,0.2633333333333333,0,27.699916666666667,0,0.64,0.517142857142857,0.633333333333333,0.5825,0.482222222222222,0.5968253968253966,0.06908756370582629,0.5893948412698412,0.07450992964335171,0.006666666666667043,0.057499999999999996,0.2833333333333333,0.29,27.777694444444446,27.10468253968254,106.34559024229866,0.010589857986238,400.6289700978381,96.61422177486232,99.24394012005274
2020-05-01,guayas,Guayas,Maracuya,0.6835384615384614,17.52123076923075,2,2,2,0.27,1.0,0.3064489166666666,6,24.10859259259259,22.63888888888889,3,3.0,25.396207003438263,23.875,62,109.12959565290556,-0.015823540891545,0.0339939625374479,0.0426690275365659,354.44347710344067,93.05258864813786,96.05889242920492,0,2020,5,2,0.49999999999999994,-0.8660254037844387,0,0.27,0,24.10859259259259,0,0.7016346153846155,0.6148076923076925,0.706666666666667,0.6775,0.836923076923077,0.6743696581196583,0.05164350117454922,0.6977238733488732,0.047995391643480934,-0.005032051282051531,0.024134615384615477,0.2549999999999999,0.26,24.005972222222223,23.80666666666667,110.8841759451997,0.0426777047601154,302.5898362114367,99.71696273600696,97.43120562605806
2020-05-01,manabi,Manabí,Maracuya,0.36777777777777754,8.5,2,2,2,0.2433333333333333,1.0,0.3064489166666666,6,21.041666666666664,21.041666666666664,2,2.0,25.396207003438263,23.875,62,109.12959565290556,-0.015823540891545,0.0339939625374479,0.0426690275365659,354.44347710344067,93.05258864813786,96.05889242920492,2,2020,5,2,0.49999999999999994,-0.8660254037844387,0,0.2433333333333333,0,21.041666666666664,0,0.45937500000000003,0.40862499999999996,0.235714285714286,0.221428571428571,0.405714285714286,0.367904761904762,0.11725882534631896,0.2888201058201058,0.11521459358818913,0.22366071428571405,0.23794642857142903,0.3033333333333333,0.3629578854166667,20.925,23.333333333333332,110.8841759451997,0.0426777047601154,302.5898362114367,99.71696273600696,97.43120562605806
2020-05-01,santo domingo de los tsachilas,Santo Domingo De Los Tsáchilas,Maracuya,0.52375,8.39625,1,1,1,0.2733333333333333,1.0,0.3064489166666666,6,27.666583333333335,25.556,3,3.0,25.396207003438263,23.875,62,109.12959565290556,-0.015823540891545,0.0339939625374479,0.0426690275365659,354.44347710344067,93.05258864813786,96.05889242920492,4,2020,5,2,0.49999999999999994,-0.8660254037844387,0,0.2733333333333333,0,27.666583333333335,0,0.5575,0.64,0.517142857142857,0.67625,0.586666666666667,0.5715476190476191,0.06262165031709327,0.5852281746031744,0.07566270345964578,0.04035714285714298,-0.11875000000000002,0.2633333333333333,0.2800000000000001,27.699916666666667,27.478194444444444,110.8841759451997,0.0426777047601154,302.5898362114367,99.71696273600696,97.43120562605806
2020-06-01,guayas,Guayas,Maracuya,0.6626923076923075,16.9103846153846,2,2,2,0.28,1.0,0.3572623466666666,5,24.042651515151515,22.955454545454543,3,3.0,25.258683319882202,23.967058823529413,62,108.2984569522796,-0.0076160705595342,0.0325095048193095,0.0347279866526064,401.48191799130257,93.5649788373941,96.52886841498577,0,2020,6,2,1.2246467991473532e-16,-1.0,0,0.28,0,24.042651515151515,0,0.6835384615384614,0.7016346153846155,0.6148076923076925,0.737272727272727,0.915384615384616,0.6666602564102565,0.045808121539895365,0.6987302836052836,0.047547727139012765,0.06873076923076893,-0.05373426573426554,0.27,0.24,24.10859259259259,24.050303030303027,109.12959565290556,-0.015823540891545,354.44347710344067,93.05258864813786,96.05889242920492
2020-06-01,manabi,Manabí,Maracuya,0.44444444444444453,10.61111111111111,2,2,2,0.3572623466666666,0.0,0.3572623466666666,5,20.75,20.75,2,2.0,25.258683319882202,23.967058823529413,62,108.2984569522796,-0.0076160705595342,0.0325095048193095,0.0347279866526064,401.48191799130257,93.5649788373941,96.52886841498577,2,2020,6,2,1.2246467991473532e-16,-1.0,1,0.3572623466666666,0,20.75,0,0.36777777777777754,0.45937500000000003,0.40862499999999996,0.18,0.42,0.411925925925926,0.04588774197629552,0.3132116402116403,0.11357378767299017,-0.040847222222222423,0.18777777777777754,0.2433333333333333,0.18,21.041666666666664,20.6875,109.12959565290556,-0.015823540891545,354.44347710344067,93.05258864813786,96.05889242920492
2020-06-01,santo domingo de los tsachilas,Santo Domingo De Los Tsáchilas,Maracuya,0.603333333333333,9.66666666666667,1,1,1,0.3058333333333333,1.0,0.3572623466666666,5,27.079404761904765,24.697142857142858,3,3.0,25.258683319882202,23.967058823529413,62,108.2984569522796,-0.0076160705595342,0.0325095048193095,0.0347279866526064,401.48191799130257,93.5649788373941,96.52886841498577,4,2020,6,2,1.2246467991473532e-16,-1.0,0,0.3058333333333333,0,27.079404761904765,0,0.52375,0.5575,0.64,0.487142857142857,0.45625,0.57375,0.05980436856953611,0.5598115079365078,0.06362825639825889,-0.11624999999999996,0.03660714285714306,0.2733333333333333,0.2833333333333333,27.666583333333335,27.777694444444446,109.12959565290556,-0.015823540891545,354.44347710344067,93.05258864813786,96.05889242920492
2020-07-01,guayas,Guayas,Maracuya,0.6156153846153845,15.6099230769231,2,2,2,0.24,1.0,0.3531669166666666,6,23.812259259259264,22.71777777777778,3,3.0,25.08945356346163,23.822916666666664,62,106.69834489317346,-0.0147750217698042,0.0119987460511461,0.0194398581239885,390.7403310696489,93.11665820630758,95.74749920387195,0,2020,7,3,-0.4999999999999997,-0.8660254037844388,0,0.24,0,23.812259259259264,0,0.6626923076923075,0.6835384615384614,0.7016346153846155,0.748461538461538,0.876153846153846,0.6826217948717948,0.019487330254140966,0.6863002136752137,0.04514445191532986,-0.038942307692308,-0.08576923076923049,0.28,0.2549999999999999,24.042651515151515,24.005972222222223,108.2984569522796,-0.0076160705595342,401.48191799130257,93.5649788373941,96.52886841498577
2020-07-01,manabi,Manabí,Maracuya,0.4605555555555555,10.963333333333331,2,2,2,0.355,1.0,0.3531669166666666,6,20.875,20.875,2,2.0,25.08945356346163,23.822916666666664,62,106.69834489317346,-0.0147750217698042,0.0119987460511461,0.0194398581239885,390.7403310696489,93.11665820630758,95.74749920387195,2,2020,7,3,-0.4999999999999997,-0.8660254037844388,0,0.355,0,20.875,0,0.44444444444444453,0.36777777777777754,0.45937500000000003,0.227777777777778,0.448888888888889,0.42386574074074074,0.04914392194666971,0.3572857142857144,0.10229036124479697,-0.014930555555555503,0.21666666666666654,0.3572623466666666,0.3033333333333333,20.75,20.925,108.2984569522796,-0.0076160705595342,401.48191799130257,93.5649788373941,96.52886841498577
2020-07-01,santo domingo de los tsachilas,Santo Domingo De Los Tsáchilas,Maracuya,0.518888888888889,8.31555555555556,1,1,1,0.3349999999999999,1.0,0.3531669166666666,6,26.932738095238097,24.05,3,3.0,25.08945356346163,23.822916666666664,62,106.69834489317346,-0.0147750217698042,0.0119987460511461,0.0194398581239885,390.7403310696489,93.11665820630758,95.74749920387195,4,2020,7,3,-0.4999999999999997,-0.8660254037844388,0,0.3349999999999999,0,26.932738095238097,0,0.603333333333333,0.52375,0.5575,0.633333333333333,0.561111111111111,0.5615277777777776,0.03994426093298535,0.5791765873015872,0.0540484111629939,0.04583333333333306,-0.029999999999999916,0.3058333333333333,0.2633333333333333,27.079404761904765,27.699916666666667,108.2984569522796,-0.0076160705595342,401.48191799130257,93.5649788373941,96.52886841498577
2020-08-01,guayas,Guayas,Maracuya,0.5816346153846155,14.29740384615385,2,2,2,0.23,1.0,0.2844118486590038,6,23.950307359307363,22.603636363636365,3,3.0,24.944899133104354,23.546,63,105.72241358330724,-0.0091466396301022,0.0047713014119836,0.0101154091171657,432.9488518134864,89.62465281624871,91.2549764072918,0,2020,8,3,-0.8660254037844385,-0.5000000000000004,0,0.23,0,23.950307359307363,0,0.6156153846153845,0.6626923076923075,0.6835384615384614,0.706666666666667,0.745714285714286,0.6539487179487177,0.03479545754660725,0.664159188034188,0.04094159829582781,-0.06792307692307697,-0.09105128205128254,0.24,0.27,23.812259259259264,24.10859259259259,106.69834489317346,-0.0147750217698042,390.7403310696489,93.11665820630758,95.74749920387195
2020-08-01,manabi,Manabí,Maracuya,0.39625,9.4175,2,2,2,0.2975,1.0,0.2844118486590038,6,20.85,20.85,2,2.0,24.944899133104354,23.546,63,105.72241358330724,-0.0091466396301022,0.0047713014119836,0.0101154091171657,432.9488518134864,89.62465281624871,91.2549764072918,2,2020,8,3,-0.8660254037844385,-0.5000000000000004,0,0.2975,0,20.85,0,0.4605555555555555,0.44444444444444453,0.36777777777777754,0.235714285714286,0.3275,0.4242592592592593,0.0495732819981267,0.3960820105820106,0.086229958688903,0.09277777777777796,0.2248412698412695,0.355,0.2433333333333333,20.875,21.041666666666664,106.69834489317346,-0.0147750217698042,390.7403310696489,93.11665820630758,95.74749920387195
2020-08-01,santo domingo de los tsachilas,Santo Domingo De Los Tsáchilas,Maracuya,0.45125,7.22875,1,1,1,0.2199999999999999,1.0,0.2844118486590038,6,26.4084126984127,23.53,3,3.0,24.944899133104354,23.546,63,105.72241358330724,-0.0091466396301022,0.0047713014119836,0.0101154091171657,432.9488518134864,89.62465281624871,91.2549764072918,4,2020,8,3,-0.8660254037844385,-0.5000000000000004,0,0.2199999999999999,0,26.4084126984127,0,0.518888888888889,0.603333333333333,0.52375,0.517142857142857,0.49,0.5486574074074073,0.04741308107687802,0.5601025132275131,0.0512345301035815,-0.004861111111111094,0.0017460317460319397,0.3349999999999999,0.2733333333333333,26.932738095238097,27.666583333333335,106.69834489317346,-0.0147750217698042,390.7403310696489,93.11665820630758,95.74749920387195
2020-09-01,guayas,Guayas,Maracuya,0.566153846153846,13.9996153846154,2,2,2,0.22,1.0,0.2720052236842105,6,20.880882352941175,20.880882352941175,2,2.0,24.827630783133635,23.339479166666663,62,104.88511580823268,-0.0079197754449181,-0.0030341531545254,0.0021155219035062,389.1476099175865,86.87174832548851,87.77507209241139,0,2020,9,3,-1.0,-1.8369701987210297e-16,0,0.22,0,20.880882352941175,0,0.5816346153846155,0.6156153846153845,0.6626923076923075,0.6148076923076925,0.69,0.6199807692307692,0.04070478851059595,0.6433205128205127,0.04643057052938779,-0.081057692307692,-0.03317307692307703,0.23,0.28,23.950307359307363,24.042651515151515,105.72241358330724,-0.0091466396301022,432.9488518134864,89.62465281624871,91.2549764072918
2020-09-01,manabi,Manabí,Maracuya,0.3560416666666665,8.2025,2,2,2,0.2566666666666666,1.0,0.2720052236842105,6,23.04722222222222,21.675,3,3.0,24.827630783133635,23.339479166666663,62,104.88511580823268,-0.0079197754449181,-0.0030341531545254,0.0021155219035062,389.1476099175865,86.87174832548851,87.77507209241139,2,2020,9,3,-1.0,-1.8369701987210297e-16,0,0.2566666666666666,0,23.04722222222222,0,0.39625,0.4605555555555555,0.44444444444444453,0.40862499999999996,0.18,0.43375,0.03346011768222849,0.4228379629629629,0.0378548913398865,-0.04819444444444454,-0.01237499999999997,0.2975,0.3572623466666666,20.85,20.75,105.72241358330724,-0.0091466396301022,432.9488518134864,89.62465281624871,91.2549764072918
2020-09-01,santo domingo de los tsachilas,Santo Domingo De Los Tsáchilas,Maracuya,0.528888888888889,8.48111111111111,1,1,1,0.2275,1.0,0.2720052236842105,6,27.08861111111111,24.4125,3,3.0,24.827630783133635,23.339479166666663,62,104.88511580823268,-0.0079197754449181,-0.0030341531545254,0.0021155219035062,389.1476099175865,86.87174832548851,87.77507209241139,4,2020,9,3,-1.0,-1.8369701987210297e-16,0,0.2275,0,27.08861111111111,0,0.45125,0.518888888888889,0.603333333333333,0.64,0.502857142857143,0.5244907407407406,0.0761962638688606,0.5491203703703703,0.06693964175180471,-0.15208333333333307,-0.18875000000000003,0.2199999999999999,0.3058333333333333,26.4084126984127,27.079404761904765,105.72241358330724,-0.0091466396301022,432.9488518134864,89.62465281624871,91.2549764072918
2020-10-01,guayas,Guayas,Maracuya,0.527857142857143,13.60735714285715,2,2,2,0.205,1.0,0.2954317777777778,6,23.24086928104575,20.852941176470587,3,3.0,24.94336865399454,23.512857142857143,63,104.52342143410544,-0.0034484814298012,-0.0166747620014227,-0.0013402548642935,344.49686235739364,84.4552601081578,87.06224856669488,0,2020,10,4,-0.8660254037844386,0.5000000000000001,0,0.205,0,23.24086928104575,0,0.566153846153846,0.5816346153846155,0.6156153846153845,0.7016346153846155,0.698571428571429,0.587801282051282,0.02530082567978675,0.6352115384615383,0.055724626725252066,-0.049461538461538446,-0.13548076923076946,0.22,0.24,20.880882352941175,23.812259259259264,104.88511580823268,-0.0079197754449181,389.1476099175865,86.87174832548851,87.77507209241139
2020-10-01,manabi,Manabí,Maracuya,0.40888888888888897,9.611666666666665,2,2,2,0.395,1.0,0.2954317777777778,6,20.916666666666664,20.916666666666664,2,2.0,24.94336865399454,23.512857142857143,63,104.52342143410544,-0.0034484814298012,-0.0166747620014227,-0.0013402548642935,344.49686235739364,84.4552601081578,87.06224856669488,2,2020,10,4,-0.8660254037844386,0.5000000000000001,0,0.395,0,20.916666666666664,0,0.3560416666666665,0.39625,0.4605555555555555,0.45937500000000003,0.221428571428571,0.4042824074074074,0.052717908904267224,0.41407407407407404,0.04682705710110007,-0.10451388888888902,-0.10333333333333355,0.2566666666666666,0.355,23.04722222222222,20.875,104.88511580823268,-0.0079197754449181,389.1476099175865,86.87174832548851,87.77507209241139
2020-10-01,santo domingo de los tsachilas,Santo Domingo De Los Tsáchilas,Maracuya,0.513333333333333,8.22222222222222,1,1,1,0.275,1.0,0.2954317777777778,6,27.078353174603176,24.62166666666667,3,3.0,24.94336865399454,23.512857142857143,63,104.52342143410544,-0.0034484814298012,-0.0166747620014227,-0.0013402548642935,344.49686235739364,84.4552601081578,87.06224856669488,4,2020,10,4,-0.8660254037844386,0.5000000000000001,0,0.275,0,27.078353174603176,0,0.528888888888889,0.45125,0.518888888888889,0.5575,0.5825,0.499675925925926,0.04223508880467217,0.5306018518518518,0.049994341243569336,0.010000000000000009,-0.02861111111111103,0.2275,0.3349999999999999,27.08861111111111,26.932738095238097,104.88511580823268,-0.0079197754449181,389.1476099175865,86.87174832548851,87.77507209241139
2020-11-01,guayas,Guayas,Maracuya,0.5061363636363635,12.57522727272725,2,2,2,0.2335714285714285,1.0,0.306743969047619,5,23.189111111111114,20.779333333333334,3,3.0,24.75626568615562,23.15642857142857,62,104.86630769616858,0.003280473001731,-0.0026857423079422,0.0019358214675397,418.63400894933767,83.21833313161638,86.77619790402845,0,2020,11,4,-0.5000000000000004,0.8660254037844384,0,0.2335714285714285,0,23.189111111111114,0,0.527857142857143,0.566153846153846,0.5816346153846155,0.6835384615384614,0.6775,0.5585485347985348,0.02768365417478801,0.6062486263736263,0.05933971615423619,-0.05377747252747245,-0.1556813186813184,0.205,0.23,23.24086928104575,23.950307359307363,104.52342143410544,-0.0034484814298012,344.49686235739364,84.4552601081578,87.06224856669488
2020-11-01,manabi,Manabí,Maracuya,0.38928571428571446,9.155714285714286,2,2,2,0.306743969047619,0.0,0.306743969047619,5,23.231666666666666,21.77,3,3.0,24.75626568615562,23.15642857142857,62,104.86630769616858,0.003280473001731,-0.0026857423079422,0.0019358214675397,418.63400894933767,83.21833313161638,86.77619790402845,2,2020,11,4,-0.5000000000000004,0.8660254037844384,1,0.306743969047619,0,23.231666666666666,0,0.40888888888888897,0.3560416666666665,0.39625,0.36777777777777754,0.221428571428571,0.3870601851851852,0.027596136439710324,0.4056597222222222,0.04126444168260688,0.012638888888888977,0.04111111111111143,0.395,0.2975,20.916666666666664,20.85,104.52342143410544,-0.0034484814298012,344.49686235739364,84.4552601081578,87.06224856669488
2020-11-01,santo domingo de los tsachilas,Santo Domingo De Los Tsáchilas,Maracuya,0.53,8.50142857142857,1,1,1,0.375,1.0,0.306743969047619,5,27.213035714285713,24.34714285714286,3,3.0,24.75626568615562,23.15642857142857,62,104.86630769616858,0.003280473001731,-0.0026857423079422,0.0019358214675397,418.63400894933767,83.21833313161638,86.77619790402845,4,2020,11,4,-0.5000000000000004,0.8660254037844384,0,0.375,0,27.213035714285713,0,0.513333333333333,0.528888888888889,0.45125,0.52375,0.67625,0.49782407407407403,0.04107739170218323,0.5232407407407407,0.0484700864434472,0.06208333333333299,-0.010416666666667074,0.275,0.2199999999999999,27.078353174603176,26.4084126984127,104.52342143410544,-0.0034484814298012,344.49686235739364,84.4552601081578,87.06224856669488
2020-12-01,guayas,Guayas,Maracuya,0.49102564102564106,12.4782051282051,2,2,2,0.2593333333333333,1.0,0.28811777142857137,5,20.488611111111112,20.488611111111112,2,2.0,24.61393637572438,23.320588235294117,60,104.602644241769,-0.0025142818526948,-0.000583327585941,-0.000583327585941,387.45139280747645,82.0385697892736,87.03225511626644,0,2020,12,4,-2.4492935982947064e-16,1.0,0,0.2593333333333333,0,20.488611111111112,0,0.5061363636363635,0.527857142857143,0.566153846153846,0.6626923076923075,0.737272727272727,0.5333824508824508,0.030387848287021953,0.57668161005661,0.05728787895104802,-0.06001748251748251,-0.15655594405594397,0.2335714285714285,0.22,23.189111111111114,20.880882352941175,104.86630769616858,0.003280473001731,418.63400894933767,83.21833313161638,86.77619790402845
2020-12-01,manabi,Manabí,Maracuya,0.43696428571428547,10.273392857142849,2,2,2,0.28811777142857137,0.0,0.28811777142857137,5,21.125,21.125,2,2.0,24.61393637572438,23.320588235294117,60,104.602644241769,-0.0025142818526948,-0.000583327585941,-0.000583327585941,387.45139280747645,82.0385697892736,87.03225511626644,2,2020,12,4,-2.4492935982947064e-16,1.0,1,0.28811777142857137,0,21.125,0,0.38928571428571446,0.40888888888888897,0.3560416666666665,0.44444444444444453,0.18,0.3847387566137567,0.026715413944090338,0.40924437830687826,0.038130666404949075,0.03324404761904798,-0.055158730158730074,0.306743969047619,0.2566666666666666,23.231666666666666,23.04722222222222,104.86630769616858,0.003280473001731,418.63400894933767,83.21833313161638,86.77619790402845
2020-12-01,santo domingo de los tsachilas,Santo Domingo De Los Tsáchilas,Maracuya,0.495,7.917,1,1,1,0.235,1.0,0.28811777142857137,5,26.732222222222223,23.88,3,3.0,24.61393637572438,23.320588235294117,60,104.602644241769,-0.0025142818526948,-0.000583327585941,-0.000583327585941,387.45139280747645,82.0385697892736,87.03225511626644,4,2020,12,4,-2.4492935982947064e-16,1.0,0,0.235,0,26.732222222222223,0,0.53,0.513333333333333,0.528888888888889,0.603333333333333,0.487142857142857,0.524074074074074,0.009318330092951344,0.5242824074074074,0.04855031250826363,0.0011111111111110628,-0.07333333333333303,0.375,0.2275,27.213035714285713,27.08861111111111,104.86630769616858,0.003280473001731,418.63400894933767,83.21833313161638,86.77619790402845
2021-01-01,guayas,Guayas,Maracuya,0.45749999999999996,11.38791666666665,2,2,2,0.3049999999999999,1.0,0.3065525138888888,6,23.22848484848485,20.965454545454545,3,3.0,24.213853298847056,22.5625,59,104.96914259188055,0.0035037197459797,-0.007403603409643,0.0035037197459797,370.4872979667096,83.82314185005556,88.2617465529793,0,2021,1,1,0.49999999999999994,0.8660254037844387,0,0.3049999999999999,0,23.22848484848485,0,0.49102564102564106,0.5061363636363635,0.527857142857143,0.6156153846153845,0.748461538461538,0.5083397158397158,0.01851434450608742,0.5480704989454989,0.047826846482557216,-0.03683150183150197,-0.1245897435897434,0.2593333333333333,0.205,20.488611111111112,23.24086928104575,104.602644241769,-0.0025142818526948,387.45139280747645,82.0385697892736,87.03225511626644
2021-01-01,manabi,Manabí,Maracuya,0.45625000000000004,10.91625,2,2,2,0.3699999999999999,1.0,0.3065525138888888,6,19.864583333333336,19.864583333333336,2,2.0,24.213853298847056,22.5625,59,104.96914259188055,0.0035037197459797,-0.007403603409643,0.0035037197459797,370.4872979667096,83.82314185005556,88.2617465529793,2,2021,1,1,0.49999999999999994,0.8660254037844387,0,0.3699999999999999,0,19.864583333333336,0,0.43696428571428547,0.38928571428571446,0.40888888888888897,0.4605555555555555,0.227777777777778,0.41171296296296306,0.023964412973180926,0.40799768518518514,0.036850405019689246,0.028075396825396504,-0.023591269841270024,0.28811777142857137,0.395,21.125,20.916666666666664,104.602644241769,-0.0025142818526948,387.45139280747645,82.0385697892736,87.03225511626644
2021-01-01,santo domingo de los tsachilas,Santo Domingo De Los Tsáchilas,Maracuya,0.4125,6.62375,1,1,1,0.23,1.0,0.3065525138888888,6,27.24815476190476,24.61142857142857,3,3.0,24.213853298847056,22.5625,59,104.96914259188055,0.0035037197459797,-0.007403603409643,0.0035037197459797,370.4872979667096,83.82314185005556,88.2617465529793,4,2021,1,1,0.49999999999999994,0.8660254037844387,0,0.23,0,27.24815476190476,0,0.495,0.53,0.513333333333333,0.518888888888889,0.633333333333333,0.5127777777777777,0.017506612507351117,0.5062268518518519,0.02979280516688182,-0.01833333333333298,-0.02388888888888896,0.235,0.275,26.732222222222223,27.078353174603176,104.602644241769,-0.0025142818526948,387.45139280747645,82.0385697892736,87.03225511626644
2021-02-01,guayas,Guayas,Maracuya,0.4286363636363635,10.66818181818182,2,2,2,0.2916666666666667,1.0,0.2725086944444444,6,23.730069444444442,21.08333333333333,3,3.0,24.761153310846474,23.52285714285714,61,105.33495840584128,0.0034849843004149,0.0009859404024923,0.0070009144547023,371.13726571030753,86.55235063984662,89.84503511298021,0,2021,2,1,0.8660254037844386,0.5000000000000001,0,0.2916666666666667,0,23.730069444444442,0,0.45749999999999996,0.49102564102564106,0.5061363636363635,0.5816346153846155,0.706666666666667,0.4848873348873348,0.024892429946229047,0.5217179348429348,0.046714010987562726,-0.04863636363636353,-0.12413461538461551,0.3049999999999999,0.2335714285714285,23.22848484848485,23.189111111111114,104.96914259188055,0.0035037197459797,370.4872979667096,83.82314185005556,88.2617465529793
2021-02-01,manabi,Manabí,Maracuya,0.3785714285714285,9.02214285714285,2,2,2,0.29,1.0,0.2725086944444444,6,20.5,20.5,2,2.0,24.761153310846474,23.52285714285714,61,105.33495840584128,0.0034849843004149,0.0009859404024923,0.0070009144547023,371.13726571030753,86.55235063984662,89.84503511298021,2,2021,2,1,0.8660254037844386,0.5000000000000001,0,0.29,0,20.5,0,0.45625000000000004,0.43696428571428547,0.38928571428571446,0.39625,0.235714285714286,0.42750000000000005,0.03447076178977307,0.40728009259259257,0.03564443368303495,0.06696428571428559,0.06000000000000005,0.3699999999999999,0.306743969047619,19.864583333333336,23.231666666666666,104.96914259188055,0.0035037197459797,370.4872979667096,83.82314185005556,88.2617465529793
2021-02-01,santo domingo de los tsachilas,Santo Domingo De Los Tsáchilas,Maracuya,0.402857142857143,6.54714285714286,1,1,1,0.23,1.0,0.2725086944444444,6,27.21047619047619,24.46857142857143,3,3.0,24.761153310846474,23.52285714285714,61,105.33495840584128,0.0034849843004149,0.0009859404024923,0.0070009144547023,371.13726571030753,86.55235063984662,89.84503511298021,4,2021,2,1,0.8660254037844386,0.5000000000000001,0,0.23,0,27.21047619047619,0,0.4125,0.495,0.53,0.45125,0.517142857142857,0.4791666666666667,0.06032895932580369,0.4884953703703703,0.047277942344230224,-0.11750000000000005,-0.03875000000000001,0.23,0.375,27.24815476190476,27.213035714285713,104.96914259188055,0.0035037197459797,370.4872979667096,83.82314185005556,88.2617465529793
2021-03-01,guayas,Guayas,Maracuya,0.5247115384615385,13.25346153846155,2,2,2,0.2657142857142855,1.0,0.27590732525437517,6,24.364797385620914,21.788235294117644,3,3.0,24.9373288926599,23.21875,61,105.9182053031571,0.00553706866308,-0.0040188308529559,0.0125767476618223,287.27542389197697,90.15702171365892,92.12291706969788,0,2021,3,1,1.0,6.123233995736766e-17,0,0.2657142857142855,0,24.364797385620914,0,0.4286363636363635,0.45749999999999996,0.49102564102564106,0.566153846153846,0.6148076923076925,0.45905400155400145,0.03122365567821201,0.4962182262182262,0.04916045883473948,-0.062389277389277575,-0.13751748251748253,0.2916666666666667,0.2593333333333333,23.730069444444442,20.488611111111112,105.33495840584128,0.0034849843004149,371.13726571030753,86.55235063984662,89.84503511298021
2021-03-01,los rios,Los Rios,Maracuya,0.55,10.0,1,1,1,0.1788888888888888,1.0,0.27590732525437517,6,23.957301587301586,21.25,3,3.0,24.9373288926599,23.21875,61,105.9182053031571,0.00553706866308,-0.0040188308529559,0.0125767476618223,287.27542389197697,90.15702171365892,92.12291706969788,1,2021,3,1,1.0,6.123233995736766e-17,0,0.1788888888888888,0,23.957301587301586,0,0.5575,0.6325,0.652,0.5625,0.66,0.614,0.04989238418836734,0.6170833333333333,0.04531160631303305,-0.09450000000000003,-0.0050000000000000044,0.1933333333333333,0.2273333333333333,23.283148148148147,22.964914529914527,105.33495840584128,0.0034849843004149,371.13726571030753,86.55235063984662,89.84503511298021
2021-03-01,manabi,Manabí,Maracuya,0.3844444444444445,8.981666666666666,2,2,2,0.3052550769230769,1.0,0.27590732525437517,6,20.924999999999997,20.924999999999997,2,2.0,24.9373288926599,23.21875,61,105.9182053031571,0.00553706866308,-0.0040188308529559,0.0125767476618223,287.27542389197697,90.15702171365892,92.12291706969788,2,2021,3,1,1.0,6.123233995736766e-17,0,0.3052550769230769,0,20.924999999999997,0,0.3785714285714285,0.45625000000000004,0.43696428571428547,0.3560416666666665,0.40862499999999996,0.4239285714285714,0.04044672421840786,0.40433366402116405,0.03742476202259976,-0.05839285714285697,0.022529761904762025,0.29,0.28811777142857137,20.5,21.125,105.33495840584128,0.0034849843004149,371.13726571030753,86.55235063984662,89.84503511298021
2021-03-01,santa elena,Santa Elena,Maracuya,0.935,17.0,1,1,1,0.5180857,1.0,0.27590732525437517,6,25.039545454545458,22.415000000000003,3,3.0,24.9373288926599,23.21875,61,105.9182053031571,0.00553706866308,-0.0040188308529559,0.0125767476618223,287.27542389197697,90.15702171365892,92.12291706969788,3,2021,3,1,1.0,6.123233995736766e-17,0,0.5180857,0,25.039545454545458,0,0.6875,0.66,0.66,0.55,1.29,0.6691666666666668,0.015877132402712782,0.623,0.0599040900106212,0.02749999999999997,0.13749999999999996,0.4225521666666667,0.4514221904761904,25.195381766381768,25.242735042735045,105.33495840584128,0.0034849843004149,371.13726571030753,86.55235063984662,89.84503511298021
2021-03-01,santo domingo de los tsachilas,Santo Domingo De Los Tsáchilas,Maracuya,0.451111111111111,7.22111111111111,1,1,1,0.2075,1.0,0.27590732525437517,6,27.152440476190478,24.46857142857143,3,3.0,24.9373288926599,23.21875,61,105.9182053031571,0.00553706866308,-0.0040188308529559,0.0125767476618223,287.27542389197697,90.15702171365892,92.12291706969788,4,2021,3,1,1.0,6.123233995736766e-17,0,0.2075,0,27.152440476190478,0,0.402857142857143,0.4125,0.495,0.528888888888889,0.64,0.4367857142857144,0.05064507349574086,0.4804298941798941,0.05784876164971581,-0.09214285714285697,-0.12603174603174594,0.23,0.235,27.21047619047619,26.732222222222223,105.33495840584128,0.0034849843004149,371.13726571030753,86.55235063984662,89.84503511298021
2021-04-01,guayas,Guayas,Maracuya,0.5134615384615385,13.32134615384615,2,2,2,0.305,1.0,0.2572388297110297,7,25.77761609907121,23.148421052631576,3,3.0,25.84127957519734,23.75,61,106.05573576294096,0.0012984591212645,-0.0435448984591364,0.0138915371758043,237.241878958171,89.75438478349835,86.32613642173338,0,2021,4,2,0.8660254037844387,-0.4999999999999998,0,0.305,0,25.77761609907121,0,0.5247115384615385,0.4286363636363635,0.45749999999999996,0.527857142857143,0.7016346153846155,0.470282634032634,0.049296618586179716,0.48931117493617493,0.039289661048547316,0.06721153846153854,-0.0031456043956045177,0.2657142857142855,0.3049999999999999,24.364797385620914,23.22848484848485,105.9182053031571,0.00553706866308,287.27542389197697,90.15702171365892,92.12291706969788
2021-04-01,los rios,Los Rios,Maracuya,0.55,10.0,1,1,1,0.1833333333333333,1.0,0.2572388297110297,7,25.53571428571429,22.357142857142858,3,3.0,25.84127957519734,23.75,61,106.05573576294096,0.0012984591212645,-0.0435448984591364,0.0138915371758043,237.241878958171,89.75438478349835,86.32613642173338,1,2021,4,2,0.8660254037844387,-0.4999999999999998,0,0.1833333333333333,0,25.53571428571429,0,0.55,0.5575,0.6325,0.638,0.748,0.58,0.045620718977232584,0.615,0.04849845358360027,-0.0824999999999999,-0.08799999999999997,0.1788888888888888,0.2258333333333333,23.957301587301586,19.893625,105.9182053031571,0.00553706866308,287.27542389197697,90.15702171365892,92.12291706969788
2021-04-01,manabi,Manabí,Maracuya,0.356875,8.125,2,2,2,0.25808530769230764,2.0,0.2572388297110297,7,21.5,21.5,2,2.0,25.84127957519734,23.75,61,106.05573576294096,0.0012984591212645,-0.0435448984591364,0.0138915371758043,237.241878958171,89.75438478349835,86.32613642173338,2,2021,4,2,0.8660254037844387,-0.4999999999999998,0,0.25808530769230764,0,21.5,0,0.3844444444444445,0.3785714285714285,0.45625000000000004,0.40888888888888897,0.45937500000000003,0.4064219576719577,0.04325214943265818,0.4090674603174603,0.03140724484852596,-0.07180555555555557,-0.02444444444444449,0.3052550769230769,0.3699999999999999,20.924999999999997,19.864583333333336,105.9182053031571,0.00553706866308,287.27542389197697,90.15702171365892,92.12291706969788
2021-04-01,santa elena,Santa Elena,Maracuya,0.712,13.0,1,1,1,0.4335752666666666,1.0,0.2572388297110297,7,25.981399572649575,22.84375,3,3.0,25.84127957519734,23.75,61,106.05573576294096,0.0012984591212645,-0.0435448984591364,0.0138915371758043,237.241878958171,89.75438478349835,86.32613642173338,3,2021,4,2,0.8660254037844387,-0.4999999999999998,0,0.4335752666666666,0,25.981399572649575,0,0.935,0.6875,0.66,0.548,1.284,0.7608333333333334,0.15145819005036754,0.6871666666666667,0.13057820134565817,0.275,0.387,0.5180857,0.4684817499999999,25.039545454545458,25.05716346153846,105.9182053031571,0.00553706866308,287.27542389197697,90.15702171365892,92.12291706969788
2021-04-01,santo domingo de los tsachilas,Santo Domingo De Los Tsáchilas,Maracuya,0.367777777777778,5.96444444444444,1,1,1,0.1999999999999999,1.0,0.2572388297110297,7,27.443214285714287,24.31142857142857,3,3.0,25.84127957519734,23.75,61,106.05573576294096,0.0012984591212645,-0.0435448984591364,0.0138915371758043,237.241878958171,89.75438478349835,86.32613642173338,4,2021,4,2,0.8660254037844387,-0.4999999999999998,0,0.1999999999999999,0,27.443214285714287,0,0.451111111111111,0.402857142857143,0.4125,0.513333333333333,0.5575,0.42215608465608473,0.025535100180518643,0.4674669312169312,0.05335819063982807,0.03861111111111104,-0.06222222222222196,0.2075,0.23,27.152440476190478,27.24815476190476,105.9182053031571,0.00553706866308,287.27542389197697,90.15702171365892,92.12291706969788
2021-05-01,guayas,Guayas,Maracuya,0.6074999999999999,15.77875,2,2,2,0.3480000000000001,1.0,0.27962968333333327,5,26.574587644324485,24.49111111111111,3,3.0,26.374303465402594,24.775,68,105.6528980999749,-0.0037983580998059,-0.0318584297149651,0.0100404140432479,340.2938001843754,88.43143185191153,87.0871117251322,0,2021,5,2,0.49999999999999994,-0.8660254037844387,0,0.3480000000000001,0,26.574587644324485,0,0.5134615384615385,0.5247115384615385,0.4286363636363635,0.5061363636363635,0.6835384615384614,0.48893648018648017,0.05252350585184065,0.4869119075369075,0.0368274268383564,0.08482517482517504,0.007325174825175029,0.305,0.2916666666666667,25.77761609907121,23.730069444444442,106.05573576294096,0.0012984591212645,237.241878958171,89.75438478349835,86.32613642173338
2021-05-01,los rios,Los Rios,Maracuya,0.585,10.6675,1,1,1,0.1791666666666666,1.0,0.27962968333333327,5,26.035146520146522,23.846153846153847,3,3.0,26.374303465402594,24.775,68,105.6528980999749,-0.0037983580998059,-0.0318584297149651,0.0100404140432479,340.2938001843754,88.43143185191153,87.0871117251322,1,2021,5,2,0.49999999999999994,-0.8660254037844387,0,0.1791666666666666,0,26.035146520146522,0,0.55,0.55,0.5575,0.66,0.695,0.5525,0.004330127018878218,0.6003333333333334,0.053227499158492356,-0.007499999999999951,-0.10999999999999999,0.1833333333333333,0.1933333333333333,25.53571428571429,23.283148148148147,106.05573576294096,0.0012984591212645,237.241878958171,89.75438478349835,86.32613642173338
2021-05-01,manabi,Manabí,Maracuya,0.365,8.5,2,2,2,0.27962968333333327,0.0,0.27962968333333327,5,26.666666666666668,24.75,3,3.0,26.374303465402594,24.775,68,105.6528980999749,-0.0037983580998059,-0.0318584297149651,0.0100404140432479,340.2938001843754,88.43143185191153,87.0871117251322,2,2021,5,2,0.49999999999999994,-0.8660254037844387,1,0.27962968333333327,0,26.666666666666668,0,0.356875,0.3844444444444445,0.3785714285714285,0.38928571428571446,0.36777777777777754,0.37329695767195775,0.014521831812680198,0.40039847883597884,0.03796100296765957,-0.021696428571428505,-0.03241071428571446,0.25808530769230764,0.29,21.5,20.5,106.05573576294096,0.0012984591212645,237.241878958171,89.75438478349835,86.32613642173338
2021-05-01,santa elena,Santa Elena,Maracuya,0.605,11.0,1,1,1,0.4684817499999999,1.0,0.27962968333333327,5,27.20580808080808,24.8,3,3.0,26.374303465402594,24.775,68,105.6528980999749,-0.0037983580998059,-0.0318584297149651,0.0100404140432479,340.2938001843754,88.43143185191153,87.0871117251322,3,2021,5,2,0.49999999999999994,-0.8660254037844387,0,0.4684817499999999,0,27.20580808080808,0,0.712,0.935,0.6875,0.6325,0.7775,0.7781666666666666,0.13637295675218472,0.7145,0.11137324633860936,0.024499999999999966,0.07950000000000002,0.4335752666666666,0.4225521666666667,25.981399572649575,25.195381766381768,106.05573576294096,0.0012984591212645,237.241878958171,89.75438478349835,86.32613642173338
2021-05-01,santo domingo de los tsachilas,Santo Domingo De Los Tsáchilas,Maracuya,0.44125,7.0625,1,1,1,0.1999999999999999,1.0,0.27962968333333327,5,28.945714285714285,26.25,3,3.0,26.374303465402594,24.775,68,105.6528980999749,-0.0037983580998059,-0.0318584297149651,0.0100404140432479,340.2938001843754,88.43143185191153,87.0871117251322,4,2021,5,2,0.49999999999999994,-0.8660254037844387,0,0.1999999999999999,0,28.945714285714285,0,0.367777777777778,0.451111111111111,0.402857142857143,0.53,0.52375,0.40724867724867736,0.041839876814427114,0.443207671957672,0.06089107168254629,-0.035079365079365044,-0.16222222222222205,0.1999999999999999,0.23,27.443214285714287,27.21047619047619,106.05573576294096,0.0012984591212645,237.241878958171,89.75438478349835,86.32613642173338
2021-06-01,guayas,Guayas,Maracuya,0.58125,15.45875,2,2,2,0.4166666666666667,1.0,0.28842966361416356,7,29.17350833333333,26.8052,3,3.0,27.350031166180994,25.76956043956044,68,104.54157517471404,-0.0105186222550114,-0.0346900766944534,-0.0005838195343683,236.78632196497148,90.00517401347898,89.92839182028855,0,2021,6,2,1.2246467991473532e-16,-1.0,0,0.4166666666666667,0,29.17350833333333,0,0.6074999999999999,0.5134615384615385,0.5247115384615385,0.49102564102564106,0.6626923076923075,0.5485576923076922,0.05135452611086078,0.503805846930847,0.062033497466712814,0.08278846153846142,0.11647435897435887,0.3480000000000001,0.2657142857142855,26.574587644324485,24.364797385620914,105.6528980999749,-0.0037983580998059,340.2938001843754,88.43143185191153,87.0871117251322
2021-06-01,los rios,Los Rios,Maracuya,0.66,12.0,1,1,1,0.1808333333333333,1.0,0.28842966361416356,7,27.40002777777778,25.673333333333336,3,3.0,27.350031166180994,25.76956043956044,68,104.54157517471404,-0.0105186222550114,-0.0346900766944534,-0.0005838195343683,236.78632196497148,90.00517401347898,89.92839182028855,1,2021,6,2,1.2246467991473532e-16,-1.0,0,0.1808333333333333,0,27.40002777777778,0,0.585,0.55,0.55,0.652,0.6775,0.5616666666666666,0.02020725942162754,0.5878333333333333,0.044504681401705506,0.03499999999999992,-0.06700000000000006,0.1791666666666666,0.1788888888888888,26.035146520146522,23.957301587301586,105.6528980999749,-0.0037983580998059,340.2938001843754,88.43143185191153,87.0871117251322
2021-06-01,manabi,Manabí,Maracuya,0.3936805555555555,9.17361111111111,2,2,2,0.2888217948717949,2.0,0.28842966361416356,7,26.23611111111111,25.625,3,3.0,27.350031166180994,25.76956043956044,68,104.54157517471404,-0.0105186222550114,-0.0346900766944534,-0.0005838195343683,236.78632196497148,90.00517401347898,89.92839182028855,2,2021,6,2,1.2246467991473532e-16,-1.0,0,0.2888217948717949,0,26.23611111111111,0,0.365,0.356875,0.3844444444444445,0.43696428571428547,0.44444444444444453,0.3687731481481482,0.0141667234022074,0.39635085978835977,0.04058681603618852,-0.019444444444444486,-0.07196428571428548,0.27962968333333327,0.3052550769230769,26.666666666666668,20.924999999999997,105.6528980999749,-0.0037983580998059,340.2938001843754,88.43143185191153,87.0871117251322
2021-06-01,santa elena,Santa Elena,Maracuya,0.535,9.75,1,1,1,0.3858084999999999,1.0,0.28842966361416356,7,27.80395299145299,25.807692307692307,3,3.0,27.350031166180994,25.76956043956044,68,104.54157517471404,-0.0105186222550114,-0.0346900766944534,-0.0005838195343683,236.78632196497148,90.00517401347898,89.92839182028855,3,2021,6,2,1.2246467991473532e-16,-1.0,0,0.3858084999999999,0,27.80395299145299,0,0.605,0.712,0.935,0.66,0.88,0.7506666666666666,0.1683636936317722,0.7099166666666666,0.11589668531354654,-0.33000000000000007,-0.05500000000000005,0.4684817499999999,0.5180857,27.20580808080808,25.039545454545458,105.6528980999749,-0.0037983580998059,340.2938001843754,88.43143185191153,87.0871117251322
2021-06-01,santo domingo de los tsachilas,Santo Domingo De Los Tsáchilas,Maracuya,0.412222222222222,6.66555555555556,1,1,1,0.2155555555555555,1.0,0.28842966361416356,7,29.96464285714286,27.8125,3,3.0,27.350031166180994,25.76956043956044,68,104.54157517471404,-0.0105186222550114,-0.0346900766944534,-0.0005838195343683,236.78632196497148,90.00517401347898,89.92839182028855,4,2021,6,2,1.2246467991473532e-16,-1.0,0,0.2155555555555555,0,29.96464285714286,0,0.44125,0.367777777777778,0.451111111111111,0.495,0.603333333333333,0.42004629629629636,0.04553360186914961,0.4284160052910053,0.044038112832102634,-0.009861111111111043,-0.05375000000000002,0.1999999999999999,0.2075,28.945714285714285,27.152440476190478,105.6528980999749,-0.0037983580998059,340.2938001843754,88.43143185191153,87.0871117251322
2021-07-01,guayas,Guayas,Maracuya,0.5317142857142855,13.9132857142857,2,2,2,0.37,1.0,0.30619635,5,30.751069353986974,28.399615384615384,3,3.0,29.702016676385117,27.9375,64,105.79508630751828,0.0119905514213776,-0.0084655351173397,0.0113997315688616,214.3918877442821,90.12552687131276,90.21534976886625,0,2021,7,3,-0.4999999999999997,-0.8660254037844388,0,0.37,0,30.751069353986974,0,0.58125,0.6074999999999999,0.5134615384615385,0.45749999999999996,0.6156153846153845,0.5674038461538462,0.04852416969283219,0.5188432400932401,0.06887423039520657,0.06778846153846152,0.12375000000000008,0.4166666666666667,0.305,29.17350833333333,25.77761609907121,104.54157517471404,-0.0105186222550114,236.78632196497148,90.00517401347898,89.92839182028855
2021-07-01,los rios,Los Rios,Maracuya,0.616,11.2,1,1,1,0.1991666666666667,1.0,0.30619635,5,30.335929487179488,27.63125,3,3.0,29.702016676385117,27.9375,64,105.79508630751828,0.0119905514213776,-0.0084655351173397,0.0113997315688616,214.3918877442821,90.12552687131276,90.21534976886625,1,2021,7,3,-0.4999999999999997,-0.8660254037844388,0,0.1991666666666667,0,30.335929487179488,0,0.66,0.585,0.55,0.6325,0.666,0.5983333333333333,0.05619905100028803,0.5891666666666666,0.04686861067566768,0.10999999999999999,0.02750000000000008,0.1808333333333333,0.1833333333333333,27.40002777777778,25.53571428571429,104.54157517471404,-0.0105186222550114,236.78632196497148,90.00517401347898,89.92839182028855
2021-07-01,manabi,Manabí,Maracuya,0.43055555555555547,9.888888888888875,2,2,2,0.30619635,0.0,0.30619635,5,30.458333333333332,27.875,3,3.0,29.702016676385117,27.9375,64,105.79508630751828,0.0119905514213776,-0.0084655351173397,0.0113997315688616,214.3918877442821,90.12552687131276,90.21534976886625,2,2021,7,3,-0.4999999999999997,-0.8660254037844388,1,0.30619635,0,30.458333333333332,0,0.3936805555555555,0.365,0.356875,0.45625000000000004,0.4605555555555555,0.3718518518518519,0.01933579931856925,0.3891369047619047,0.03544539873182375,0.03680555555555548,-0.06256944444444457,0.2888217948717949,0.25808530769230764,26.23611111111111,21.5,104.54157517471404,-0.0105186222550114,236.78632196497148,90.00517401347898,89.92839182028855
2021-07-01,santa elena,Santa Elena,Maracuya,0.846,15.4,1,1,1,0.4684817499999999,1.0,0.30619635,5,30.464325396825398,28.357142857142858,3,3.0,29.702016676385117,27.9375,64,105.79508630751828,0.0119905514213776,-0.0084655351173397,0.0113997315688616,214.3918877442821,90.12552687131276,90.21534976886625,3,2021,7,3,-0.4999999999999997,-0.8660254037844388,0,0.4684817499999999,0,30.464325396825398,0,0.535,0.605,0.712,0.66,0.99,0.6173333333333333,0.08914220848359802,0.6890833333333334,0.1361324416392626,-0.17699999999999994,-0.125,0.3858084999999999,0.4335752666666666,27.80395299145299,25.981399572649575,104.54157517471404,-0.0105186222550114,236.78632196497148,90.00517401347898,89.92839182028855
2021-07-01,santo domingo de los tsachilas,Santo Domingo De Los Tsáchilas,Maracuya,0.422222222222222,6.81333333333333,1,1,1,0.2433333333333333,1.0,0.30619635,5,32.34583333333333,30.74,3,3.0,29.702016676385117,27.9375,64,105.79508630751828,0.0119905514213776,-0.0084655351173397,0.0113997315688616,214.3918877442821,90.12552687131276,90.21534976886625,4,2021,7,3,-0.4999999999999997,-0.8660254037844388,0,0.2433333333333333,0,32.34583333333333,0,0.412222222222222,0.44125,0.367777777777778,0.4125,0.518888888888889,0.4070833333333333,0.03700470232049525,0.41461970899470896,0.029609324270456285,0.04444444444444401,-0.00027777777777798773,0.2155555555555555,0.1999999999999999,29.96464285714286,27.443214285714287,104.54157517471404,-0.0105186222550114,236.78632196497148,90.00517401347898,89.92839182028855
2021-08-01,guayas,Guayas,Maracuya,0.4373076923076925,10.71865384615385,2,2,2,0.2750000000000002,1.0,0.28049379166666666,4,34.0092400709605,30.478484848484847,3,3.0,32.444991063512205,30.093214285714282,66,105.6524247730372,-0.0013484703256103,-0.0006620054149151,0.0100358890435106,267.4470313204882,90.1531704052227,88.39180890367169,0,2021,8,3,-0.8660254037844385,-0.5000000000000004,0,0.2750000000000002,0,34.0092400709605,0,0.5317142857142855,0.58125,0.6074999999999999,0.4286363636363635,0.5816346153846155,0.5734880952380952,0.03848446435379773,0.5312122877122877,0.06197258868062321,-0.07578571428571446,0.10307792207792199,0.37,0.3480000000000001,30.751069353986974,26.574587644324485,105.79508630751828,0.0119905514213776,214.3918877442821,90.12552687131276,90.21534976886625
2021-08-01,los rios,Los Rios,Maracuya,0.5775,10.5,1,1,1,0.1986666666666666,1.0,0.28049379166666666,4,33.09861111111111,29.85,3,3.0,32.444991063512205,30.093214285714282,66,105.6524247730372,-0.0013484703256103,-0.0006620054149151,0.0100358890435106,267.4470313204882,90.1531704052227,88.39180890367169,1,2021,8,3,-0.8660254037844385,-0.5000000000000004,0,0.1986666666666666,0,33.09861111111111,0,0.616,0.66,0.585,0.5575,0.6775,0.6203333333333333,0.03768730997740472,0.5864166666666667,0.044227159830440316,0.031000000000000028,0.058499999999999996,0.1991666666666667,0.1791666666666666,30.335929487179488,26.035146520146522,105.79508630751828,0.0119905514213776,214.3918877442821,90.12552687131276,90.21534976886625
2021-08-01,manabi,Manabí,Maracuya,0.34625,8.041666666666664,2,2,2,0.28049379166666666,0.0,0.28049379166666666,4,29.273333333333333,29.273333333333333,2,2.0,32.444991063512205,30.093214285714282,66,105.6524247730372,-0.0013484703256103,-0.0006620054149151,0.0100358890435106,267.4470313204882,90.1531704052227,88.39180890367169,2,2021,8,3,-0.8660254037844385,-0.5000000000000004,1,0.28049379166666666,0,29.273333333333333,0,0.43055555555555547,0.3936805555555555,0.365,0.3785714285714285,0.39625,0.39641203703703703,0.03286302571830635,0.38485449735449734,0.026012245032678388,0.06555555555555548,0.051984126984126966,0.30619635,0.27962968333333327,30.458333333333332,26.666666666666668,105.79508630751828,0.0119905514213776,214.3918877442821,90.12552687131276,90.21534976886625
2021-08-01,santa elena,Santa Elena,Maracuya,0.615,11.25,1,1,1,0.3858084999999999,1.0,0.28049379166666666,4,31.557509712509713,29.07692307692308,3,3.0,32.444991063512205,30.093214285714282,66,105.6524247730372,-0.0013484703256103,-0.0006620054149151,0.0100358890435106,267.4470313204882,90.1531704052227,88.39180890367169,3,2021,8,3,-0.8660254037844385,-0.5000000000000004,0,0.3858084999999999,0,31.557509712509713,0,0.846,0.535,0.605,0.6875,0.7,0.662,0.16314717282257735,0.7200833333333333,0.1487758100857368,0.241,0.15849999999999997,0.4684817499999999,0.4684817499999999,30.464325396825398,27.20580808080808,105.79508630751828,0.0119905514213776,214.3918877442821,90.12552687131276,90.21534976886625
2021-08-01,santo domingo de los tsachilas,Santo Domingo De Los Tsáchilas,Maracuya,0.45,7.20333333333333,1,1,1,0.28049379166666666,0.0,0.28049379166666666,4,36.22222222222222,32.666666666666664,3,3.0,32.444991063512205,30.093214285714282,66,105.6524247730372,-0.0013484703256103,-0.0006620054149151,0.0100358890435106,267.4470313204882,90.1531704052227,88.39180890367169,4,2021,8,3,-0.8660254037844385,-0.5000000000000004,1,0.28049379166666666,0,36.22222222222222,0,0.422222222222222,0.412222222222222,0.44125,0.402857142857143,0.45125,0.4252314814814813,0.014746006294836758,0.41624007936507934,0.02973587684630934,-0.019027777777777977,0.019365079365078974,0.2433333333333333,0.1999999999999999,32.34583333333333,28.945714285714285,105.79508630751828,0.0119905514213776,214.3918877442821,90.12552687131276,90.21534976886625
2021-09-01,guayas,Guayas,Maracuya,0.5014423076923076,12.905096153846149,2,2,2,0.257037037037037,1.0,0.2720712074074073,5,35.75972408293461,32.01590909090909,3,3.0,34.278640825084004,31.89318181818182,66,105.359652826097,-0.0027710859222531,0.0045243504210039,0.0072369928104116,243.73984571452408,90.32938273911368,86.00309850672903,0,2021,9,3,-1.0,-1.8369701987210297e-16,0,0.257037037037037,0,35.75972408293461,0,0.4373076923076925,0.5317142857142855,0.58125,0.5247115384615385,0.566153846153846,0.516757326007326,0.07312749119656388,0.5326575091575091,0.059138362484609124,-0.14394230769230754,-0.087403846153846,0.2750000000000002,0.4166666666666667,34.0092400709605,29.17350833333333,105.6524247730372,-0.0013484703256103,267.4470313204882,90.1531704052227,88.39180890367169
2021-09-01,los rios,Los Rios,Maracuya,0.55,10.0,1,1,1,0.1974999999999999,1.0,0.2720712074074073,5,35.02797008547008,31.41307692307692,3,3.0,34.278640825084004,31.89318181818182,66,105.359652826097,-0.0027710859222531,0.0045243504210039,0.0072369928104116,243.73984571452408,90.32938273911368,86.00309850672903,1,2021,9,3,-1.0,-1.8369701987210297e-16,0,0.1974999999999999,0,35.02797008547008,0,0.5775,0.616,0.66,0.55,0.5625,0.6178333333333333,0.04128054424705406,0.5897500000000001,0.04232463821464566,-0.08250000000000002,0.02749999999999997,0.1986666666666666,0.1808333333333333,33.09861111111111,27.40002777777778,105.6524247730372,-0.0013484703256103,267.4470313204882,90.1531704052227,88.39180890367169
2021-09-01,manabi,Manabí,Maracuya,0.356875,8.3125,2,2,2,0.26,1.0,0.2720712074074073,5,31.014166666666668,31.014166666666668,2,2.0,34.278640825084004,31.89318181818182,66,105.359652826097,-0.0027710859222531,0.0045243504210039,0.0072369928104116,243.73984571452408,90.32938273911368,86.00309850672903,2,2021,9,3,-1.0,-1.8369701987210297e-16,0,0.26,0,31.014166666666668,0,0.34625,0.43055555555555547,0.3936805555555555,0.3844444444444445,0.3560416666666665,0.39016203703703706,0.04226276912137332,0.37946759259259255,0.030528354896319436,-0.047430555555555476,-0.038194444444444475,0.28049379166666666,0.2888217948717949,29.273333333333333,26.23611111111111,105.6524247730372,-0.0013484703256103,267.4470313204882,90.1531704052227,88.39180890367169
2021-09-01,santa elena,Santa Elena,Maracuya,0.56,10.2,1,1,1,0.3908189999999999,1.0,0.2720712074074073,5,34.09869696969697,31.25,3,3.0,34.278640825084004,31.89318181818182,66,105.359652826097,-0.0027710859222531,0.0045243504210039,0.0072369928104116,243.73984571452408,90.32938273911368,86.00309850672903,3,2021,9,3,-1.0,-1.8369701987210297e-16,0,0.3908189999999999,0,34.09869696969697,0,0.615,0.846,0.535,0.935,0.55,0.6653333333333333,0.16149406593845253,0.7080000000000001,0.15477467493101243,0.07999999999999996,-0.32000000000000006,0.3858084999999999,0.3858084999999999,31.557509712509713,27.80395299145299,105.6524247730372,-0.0013484703256103,267.4470313204882,90.1531704052227,88.39180890367169
2021-09-01,santo domingo de los tsachilas,Santo Domingo De Los Tsáchilas,Maracuya,0.463333333333333,7.40555555555556,1,1,1,0.2720712074074073,0.0,0.2720712074074073,5,37.62222222222222,34.7,3,3.0,34.278640825084004,31.89318181818182,66,105.359652826097,-0.0027710859222531,0.0045243504210039,0.0072369928104116,243.73984571452408,90.32938273911368,86.00309850672903,4,2021,9,3,-1.0,-1.8369701987210297e-16,1,0.2720712074074073,0,37.62222222222222,0,0.45,0.422222222222222,0.412222222222222,0.451111111111111,0.528888888888889,0.428148148148148,0.01957364483221585,0.4240972222222221,0.031658594243995704,0.03777777777777802,-0.0011111111111110072,0.28049379166666666,0.2155555555555555,36.22222222222222,29.96464285714286,105.6524247730372,-0.0013484703256103,267.4470313204882,90.1531704052227,88.39180890367169
2021-10-01,guayas,Guayas,Maracuya,0.538173076923077,13.74625,2,2,2,0.2762500000000002,1.0,0.3071095324074074,5,42.91566666666666,41.132,3,3.0,38.64179545155801,38.24102564102564,66,105.53965125391971,0.0017084189535068,0.0097225081792307,0.0089577755796022,361.35029964462535,90.71588485521067,85.28322796427891,0,2021,10,4,-0.8660254037844386,0.5000000000000001,0,0.2762500000000002,0,42.91566666666666,0,0.5014423076923076,0.4373076923076925,0.5317142857142855,0.5134615384615385,0.527857142857143,0.49015476190476187,0.048204851800301034,0.528779304029304,0.06051072151101553,-0.030271978021977897,-0.012019230769230949,0.257037037037037,0.37,35.75972408293461,30.751069353986974,105.359652826097,-0.0027710859222531,243.73984571452408,90.32938273911368,86.00309850672903
2021-10-01,los rios,Los Rios,Maracuya,0.55,10.0,1,1,1,0.1999999999999999,1.0,0.3071095324074074,5,41.494455128205125,41.36249999999999,3,3.0,38.64179545155801,38.24102564102564,66,105.53965125391971,0.0017084189535068,0.0097225081792307,0.0089577755796022,361.35029964462535,90.71588485521067,85.28322796427891,1,2021,10,4,-0.8660254037844386,0.5000000000000001,0,0.1999999999999999,0,41.494455128205125,0,0.55,0.5775,0.616,0.55,0.638,0.5811666666666667,0.03315242575337401,0.58975,0.04232463821464566,-0.06599999999999995,0.0,0.1974999999999999,0.1991666666666667,35.02797008547008,30.335929487179488,105.359652826097,-0.0027710859222531,243.73984571452408,90.32938273911368,86.00309850672903
2021-10-01,manabi,Manabí,Maracuya,0.36312500000000003,8.625,2,2,2,0.3,1.0,0.3071095324074074,5,41.03333333333333,41.03333333333333,2,2.0,38.64179545155801,38.24102564102564,66,105.53965125391971,0.0017084189535068,0.0097225081792307,0.0089577755796022,361.35029964462535,90.71588485521067,85.28322796427891,2,2021,10,4,-0.8660254037844386,0.5000000000000001,0,0.3,0,41.03333333333333,0,0.356875,0.34625,0.43055555555555547,0.356875,0.40888888888888897,0.3778935185185186,0.045915033103740795,0.37487268518518513,0.031682422270343784,-0.07368055555555547,0.0,0.26,0.30619635,31.014166666666668,30.458333333333332,105.359652826097,-0.0027710859222531,243.73984571452408,90.32938273911368,86.00309850672903
2021-10-01,santa elena,Santa Elena,Maracuya,0.6325,11.5,1,1,1,0.4822606249999999,1.0,0.3071095324074074,5,39.88848484848485,37.405,3,3.0,38.64179545155801,38.24102564102564,66,105.53965125391971,0.0017084189535068,0.0097225081792307,0.0089577755796022,361.35029964462535,90.71588485521067,85.28322796427891,3,2021,10,4,-0.8660254037844386,0.5000000000000001,0,0.4822606249999999,0,39.88848484848485,0,0.56,0.615,0.846,0.712,0.548,0.6736666666666666,0.15175748196821548,0.6455000000000001,0.11551060557369007,-0.2859999999999999,-0.1519999999999999,0.3908189999999999,0.4684817499999999,34.09869696969697,30.464325396825398,105.359652826097,-0.0027710859222531,243.73984571452408,90.32938273911368,86.00309850672903
2021-10-01,santo domingo de los tsachilas,Santo Domingo De Los Tsáchilas,Maracuya,0.4325,6.96,1,1,1,0.3071095324074074,0.0,0.3071095324074074,5,39.111111111111114,35.833333333333336,3,3.0,38.64179545155801,38.24102564102564,66,105.53965125391971,0.0017084189535068,0.0097225081792307,0.0089577755796022,361.35029964462535,90.71588485521067,85.28322796427891,4,2021,10,4,-0.8660254037844386,0.5000000000000001,1,0.3071095324074074,0,39.111111111111114,0,0.463333333333333,0.45,0.422222222222222,0.367777777777778,0.513333333333333,0.4451851851851851,0.020974215014499885,0.4261342592592592,0.03404749051078635,0.04111111111111099,0.095555555555555,0.2720712074074073,0.2433333333333333,37.62222222222222,32.34583333333333,105.359652826097,-0.0027710859222531,243.73984571452408,90.32938273911368,86.00309850672903
2021-11-01,guayas,Guayas,Maracuya,0.5254166666666665,12.8875,2,2,2,0.265,1.0,0.3072079,5,50.84802130325814,50.3085,3,3.0,46.87135936743492,47.05704545454546,64,105.4875104139525,-0.0004940402905232,0.0059237588452503,0.0084593097870291,345.87800545193625,91.21073124862598,88.27,0,2021,11,4,-0.5000000000000004,0.8660254037844384,0,0.265,0,50.84802130325814,0,0.538173076923077,0.5014423076923076,0.4373076923076925,0.6074999999999999,0.5061363636363635,0.49230769230769234,0.05104936191639508,0.5328978937728938,0.06009920037280553,0.10086538461538452,-0.0693269230769229,0.2762500000000002,0.2750000000000002,42.91566666666666,34.0092400709605,105.53965125391971,0.0017084189535068,361.35029964462535,90.71588485521067,85.28322796427891
2021-11-01,los rios,Los Rios,Maracuya,0.55,10.0,1,1,1,0.1999999999999999,1.0,0.3072079,5,47.68896103896105,47.01909090909091,3,3.0,46.87135936743492,47.05704545454546,64,105.4875104139525,-0.0004940402905232,0.0059237588452503,0.0084593097870291,345.87800545193625,91.21073124862598,88.27,1,2021,11,4,-0.5000000000000004,0.8660254037844384,0,0.1999999999999999,0,47.68896103896105,0,0.55,0.55,0.5775,0.585,0.66,0.5591666666666667,0.015877132402703394,0.5897500000000001,0.04232463821464566,-0.02749999999999997,-0.03499999999999992,0.1999999999999999,0.1986666666666666,41.494455128205125,33.09861111111111,105.53965125391971,0.0017084189535068,361.35029964462535,90.71588485521067,85.28322796427891
2021-11-01,manabi,Manabí,Maracuya,0.359375,8.5625,2,2,2,0.29,1.0,0.3072079,5,45.0,45.0,1,1.0,46.87135936743492,47.05704545454546,64,105.4875104139525,-0.0004940402905232,0.0059237588452503,0.0084593097870291,345.87800545193625,91.21073124862598,88.27,2,2021,11,4,-0.5000000000000004,0.8660254037844384,0,0.29,0,45.0,0,0.36312500000000003,0.356875,0.34625,0.365,0.38928571428571446,0.3554166666666667,0.008531498012263024,0.3759143518518518,0.031069150046631116,0.01687500000000003,-0.00187499999999996,0.3,0.28049379166666666,41.03333333333333,29.273333333333333,105.53965125391971,0.0017084189535068,361.35029964462535,90.71588485521067,85.28322796427891
2021-11-01,santa elena,Santa Elena,Maracuya,0.66,12.0,1,1,1,0.4960394999999999,1.0,0.3072079,5,46.94763888888889,45.45,3,3.0,46.87135936743492,47.05704545454546,64,105.4875104139525,-0.0004940402905232,0.0059237588452503,0.0084593097870291,345.87800545193625,91.21073124862598,88.27,3,2021,11,4,-0.5000000000000004,0.8660254037844384,0,0.4960394999999999,0,46.94763888888889,0,0.6325,0.56,0.615,0.605,0.6325,0.6024999999999999,0.03783186487605305,0.63225,0.11082136526861872,0.01749999999999996,0.02749999999999997,0.4822606249999999,0.3858084999999999,39.88848484848485,31.557509712509713,105.53965125391971,0.0017084189535068,361.35029964462535,90.71588485521067,85.28322796427891
2021-11-01,santo domingo de los tsachilas,Santo Domingo De Los Tsáchilas,Maracuya,0.494285714285714,7.90571428571429,1,1,1,0.3072079,0.0,0.3072079,5,48.550000000000004,48.7,3,3.0,46.87135936743492,47.05704545454546,64,105.4875104139525,-0.0004940402905232,0.0059237588452503,0.0084593097870291,345.87800545193625,91.21073124862598,88.27,4,2021,11,4,-0.5000000000000004,0.8660254037844384,1,0.3072079,0,48.550000000000004,0,0.4325,0.463333333333333,0.45,0.44125,0.53,0.448611111111111,0.015463517399724413,0.4369212962962961,0.018617415322540822,-0.017500000000000016,-0.00874999999999998,0.3071095324074074,0.28049379166666666,39.111111111111114,36.22222222222222,105.53965125391971,0.0017084189535068,361.35029964462535,90.71588485521067,85.28322796427891
2021-12-01,guayas,Guayas,Maracuya,0.5579166666666665,13.79333333333335,2,2,2,0.28125,1.0,0.32849013888888884,4,54.31848861283644,54.13782608695652,3,3.0,50.02883402933884,51.19166666666666,61,105.73397757888316,0.0023364582590248,0.0108155328702714,0.0108155328702714,345.3860928719633,92.84514594516622,91.16867793875424,0,2021,12,4,-2.4492935982947064e-16,1.0,0,0.28125,0,54.31848861283644,0,0.5254166666666665,0.538173076923077,0.5014423076923076,0.58125,0.49102564102564106,0.5216773504273503,0.018648705491918435,0.5192173382173383,0.04780610490490892,0.023974358974358956,-0.05583333333333351,0.265,0.257037037037037,50.84802130325814,35.75972408293461,105.4875104139525,-0.0004940402905232,345.87800545193625,91.21073124862598,88.27
2021-12-01,los rios,Los Rios,Maracuya,0.66,12.0,1,1,1,0.2055555555555555,1.0,0.32849013888888884,4,52.41833333333333,51.8875,3,3.0,50.02883402933884,51.19166666666666,61,105.73397757888316,0.0023364582590248,0.0108155328702714,0.0108155328702714,345.3860928719633,92.84514594516622,91.16867793875424,1,2021,12,4,-2.4492935982947064e-16,1.0,0,0.2055555555555555,0,52.41833333333333,0,0.55,0.55,0.55,0.66,0.652,0.55,0.0,0.5839166666666666,0.04540970894717687,0.0,-0.10999999999999999,0.1999999999999999,0.1974999999999999,47.68896103896105,35.02797008547008,105.4875104139525,-0.0004940402905232,345.87800545193625,91.21073124862598,88.27
2021-12-01,manabi,Manabí,Maracuya,0.39928571428571447,9.500000000000005,2,2,2,0.32849013888888884,0.0,0.32849013888888884,4,49.75,49.75,1,1.0,50.02883402933884,51.19166666666666,61,105.73397757888316,0.0023364582590248,0.0108155328702714,0.0108155328702714,345.3860928719633,92.84514594516622,91.16867793875424,2,2021,12,4,-2.4492935982947064e-16,1.0,1,0.32849013888888884,0,49.75,0,0.359375,0.36312500000000003,0.356875,0.3936805555555555,0.43696428571428547,0.35979166666666673,0.0031457643480161594,0.37497685185185187,0.03154556726050026,0.0025000000000000022,-0.03430555555555548,0.29,0.26,45.0,31.014166666666668,105.4875104139525,-0.0004940402905232,345.87800545193625,91.21073124862598,88.27
2021-12-01,santa elena,Santa Elena,Maracuya,0.594,10.8,1,1,1,0.551155,1.0,0.32849013888888884,4,51.54553571428571,50.56428571428571,3,3.0,50.02883402933884,51.19166666666666,61,105.73397757888316,0.0023364582590248,0.0108155328702714,0.0108155328702714,345.3860928719633,92.84514594516622,91.16867793875424,3,2021,12,4,-2.4492935982947064e-16,1.0,0,0.551155,0,51.54553571428571,0,0.66,0.6325,0.56,0.535,0.66,0.6175,0.05165994579942894,0.6414166666666666,0.1103904056821392,0.09999999999999998,0.125,0.4960394999999999,0.3908189999999999,46.94763888888889,34.09869696969697,105.4875104139525,-0.0004940402905232,345.87800545193625,91.21073124862598,88.27
2021-12-01,santo domingo de los tsachilas,Santo Domingo De Los Tsáchilas,Maracuya,0.494444444444444,7.90777777777778,1,1,1,0.32849013888888884,0.0,0.32849013888888884,4,50.300000000000004,50.3,3,3.0,50.02883402933884,51.19166666666666,61,105.73397757888316,0.0023364582590248,0.0108155328702714,0.0108155328702714,345.3860928719633,92.84514594516622,91.16867793875424,4,2021,12,4,-2.4492935982947064e-16,1.0,1,0.32849013888888884,0,50.300000000000004,0,0.494285714285714,0.4325,0.463333333333333,0.412222222222222,0.495,0.46337301587301566,0.030892876257773684,0.44576058201058183,0.030120364241945842,0.03095238095238101,0.082063492063492,0.3072079,0.2720712074074073,48.550000000000004,37.62222222222222,105.4875104139525,-0.0004940402905232,345.87800545193625,91.21073124862598,88.27
2022-01-01,guayas,Guayas,Maracuya,0.50875,12.166875000000001,2,2,2,0.2840000000000001,1.0,0.3334627211538461,4,52.753055555555555,53.376666666666665,3,3.0,52.26334365079365,52.56357142857143,30,107.81061711347644,0.0196402290176211,0.0270696173316715,0.0196402290176211,314.1075183610775,94.0418644522278,91.16867793875424,0,2022,1,1,0.49999999999999994,0.8660254037844387,0,0.2840000000000001,0,52.753055555555555,0,0.5579166666666665,0.5254166666666665,0.538173076923077,0.5317142857142855,0.45749999999999996,0.5405021367521367,0.016374702738235897,0.5153284493284492,0.042393311936535255,0.019743589743589474,0.026202380952381032,0.28125,0.2762500000000002,54.31848861283644,42.91566666666666,105.73397757888316,0.0023364582590248,345.3860928719633,92.84514594516622,91.16867793875424
2022-01-01,los rios,Los Rios,Maracuya,0.66,12.0,1,1,1,0.2033333333333333,1.0,0.3334627211538461,4,53.580000000000005,54.67,3,3.0,52.26334365079365,52.56357142857143,30,107.81061711347644,0.0196402290176211,0.0270696173316715,0.0196402290176211,314.1075183610775,94.0418644522278,91.16867793875424,1,2022,1,1,0.49999999999999994,0.8660254037844387,0,0.2033333333333333,0,53.580000000000005,0,0.66,0.55,0.55,0.616,0.6325,0.5866666666666668,0.06350852961085601,0.5839166666666668,0.04540970894717687,0.10999999999999999,0.04400000000000004,0.2055555555555555,0.1999999999999999,52.41833333333333,41.494455128205125,105.73397757888316,0.0023364582590248,345.3860928719633,92.84514594516622,91.16867793875424
2022-01-01,manabi,Manabí,Maracuya,0.407777777777778,9.80555555555555,2,2,2,0.3504780512820513,1.0,0.3334627211538461,4,52.85833333333333,52.85833333333333,2,2.0,52.26334365079365,52.56357142857143,30,107.81061711347644,0.0196402290176211,0.0270696173316715,0.0196402290176211,314.1075183610775,94.0418644522278,91.16867793875424,2,2022,1,1,0.49999999999999994,0.8660254037844387,0,0.3504780512820513,0,52.85833333333333,0,0.39928571428571447,0.359375,0.36312500000000003,0.43055555555555547,0.45625000000000004,0.37392857142857155,0.02203983088428966,0.375911044973545,0.032284578451002056,0.036160714285714435,-0.031269841269841,0.32849013888888884,0.3,49.75,41.03333333333333,105.73397757888316,0.0023364582590248,345.3860928719633,92.84514594516622,91.16867793875424
2022-01-01,santa elena,Santa Elena,Maracuya,0.623333333333333,11.3333333333333,1,1,1,0.4960394999999999,1.0,0.3334627211538461,4,50.93571428571428,50.8,3,3.0,52.26334365079365,52.56357142857143,30,107.81061711347644,0.0196402290176211,0.0270696173316715,0.0196402290176211,314.1075183610775,94.0418644522278,91.16867793875424,3,2022,1,1,0.49999999999999994,0.8660254037844387,0,0.4960394999999999,0,50.93571428571428,0,0.594,0.66,0.6325,0.846,0.66,0.6288333333333332,0.033152425753378484,0.65125,0.10126586295490006,-0.03849999999999998,-0.252,0.551155,0.4822606249999999,51.54553571428571,39.88848484848485,105.73397757888316,0.0023364582590248,345.3860928719633,92.84514594516622,91.16867793875424
2022-01-01,santo domingo de los tsachilas,Santo Domingo De Los Tsáchilas,Maracuya,0.4775,7.6275,1,1,1,0.3334627211538461,0.0,0.3334627211538461,4,52.26334365079365,52.56357142857143,0,0.0,52.26334365079365,52.56357142857143,30,107.81061711347644,0.0196402290176211,0.0270696173316715,0.0196402290176211,314.1075183610775,94.0418644522278,91.16867793875424,4,2022,1,1,0.49999999999999994,0.8660254037844387,1,0.3334627211538461,1,52.26334365079365,0,0.494444444444444,0.494285714285714,0.4325,0.422222222222222,0.4125,0.473743386243386,0.03571790839946846,0.45946428571428544,0.030511406468171284,0.061944444444444025,0.07222222222222202,0.32849013888888884,0.3071095324074074,50.300000000000004,39.111111111111114,105.73397757888316,0.0023364582590248,345.3860928719633,92.84514594516622,91.16867793875424
2022-02-01,guayas,Guayas,Maracuya,0.62,15.8325,2,2,2,0.2716666666666666,1.0,0.3298020679487179,5,51.12584848484848,52.50899999999999,3,3.0,51.5599312018391,51.04653846153846,38,108.1420307640297,0.0030740353726426,0.026649009983686,0.0227746391489906,329.69630813083336,94.2332391459856,92.71937565632958,0,2022,2,1,0.8660254037844386,0.5000000000000001,0,0.2716666666666666,0,51.12584848484848,0,0.50875,0.5579166666666665,0.5254166666666665,0.4373076923076925,0.4286363636363635,0.5306944444444444,0.02500462920104127,0.5115010683760683,0.0416481734930059,-0.016666666666666496,0.07144230769230753,0.2840000000000001,0.265,52.753055555555555,50.84802130325814,107.81061711347644,0.0196402290176211,314.1075183610775,94.0418644522278,91.16867793875424
2022-02-01,los rios,Los Rios,Maracuya,0.66,12.0,1,1,1,0.2,1.0,0.3298020679487179,5,51.5599312018391,51.04653846153846,0,0.0,51.5599312018391,51.04653846153846,38,108.1420307640297,0.0030740353726426,0.026649009983686,0.0227746391489906,329.69630813083336,94.2332391459856,92.71937565632958,1,2022,2,1,0.8660254037844386,0.5000000000000001,0,0.2,1,51.5599312018391,0,0.66,0.66,0.55,0.5775,0.5575,0.6233333333333334,0.06350852961085605,0.59125,0.05430814855986754,0.10999999999999999,0.08250000000000002,0.2033333333333333,0.1999999999999999,53.580000000000005,47.68896103896105,107.81061711347644,0.0196402290176211,314.1075183610775,94.0418644522278,91.16867793875424
2022-02-01,manabi,Manabí,Maracuya,0.4526785714285715,10.839285714285701,2,2,2,0.356130923076923,1.0,0.3298020679487179,5,49.19166666666666,49.19166666666666,2,2.0,51.5599312018391,51.04653846153846,38,108.1420307640297,0.0030740353726426,0.026649009983686,0.0227746391489906,329.69630813083336,94.2332391459856,92.71937565632958,2,2022,2,1,0.8660254037844386,0.5000000000000001,0,0.356130923076923,0,49.19166666666666,0,0.407777777777778,0.39928571428571447,0.359375,0.34625,0.3785714285714285,0.3888128306878309,0.02584508062073479,0.37211474867724875,0.02511758331626609,0.04840277777777802,0.061527777777778014,0.3504780512820513,0.29,52.85833333333333,45.0,107.81061711347644,0.0196402290176211,314.1075183610775,94.0418644522278,91.16867793875424
2022-02-01,santa elena,Santa Elena,Maracuya,0.865,15.75,1,1,1,0.57871275,1.0,0.3298020679487179,5,51.106084656084654,50.71111111111111,3,3.0,51.5599312018391,51.04653846153846,38,108.1420307640297,0.0030740353726426,0.026649009983686,0.0227746391489906,329.69630813083336,94.2332391459856,92.71937565632958,3,2022,2,1,0.8660254037844386,0.5000000000000001,0,0.57871275,0,51.106084656084654,0,0.623333333333333,0.594,0.66,0.615,0.6875,0.6257777777777777,0.03306783152070033,0.6141388888888889,0.03424104370597788,-0.03666666666666707,0.00833333333333297,0.4960394999999999,0.4960394999999999,50.93571428571428,46.94763888888889,107.81061711347644,0.0196402290176211,314.1075183610775,94.0418644522278,91.16867793875424
2022-02-01,santo domingo de los tsachilas,Santo Domingo De Los Tsáchilas,Maracuya,0.545,8.75,1,1,1,0.3298020679487179,0.0,0.3298020679487179,5,51.60611111111111,50.7,3,3.0,51.5599312018391,51.04653846153846,38,108.1420307640297,0.0030740353726426,0.026649009983686,0.0227746391489906,329.69630813083336,94.2332391459856,92.71937565632958,4,2022,2,1,0.8660254037844386,0.5000000000000001,1,0.3298020679487179,0,51.60611111111111,0,0.4775,0.494444444444444,0.494285714285714,0.45,0.402857142857143,0.48874338624338604,0.009737381551547257,0.4686772486772485,0.02483454529737686,-0.016785714285714015,0.02749999999999997,0.3334627211538461,0.3072079,52.26334365079365,48.550000000000004,107.81061711347644,0.0196402290176211,314.1075183610775,94.0418644522278,91.16867793875424
2022-03-01,guayas,Guayas,Maracuya,0.5941346153846154,14.4701923076923,2,2,2,0.2625000000000002,1.0,0.3957857315705129,4,54.36192063492063,54.75,3,3.0,53.427803525550544,53.50091666666666,40,108.20394858132713,0.0005725601494623,0.0215802682043924,0.0233602391492482,179.07707367707349,95.97762848829085,100.60970286451266,0,2022,3,1,1.0,6.123233995736766e-17,0,0.2625000000000002,0,54.36192063492063,0,0.62,0.50875,0.5579166666666665,0.5014423076923076,0.5247115384615385,0.5622222222222222,0.05574983391438542,0.5419497863247863,0.04330696558131354,0.06208333333333349,0.11855769230769242,0.2716666666666666,0.28125,51.12584848484848,54.31848861283644,108.1420307640297,0.0030740353726426,329.69630813083336,94.2332391459856,92.71937565632958
2022-03-01,manabi,Manabí,Maracuya,0.42562500000000003,10.1875,2,2,2,0.3504780512820513,1.0,0.3957857315705129,4,51.43333333333333,51.43333333333333,2,2.0,53.427803525550544,53.50091666666666,40,108.20394858132713,0.0005725601494623,0.0215802682043924,0.0233602391492482,179.07707367707349,95.97762848829085,100.60970286451266,2,2022,3,1,1.0,6.123233995736766e-17,0,0.3504780512820513,0,51.43333333333333,0,0.4526785714285715,0.407777777777778,0.39928571428571447,0.356875,0.3844444444444445,0.4199140211640214,0.028690862676415248,0.38985284391534397,0.03765147841549553,0.05339285714285702,0.09580357142857149,0.356130923076923,0.32849013888888884,49.19166666666666,49.75,108.1420307640297,0.0030740353726426,329.69630813083336,94.2332391459856,92.71937565632958
2022-03-01,santa elena,Santa Elena,Maracuya,1.022,18.6,1,1,1,0.675164875,1.0,0.3957857315705129,4,53.01320767195767,51.50142857142857,3,3.0,53.427803525550544,53.50091666666666,40,108.20394858132713,0.0005725601494623,0.0215802682043924,0.0233602391492482,179.07707367707349,95.97762848829085,100.60970286451266,3,2022,3,1,1.0,6.123233995736766e-17,0,0.675164875,0,53.01320767195767,0,0.865,0.623333333333333,0.594,0.56,0.935,0.6941111111111109,0.14871909887559948,0.6558055555555554,0.10805196366495362,0.271,0.30499999999999994,0.57871275,0.551155,51.106084656084654,51.54553571428571,108.1420307640297,0.0030740353726426,329.69630813083336,94.2332391459856,92.71937565632958
2022-03-01,santo domingo de los tsachilas,Santo Domingo De Los Tsáchilas,Maracuya,0.532222222222222,8.53666666666667,1,1,1,0.3957857315705129,0.0,0.3957857315705129,4,58.06,58.06,2,2.0,53.427803525550544,53.50091666666666,40,108.20394858132713,0.0005725601494623,0.0215802682043924,0.0233602391492482,179.07707367707349,95.97762848829085,100.60970286451266,4,2022,3,1,1.0,6.123233995736766e-17,1,0.3957857315705129,0,58.06,0,0.545,0.4775,0.494444444444444,0.463333333333333,0.451111111111111,0.505648148148148,0.0351170148576352,0.4845105820105819,0.03756575377998817,0.05055555555555602,0.08166666666666705,0.3298020679487179,0.32849013888888884,51.60611111111111,50.300000000000004,108.1420307640297,0.0030740353726426,329.69630813083336,94.2332391459856,92.71937565632958
2022-04-01,guayas,Guayas,Maracuya,0.5762499999999999,14.126249999999999,2,2,2,0.2620000000000001,1.0,0.37881149519230767,4,54.79468780224156,54.90964285714286,3,3.0,54.11004745133318,54.43258064516129,36,108.71860080267848,0.0047563164570147,0.0251081661975325,0.0282276642961685,204.96368521707427,98.53853237190296,102.1451008707699,0,2022,4,2,0.8660254037844387,-0.4999999999999998,0,0.2620000000000001,0,54.79468780224156,0,0.5941346153846154,0.62,0.50875,0.538173076923077,0.5134615384615385,0.5742948717948718,0.058218143171009436,0.5573985042735042,0.04249209239515999,0.08538461538461539,0.055961538461538396,0.2625000000000002,0.2840000000000001,54.36192063492063,52.753055555555555,108.20394858132713,0.0005725601494623,179.07707367707349,95.97762848829085,100.60970286451266
2022-04-01,manabi,Manabí,Maracuya,0.419375,12.5,2,2,2,0.3278665641025641,1.0,0.37881149519230767,4,50.0,50.0,1,1.0,54.11004745133318,54.43258064516129,36,108.71860080267848,0.0047563164570147,0.0251081661975325,0.0282276642961685,204.96368521707427,98.53853237190296,102.1451008707699,2,2022,4,2,0.8660254037844387,-0.4999999999999998,0,0.3278665641025641,0,50.0,0,0.42562500000000003,0.4526785714285715,0.407777777777778,0.36312500000000003,0.356875,0.4286937830687833,0.022607153508572356,0.4013111772486773,0.036034754555390264,0.017847222222222014,0.0625,0.3504780512820513,0.3504780512820513,51.43333333333333,52.85833333333333,108.20394858132713,0.0005725601494623,179.07707367707349,95.97762848829085,100.60970286451266
2022-04-01,santa elena,Santa Elena,Maracuya,0.88,16.0,1,1,1,0.57871275,1.0,0.37881149519230767,4,55.034375,55.034375,2,2.0,54.11004745133318,54.43258064516129,36,108.71860080267848,0.0047563164570147,0.0251081661975325,0.0282276642961685,204.96368521707427,98.53853237190296,102.1451008707699,3,2022,4,2,0.8660254037844387,-0.4999999999999998,0,0.57871275,0,55.034375,0,1.022,0.865,0.623333333333333,0.6325,0.712,0.8367777777777777,0.20082616400297085,0.7328055555555556,0.17188472935425586,0.39866666666666706,0.38950000000000007,0.675164875,0.4960394999999999,53.01320767195767,50.93571428571428,108.20394858132713,0.0005725601494623,179.07707367707349,95.97762848829085,100.60970286451266
2022-04-01,santo domingo de los tsachilas,Santo Domingo De Los Tsáchilas,Maracuya,0.521428571428572,8.35857142857143,1,1,1,0.37881149519230767,0.0,0.37881149519230767,4,54.68704761904761,55.094,3,3.0,54.11004745133318,54.43258064516129,36,108.71860080267848,0.0047563164570147,0.0251081661975325,0.0282276642961685,204.96368521707427,98.53853237190296,102.1451008707699,4,2022,4,2,0.8660254037844387,-0.4999999999999998,1,0.37881149519230767,0,54.68704761904761,0,0.532222222222222,0.545,0.4775,0.4325,0.367777777777778,0.5182407407407407,0.035856294681879786,0.4959920634920634,0.04023159836094723,0.05472222222222206,0.09972222222222205,0.3957857315705129,0.3334627211538461,58.06,52.26334365079365,108.20394858132713,0.0005725601494623,179.07707367707349,95.97762848829085,100.60970286451266
2022-05-01,guayas,Guayas,Maracuya,0.64375,16.15076923076925,2,2,2,0.312,1.0,0.44230063141025633,4,55.636975806451616,55.636975806451616,2,2.0,54.33897167605394,54.70799999999999,45,109.84816676089956,0.0103898132415372,0.0397080320215621,0.0389107576979876,268.7214063635081,101.06768934677072,103.8232458384688,0,2022,5,2,0.49999999999999994,-0.8660254037844387,0,0.312,0,55.636975806451616,0,0.5762499999999999,0.5941346153846154,0.62,0.5254166666666665,0.6074999999999999,0.5967948717948718,0.02199598481828676,0.563744658119658,0.04188558081984612,-0.04375000000000007,0.0508333333333334,0.2620000000000001,0.2716666666666666,54.79468780224156,51.12584848484848,108.71860080267848,0.0047563164570147,204.96368521707427,98.53853237190296,102.1451008707699
2022-05-01,los rios,Los Rios,Maracuya,0.78,14.33,1,1,1,0.44230063141025633,0.0,0.44230063141025633,4,53.28333333333333,53.09166666666667,3,3.0,54.33897167605394,54.70799999999999,45,109.84816676089956,0.0103898132415372,0.0397080320215621,0.0389107576979876,268.7214063635081,101.06768934677072,103.8232458384688,1,2022,5,2,0.49999999999999994,-0.8660254037844387,1,0.44230063141025633,0,53.28333333333333,0,0.66,0.66,0.66,0.55,0.55,0.66,0.0,0.605,0.06024948132557352,0.0,0.10999999999999999,0.2,0.2055555555555555,51.5599312018391,52.41833333333333,108.1420307640297,0.0030740353726426,329.69630813083336,94.2332391459856,92.71937565632958
2022-05-01,manabi,Manabí,Maracuya,0.5257142857142856,15.6904761904762,2,2,2,0.3957010256410256,1.0,0.44230063141025633,4,54.25888888888888,55.0,3,3.0,54.33897167605394,54.70799999999999,45,109.84816676089956,0.0103898132415372,0.0397080320215621,0.0389107576979876,268.7214063635081,101.06768934677072,103.8232458384688,2,2022,5,2,0.49999999999999994,-0.8660254037844387,0,0.3957010256410256,0,54.25888888888888,0,0.419375,0.42562500000000003,0.4526785714285715,0.359375,0.365,0.4325595238095239,0.017701629383281788,0.41068617724867734,0.03109112892405114,-0.03330357142857149,0.06,0.3278665641025641,0.356130923076923,50.0,49.19166666666666,108.71860080267848,0.0047563164570147,204.96368521707427,98.53853237190296,102.1451008707699
2022-05-01,santa elena,Santa Elena,Maracuya,1.18,21.5,1,1,1,0.7165015,1.0,0.44230063141025633,4,56.53833333333334,56.53833333333334,2,2.0,54.33897167605394,54.70799999999999,45,109.84816676089956,0.0103898132415372,0.0397080320215621,0.0389107576979876,268.7214063635081,101.06768934677072,103.8232458384688,3,2022,5,2,0.49999999999999994,-0.8660254037844387,0,0.7165015,0,56.53833333333334,0,0.88,1.022,0.865,0.66,0.605,0.9223333333333333,0.08663909817936259,0.7740555555555555,0.17269477463196672,0.015000000000000013,0.21999999999999997,0.57871275,0.57871275,55.034375,51.106084656084654,108.71860080267848,0.0047563164570147,204.96368521707427,98.53853237190296,102.1451008707699
2022-05-01,santo domingo de los tsachilas,Santo Domingo De Los Tsáchilas,Maracuya,0.65875,10.54125,1,1,1,0.44230063141025633,0.0,0.44230063141025633,4,56.75,56.75,2,2.0,54.33897167605394,54.70799999999999,45,109.84816676089956,0.0103898132415372,0.0397080320215621,0.0389107576979876,268.7214063635081,101.06768934677072,103.8232458384688,4,2022,5,2,0.49999999999999994,-0.8660254037844387,1,0.44230063141025633,0,56.75,0,0.521428571428572,0.532222222222222,0.545,0.494285714285714,0.44125,0.5328835978835981,0.011799623915599376,0.510813492063492,0.026040863555262517,-0.02357142857142802,0.027142857142858023,0.37881149519230767,0.3298020679487179,54.68704761904761,51.60611111111111,108.71860080267848,0.0047563164570147,204.96368521707427,98.53853237190296,102.1451008707699
2022-06-01,guayas,Guayas,Maracuya,0.72,17.883499999999998,2,2,2,0.3215151515151513,1.0,0.45318927272727266,3,55.58227543635591,56.904814814814834,3,3.0,54.78329083804659,55.49499999999999,42,112.1407601857628,0.0208705660955945,0.0726905539575875,0.0605934133339478,25.63,106.43832854608016,106.7479257166828,0,2022,6,2,1.2246467991473532e-16,-1.0,0,0.3215151515151513,0,55.58227543635591,0,0.64375,0.5762499999999999,0.5941346153846154,0.5579166666666665,0.58125,0.6047115384615385,0.034970930447036,0.5834668803418803,0.04768654507794187,0.04961538461538462,0.08583333333333354,0.312,0.2625000000000002,55.636975806451616,54.36192063492063,109.84816676089956,0.0103898132415372,268.7214063635081,101.06768934677072,103.8232458384688
2022-06-01,los rios,Los Rios,Maracuya,0.7425,13.5,1,1,1,0.45318927272727266,0.0,0.45318927272727266,3,53.52191919191919,55.48333333333333,3,3.0,54.78329083804659,55.49499999999999,42,112.1407601857628,0.0208705660955945,0.0726905539575875,0.0605934133339478,25.63,106.43832854608016,106.7479257166828,1,2022,6,2,1.2246467991473532e-16,-1.0,1,0.45318927272727266,0,53.52191919191919,0,0.78,0.66,0.66,0.55,0.55,0.7000000000000001,0.06928203230275266,0.6433333333333334,0.08594571930391458,0.12,0.22999999999999998,0.44230063141025633,0.2033333333333333,53.28333333333333,53.580000000000005,109.84816676089956,0.0103898132415372,268.7214063635081,101.06768934677072,103.8232458384688
2022-06-01,manabi,Manabí,Maracuya,0.516875,15.39625,2,2,2,0.45318927272727266,0.0,0.45318927272727266,3,54.574999999999996,56.35,3,3.0,54.78329083804659,55.49499999999999,42,112.1407601857628,0.0208705660955945,0.0726905539575875,0.0605934133339478,25.63,106.43832854608016,106.7479257166828,2,2022,6,2,1.2246467991473532e-16,-1.0,1,0.45318927272727266,0,54.574999999999996,0,0.5257142857142856,0.419375,0.42562500000000003,0.39928571428571447,0.3936805555555555,0.4569047619047619,0.059672678422960035,0.43840939153439157,0.04651980363974136,0.10008928571428555,0.1264285714285711,0.3957010256410256,0.3504780512820513,54.25888888888888,51.43333333333333,109.84816676089956,0.0103898132415372,268.7214063635081,101.06768934677072,103.8232458384688
2022-06-01,santa elena,Santa Elena,Maracuya,0.702,12.8,1,1,1,0.6613859999999999,1.0,0.45318927272727266,3,57.31066666666666,57.31066666666666,2,2.0,54.78329083804659,55.49499999999999,42,112.1407601857628,0.0208705660955945,0.0726905539575875,0.0605934133339478,25.63,106.43832854608016,106.7479257166828,3,2022,6,2,1.2246467991473532e-16,-1.0,0,0.6613859999999999,0,57.31066666666666,0,1.18,0.88,1.022,0.594,0.535,1.0273333333333334,0.15007109426312978,0.8607222222222223,0.22620034548226683,0.15799999999999992,0.586,0.7165015,0.675164875,56.53833333333334,53.01320767195767,109.84816676089956,0.0103898132415372,268.7214063635081,101.06768934677072,103.8232458384688
2022-06-01,santo domingo de los tsachilas,Santo Domingo De Los Tsáchilas,Maracuya,0.665,10.665,1,1,1,0.45318927272727266,0.0,0.45318927272727266,3,56.0625,56.0625,2,2.0,54.78329083804659,55.49499999999999,42,112.1407601857628,0.0208705660955945,0.0726905539575875,0.0605934133339478,25.63,106.43832854608016,106.7479257166828,4,2022,6,2,1.2246467991473532e-16,-1.0,1,0.45318927272727266,0,56.0625,0,0.65875,0.521428571428572,0.532222222222222,0.494444444444444,0.412222222222222,0.5708002645502647,0.07635766299870325,0.5382242063492063,0.06402279636157357,0.1265277777777779,0.16430555555555593,0.44230063141025633,0.3957857315705129,56.75,58.06,109.84816676089956,0.0103898132415372,268.7214063635081,101.06768934677072,103.8232458384688
2022-07-01,guayas,Guayas,Maracuya,0.7693846153846156,18.73576923076925,2,2,2,0.3126666666666666,1.0,0.4114587083333333,4,53.5874582289056,55.06368421052632,3,3.0,55.313870293814375,55.97727272727273,52,112.3300535059745,0.0016879974765475,0.0617700445884681,0.0623836923392986,192.48418600759345,100.1090178137248,103.398558525028,0,2022,7,3,-0.4999999999999997,-0.8660254037844388,0,0.3126666666666666,0,53.5874582289056,0,0.72,0.64375,0.5762499999999999,0.50875,0.5317142857142855,0.6466666666666666,0.07191937036246489,0.6104807692307692,0.07068240388480712,0.14375000000000004,0.21124999999999994,0.3215151515151513,0.2620000000000001,55.58227543635591,54.79468780224156,112.1407601857628,0.0208705660955945,25.63,106.43832854608016,106.7479257166828
2022-07-01,los rios,Los Rios,Maracuya,0.715,13.0,1,1,1,0.215,1.0,0.4114587083333333,4,54.86916666666667,57.1475,3,3.0,55.313870293814375,55.97727272727273,52,112.3300535059745,0.0016879974765475,0.0617700445884681,0.0623836923392986,192.48418600759345,100.1090178137248,103.398558525028,1,2022,7,3,-0.4999999999999997,-0.8660254037844388,0,0.215,0,54.86916666666667,0,0.7425,0.78,0.66,0.55,0.585,0.7275,0.06139014578904067,0.6754166666666667,0.07985012001661147,0.08250000000000002,0.1925,0.45318927272727266,0.2,53.52191919191919,51.5599312018391,112.1407601857628,0.0208705660955945,25.63,106.43832854608016,106.7479257166828
2022-07-01,manabi,Manabí,Maracuya,0.5161111111111115,15.3888888888889,2,2,2,0.4114587083333333,0.0,0.4114587083333333,4,51.66666666666667,51.66666666666667,2,2.0,55.313870293814375,55.97727272727273,52,112.3300535059745,0.0016879974765475,0.0617700445884681,0.0623836923392986,192.48418600759345,100.1090178137248,103.398558525028,2,2022,7,3,-0.4999999999999997,-0.8660254037844388,1,0.4114587083333333,0,51.66666666666667,0,0.516875,0.5257142857142856,0.419375,0.407777777777778,0.43055555555555547,0.4873214285714285,0.05900907650263496,0.45800760582010586,0.05126813869195414,0.09749999999999998,0.10909722222222196,0.45318927272727266,0.3278665641025641,54.574999999999996,50.0,112.1407601857628,0.0208705660955945,25.63,106.43832854608016,106.7479257166828
2022-07-01,santa elena,Santa Elena,Maracuya,0.78,14.25,1,1,1,0.7165015,1.0,0.4114587083333333,4,58.17155555555556,59.548,3,3.0,55.313870293814375,55.97727272727273,52,112.3300535059745,0.0016879974765475,0.0617700445884681,0.0623836923392986,192.48418600759345,100.1090178137248,103.398558525028,3,2022,7,3,-0.4999999999999997,-0.8660254037844388,0,0.7165015,0,58.17155555555556,0,0.702,1.18,0.88,0.623333333333333,0.846,0.9206666666666666,0.24158090432261664,0.8787222222222223,0.20393184228142713,-0.17800000000000005,0.078666666666667,0.6613859999999999,0.57871275,57.31066666666666,55.034375,112.1407601857628,0.0208705660955945,25.63,106.43832854608016,106.7479257166828
2022-07-01,santo domingo de los tsachilas,Santo Domingo De Los Tsáchilas,Maracuya,0.58,9.33375,1,1,1,0.4114587083333333,0.0,0.4114587083333333,4,55.333333333333336,55.0,3,3.0,55.313870293814375,55.97727272727273,52,112.3300535059745,0.0016879974765475,0.0617700445884681,0.0623836923392986,192.48418600759345,100.1090178137248,103.398558525028,4,2022,7,3,-0.4999999999999997,-0.8660254037844388,1,0.4114587083333333,0,55.333333333333336,0,0.665,0.65875,0.521428571428572,0.4775,0.422222222222222,0.6150595238095241,0.08114697811886687,0.5666501322751324,0.07720340275486731,0.14357142857142802,0.18750000000000006,0.45318927272727266,0.37881149519230767,56.0625,54.68704761904761,112.1407601857628,0.0208705660955945,25.63,106.43832854608016,106.7479257166828
2022-08-01,guayas,Guayas,Maracuya,0.6641666666666666,16.72166666666665,2,2,2,0.4075,1.0,0.41714351999999993,5,57.15523824510135,60.75451612903227,3,3.0,56.12462462962653,57.333333333333336,47,111.91780618532256,-0.003669964606845,0.0593018231786413,0.0584847817895239,110.42277895468828,98.28856404456582,102.93974502000182,0,2022,8,3,-0.8660254037844385,-0.5000000000000004,0,0.4075,0,57.15523824510135,0,0.7693846153846156,0.72,0.64375,0.62,0.4373076923076925,0.7110448717948717,0.06329423264870045,0.6539198717948719,0.07557719261712319,0.1256346153846155,0.14938461538461556,0.3126666666666666,0.312,53.5874582289056,55.636975806451616,112.3300535059745,0.0016879974765475,192.48418600759345,100.1090178137248,103.398558525028
2022-08-01,los rios,Los Rios,Maracuya,0.5775,10.5,1,1,1,0.21,1.0,0.41714351999999993,5,56.8381212121212,59.17636363636364,3,3.0,56.12462462962653,57.333333333333336,47,111.91780618532256,-0.003669964606845,0.0593018231786413,0.0584847817895239,110.42277895468828,98.28856404456582,102.93974502000182,1,2022,8,3,-0.8660254037844385,-0.5000000000000004,0,0.21,0,56.8381212121212,0,0.715,0.7425,0.78,0.66,0.66,0.7458333333333332,0.03262795325074811,0.7029166666666667,0.05134239638609827,-0.06500000000000006,0.05499999999999994,0.215,0.44230063141025633,54.86916666666667,53.28333333333333,112.3300535059745,0.0016879974765475,192.48418600759345,100.1090178137248,103.398558525028
2022-08-01,manabi,Manabí,Maracuya,0.52,15.5,2,2,2,0.440924,1.0,0.41714351999999993,5,54.80833333333334,54.80833333333334,2,2.0,56.12462462962653,57.333333333333336,47,111.91780618532256,-0.003669964606845,0.0593018231786413,0.0584847817895239,110.42277895468828,98.28856404456582,102.93974502000182,2,2022,8,3,-0.8660254037844385,-0.5000000000000004,0,0.440924,0,54.80833333333334,0,0.5161111111111115,0.516875,0.5257142857142856,0.4526785714285715,0.34625,0.519566798941799,0.005337562811998632,0.4760631613756614,0.049069488295902804,-0.009603174603174058,0.06343253968254003,0.4114587083333333,0.3957010256410256,51.66666666666667,54.25888888888888,112.3300535059745,0.0016879974765475,192.48418600759345,100.1090178137248,103.398558525028
2022-08-01,santa elena,Santa Elena,Maracuya,0.82,15.0,1,1,1,0.6172935999999999,1.0,0.41714351999999993,5,57.57571428571429,56.52,3,3.0,56.12462462962653,57.333333333333336,47,111.91780618532256,-0.003669964606845,0.0593018231786413,0.0584847817895239,110.42277895468828,98.28856404456582,102.93974502000182,3,2022,8,3,-0.8660254037844385,-0.5000000000000004,0,0.6172935999999999,0,57.57571428571429,0,0.78,0.702,1.18,0.865,0.615,0.8873333333333333,0.2564397265115787,0.9048333333333334,0.17226307400794633,-0.3999999999999999,-0.08499999999999996,0.7165015,0.7165015,58.17155555555556,56.53833333333334,112.3300535059745,0.0016879974765475,192.48418600759345,100.1090178137248,103.398558525028
2022-08-01,santo domingo de los tsachilas,Santo Domingo De Los Tsáchilas,Maracuya,0.59375,9.5425,1,1,1,0.41714351999999993,0.0,0.41714351999999993,5,58.1,58.1,1,1.0,56.12462462962653,57.333333333333336,47,111.91780618532256,-0.003669964606845,0.0593018231786413,0.0584847817895239,110.42277895468828,98.28856404456582,102.93974502000182,4,2022,8,3,-0.8660254037844385,-0.5000000000000004,1,0.41714351999999993,0,58.1,0,0.58,0.665,0.65875,0.545,0.45,0.6345833333333334,0.047373735691140804,0.5837334656084657,0.06368870889189472,-0.07874999999999999,0.03499999999999992,0.4114587083333333,0.44230063141025633,55.333333333333336,56.75,112.3300535059745,0.0016879974765475,192.48418600759345,100.1090178137248,103.398558525028
2022-09-01,guayas,Guayas,Maracuya,0.7663333333333335,19.01133333333335,2,2,2,0.5533333333333333,1.0,0.5233178866666666,5,56.82615873015873,56.82615873015873,2,2.0,55.957039018080685,56.42916666666667,54,112.88100219314993,0.0086062802752979,0.0713873780456328,0.0675943984887423,104.24323942595734,100.15837631663705,102.42912160522202,0,2022,9,3,-1.0,-1.8369701987210297e-16,0,0.5533333333333333,0,56.82615873015873,0,0.6641666666666666,0.7693846153846156,0.72,0.5941346153846154,0.5014423076923076,0.7178504273504274,0.05264190042195586,0.6612809829059829,0.07374128230679487,-0.0558333333333334,0.07003205128205114,0.4075,0.3215151515151513,57.15523824510135,55.58227543635591,111.91780618532256,-0.003669964606845,110.42277895468828,98.28856404456582,102.93974502000182
2022-09-01,los rios,Los Rios,Maracuya,0.67,12.2,1,1,1,0.5233178866666666,0.0,0.5233178866666666,5,57.96594871794872,60.36384615384616,3,3.0,55.957039018080685,56.42916666666667,54,112.88100219314993,0.0086062802752979,0.0713873780456328,0.0675943984887423,104.24323942595734,100.15837631663705,102.42912160522202,1,2022,9,3,-1.0,-1.8369701987210297e-16,1,0.5233178866666666,0,57.96594871794872,0,0.5775,0.715,0.7425,0.66,0.616,0.6783333333333333,0.08840013197576689,0.6891666666666666,0.07201851613763814,-0.16500000000000004,-0.08250000000000002,0.21,0.45318927272727266,56.8381212121212,53.52191919191919,111.91780618532256,-0.003669964606845,110.42277895468828,98.28856404456582,102.93974502000182
2022-09-01,manabi,Manabí,Maracuya,0.5478888888888891,16.327944444444448,2,2,2,0.4703189333333333,1.0,0.5233178866666666,5,53.525,53.525,2,2.0,55.957039018080685,56.42916666666667,54,112.88100219314993,0.0086062802752979,0.0713873780456328,0.0675943984887423,104.24323942595734,100.15837631663705,102.42912160522202,2,2022,9,3,-1.0,-1.8369701987210297e-16,0,0.4703189333333333,0,53.525,0,0.52,0.5161111111111115,0.516875,0.42562500000000003,0.356875,0.5176620370370372,0.0020604452603131085,0.48728339947089955,0.05033352300789861,0.0031250000000000444,0.09437499999999999,0.440924,0.45318927272727266,54.80833333333334,54.574999999999996,111.91780618532256,-0.003669964606845,110.42277895468828,98.28856404456582,102.93974502000182
2022-09-01,santa elena,Santa Elena,Maracuya,0.932,17.0,1,1,1,0.6062705,1.0,0.5233178866666666,5,59.032222222222224,60.48,3,3.0,55.957039018080685,56.42916666666667,54,112.88100219314993,0.0086062802752979,0.0713873780456328,0.0675943984887423,104.24323942595734,100.15837631663705,102.42912160522202,3,2022,9,3,-1.0,-1.8369701987210297e-16,0,0.6062705,0,59.032222222222224,0,0.82,0.78,0.702,1.022,0.56,0.7673333333333333,0.06001111008249526,0.8973333333333334,0.17529708116984494,0.118,-0.20200000000000007,0.6172935999999999,0.6613859999999999,57.57571428571429,57.31066666666666,111.91780618532256,-0.003669964606845,110.42277895468828,98.28856404456582,102.93974502000182
2022-09-01,santo domingo de los tsachilas,Santo Domingo De Los Tsáchilas,Maracuya,0.697777777777778,11.1488888888889,1,1,1,0.53,1.0,0.5233178866666666,5,56.333333333333336,58.0,3,3.0,55.957039018080685,56.42916666666667,54,112.88100219314993,0.0086062802752979,0.0713873780456328,0.0675943984887423,104.24323942595734,100.15837631663705,102.42912160522202,4,2022,9,3,-1.0,-1.8369701987210297e-16,0,0.53,0,56.333333333333336,0,0.59375,0.58,0.665,0.532222222222222,0.463333333333333,0.6129166666666667,0.045626426918334566,0.5918584656084657,0.060803312499825506,-0.07125000000000004,0.06152777777777796,0.41714351999999993,0.45318927272727266,58.1,56.0625,111.91780618532256,-0.003669964606845,110.42277895468828,98.28856404456582,102.93974502000182
2022-10-01,guayas,Guayas,Maracuya,0.815,20.33333333333335,2,2,2,0.664,1.0,0.5251115251882377,6,56.838948412698414,56.838948412698414,2,2.0,56.135622063492065,56.8125,50,113.31522576621752,0.0038467374016097,0.0736744381842839,0.071701153791158,306.4828905755133,99.79,102.15492781,0,2022,10,4,-0.8660254037844386,0.5000000000000001,0,0.664,0,56.838948412698414,0,0.7663333333333335,0.6641666666666666,0.7693846153846156,0.5762499999999999,0.538173076923077,0.7332948717948718,0.0598862182703548,0.6899807692307692,0.07586063383563074,-0.0030512820512820227,0.1900833333333336,0.5533333333333333,0.3126666666666666,56.82615873015873,53.5874582289056,112.88100219314993,0.0086062802752979,104.24323942595734,100.15837631663705,102.42912160522202
2022-10-01,los rios,Los Rios,Maracuya,0.99,18.0,1,1,1,0.208,1.0,0.5251115251882377,6,49.39333333333333,49.39333333333333,1,1.0,56.135622063492065,56.8125,50,113.31522576621752,0.0038467374016097,0.0736744381842839,0.071701153791158,306.4828905755133,99.79,102.15492781,1,2022,10,4,-0.8660254037844386,0.5000000000000001,0,0.208,0,49.39333333333333,0,0.67,0.5775,0.715,0.66,0.5775,0.6541666666666667,0.07010408927682465,0.6908333333333333,0.07132087118556002,-0.04499999999999993,0.010000000000000009,0.5233178866666666,0.215,57.96594871794872,54.86916666666667,112.88100219314993,0.0086062802752979,104.24323942595734,100.15837631663705,102.42912160522202
2022-10-01,manabi,Manabí,Maracuya,0.5891666666666665,17.58416666666665,2,2,1,0.4816246769230769,1.0,0.5251115251882377,6,54.96666666666667,54.96666666666667,1,1.0,56.135622063492065,56.8125,50,113.31522576621752,0.0038467374016097,0.0736744381842839,0.071701153791158,306.4828905755133,99.79,102.15492781,2,2022,10,4,-0.8660254037844386,0.5000000000000001,0,0.4816246769230769,0,54.96666666666667,0,0.5478888888888891,0.52,0.5161111111111115,0.419375,0.36312500000000003,0.5280000000000001,0.017333689455030173,0.5076607142857144,0.04482672207476648,0.03177777777777757,0.1285138888888891,0.4703189333333333,0.4114587083333333,53.525,51.66666666666667,112.88100219314993,0.0086062802752979,104.24323942595734,100.15837631663705,102.42912160522202
2022-10-01,santa elena,Santa Elena,Maracuya,1.13666666666667,20.6666666666667,1,1,1,0.7578381249999999,1.0,0.5251115251882377,6,50.4,50.4,1,1.0,56.135622063492065,56.8125,50,113.31522576621752,0.0038467374016097,0.0736744381842839,0.071701153791158,306.4828905755133,99.79,102.15492781,3,2022,10,4,-0.8660254037844386,0.5000000000000001,0,0.7578381249999999,0,50.4,0,0.932,0.82,0.78,0.88,0.6325,0.844,0.07879086241436876,0.8823333333333334,0.16610558890858307,0.15200000000000002,0.052000000000000046,0.6062705,0.7165015,59.032222222222224,58.17155555555556,112.88100219314993,0.0086062802752979,104.24323942595734,100.15837631663705,102.42912160522202
2022-10-01,santo domingo de los tsachilas,Santo Domingo De Los Tsáchilas,Maracuya,0.746666666666667,11.945,1,1,1,0.5714285714285714,1.0,0.5251115251882377,6,57.27619047619048,57.27619047619048,2,2.0,56.135622063492065,56.8125,50,113.31522576621752,0.0038467374016097,0.0736744381842839,0.071701153791158,306.4828905755133,99.79,102.15492781,4,2022,10,4,-0.8660254037844386,0.5000000000000001,0,0.5714285714285714,0,57.27619047619048,0,0.697777777777778,0.59375,0.58,0.521428571428572,0.4325,0.6238425925925927,0.06439778203693432,0.6194510582010583,0.06569554965759773,0.11777777777777809,0.17634920634920603,0.53,0.4114587083333333,56.333333333333336,55.333333333333336,112.88100219314993,0.0086062802752979,104.24323942595734,100.15837631663705,102.42912160522202
2022-11-01,guayas,Guayas,Maracuya,0.7536666666666665,18.53333333333335,2,2,2,0.4550000000000001,1.0,0.48607807777777784,5,57.475320512820524,60.56916666666669,3,3.0,56.453244301450184,57.225,51,113.471147394109,0.0013759989166253,0.0756832439103665,0.0731758134177209,312.4697975599329,100.86,102.2431738191,0,2022,11,4,-0.5000000000000004,0.8660254037844384,0,0.4550000000000001,0,57.475320512820524,0,0.815,0.7663333333333335,0.6641666666666666,0.64375,0.5254166666666665,0.7484999999999999,0.07698177995113185,0.729772435897436,0.0662858033146758,0.15083333333333337,0.1712499999999999,0.664,0.4075,56.838948412698414,57.15523824510135,113.31522576621752,0.0038467374016097,306.4828905755133,99.79,102.15492781
2022-11-01,los rios,Los Rios,Maracuya,0.88,16.0,1,1,1,0.21,1.0,0.48607807777777784,5,55.010000000000005,55.010000000000005,2,2.0,56.453244301450184,57.225,51,113.471147394109,0.0013759989166253,0.0756832439103665,0.0731758134177209,312.4697975599329,100.86,102.2431738191,1,2022,11,4,-0.5000000000000004,0.8660254037844384,0,0.21,0,55.010000000000005,0,0.99,0.67,0.5775,0.78,0.55,0.7458333333333332,0.21645342070139015,0.7458333333333332,0.1384437310486365,0.4125,0.20999999999999996,0.208,0.21,49.39333333333333,56.8381212121212,113.31522576621752,0.0038467374016097,306.4828905755133,99.79,102.15492781
2022-11-01,manabi,Manabí,Maracuya,0.557857142857143,16.619285714285702,2,2,2,0.48607807777777784,0.0,0.48607807777777784,5,53.14999999999999,53.14999999999999,2,2.0,56.453244301450184,57.225,51,113.471147394109,0.0013759989166253,0.0756832439103665,0.0731758134177209,312.4697975599329,100.86,102.2431738191,2,2022,11,4,-0.5000000000000004,0.8660254037844384,1,0.48607807777777784,0,53.14999999999999,0,0.5891666666666665,0.5478888888888891,0.52,0.5257142857142856,0.359375,0.5523518518518519,0.03479864183055132,0.5359593253968254,0.028604753596287065,0.06916666666666649,0.06345238095238093,0.4816246769230769,0.440924,54.96666666666667,54.80833333333334,113.31522576621752,0.0038467374016097,306.4828905755133,99.79,102.15492781
2022-11-01,santa elena,Santa Elena,Maracuya,0.766666666666667,14.0,1,1,1,0.7165015,1.0,0.48607807777777784,5,59.333333333333336,60.05,3,3.0,56.453244301450184,57.225,51,113.471147394109,0.0013759989166253,0.0756832439103665,0.0731758134177209,312.4697975599329,100.86,102.2431738191,3,2022,11,4,-0.5000000000000004,0.8660254037844384,0,0.7165015,0,59.333333333333336,0,1.13666666666667,0.932,0.82,1.18,0.66,0.96288888888889,0.16057719961762174,0.9251111111111117,0.19578340261815239,0.3166666666666701,-0.04333333333332989,0.7578381249999999,0.6172935999999999,50.4,57.57571428571429,113.31522576621752,0.0038467374016097,306.4828905755133,99.79,102.15492781
2022-11-01,santo domingo de los tsachilas,Santo Domingo De Los Tsáchilas,Maracuya,0.67,10.732,1,1,1,0.5455555555555555,1.0,0.48607807777777784,5,56.453244301450184,57.225,0,0.0,56.453244301450184,57.225,51,113.471147394109,0.0013759989166253,0.0756832439103665,0.0731758134177209,312.4697975599329,100.86,102.2431738191,4,2022,11,4,-0.5000000000000004,0.8660254037844384,0,0.5455555555555555,1,56.453244301450184,0,0.746666666666667,0.697777777777778,0.59375,0.65875,0.494285714285714,0.6793981481481484,0.07809759807512341,0.6569907407407408,0.06276872271633621,0.15291666666666703,0.08791666666666709,0.5714285714285714,0.41714351999999993,57.27619047619048,58.1,113.31522576621752,0.0038467374016097,306.4828905755133,99.79,102.15492781
2022-12-01,guayas,Guayas,Maracuya,0.6966666666666665,16.69416666666665,2,2,2,0.4421428571428571,1.0,0.5563200937499999,4,55.65804682217714,58.768235294117645,3,3.0,55.703014699492336,58.05,53,113.76573631990507,0.0025961571074355,0.0759619464332532,0.0759619464332532,362.45641130370376,99.66657566507234,101.67341805325532,0,2022,12,4,-2.4492935982947064e-16,1.0,0,0.4421428571428571,0,55.65804682217714,0,0.7536666666666665,0.815,0.7663333333333335,0.72,0.5579166666666665,0.7783333333333333,0.03237969185221617,0.7480918803418803,0.051237683638442895,-0.012666666666667048,0.03366666666666651,0.4550000000000001,0.5533333333333333,57.475320512820524,56.82615873015873,113.471147394109,0.0013759989166253,312.4697975599329,100.86,102.2431738191
2022-12-01,los rios,Los Rios,Maracuya,0.6975,12.75,1,1,1,0.5563200937499999,0.0,0.5563200937499999,4,55.269444444444446,58.55,3,3.0,55.703014699492336,58.05,53,113.76573631990507,0.0025961571074355,0.0759619464332532,0.0759619464332532,362.45641130370376,99.66657566507234,101.67341805325532,1,2022,12,4,-2.4492935982947064e-16,1.0,1,0.5563200937499999,0,55.269444444444446,0,0.88,0.99,0.67,0.7425,0.55,0.8466666666666667,0.1625833119767616,0.7625000000000001,0.14899664425751513,0.20999999999999996,0.13749999999999996,0.21,0.5233178866666666,55.010000000000005,57.96594871794872,113.471147394109,0.0013759989166253,312.4697975599329,100.86,102.2431738191
2022-12-01,manabi,Manabí,Maracuya,0.5288392857142855,15.791875,2,2,2,0.5563200937499999,0.0,0.5563200937499999,4,54.91111111111112,59.78333333333333,3,3.0,55.703014699492336,58.05,53,113.76573631990507,0.0025961571074355,0.0759619464332532,0.0759619464332532,362.45641130370376,99.66657566507234,101.67341805325532,2,2022,12,4,-2.4492935982947064e-16,1.0,1,0.5563200937499999,0,54.91111111111112,0,0.557857142857143,0.5891666666666665,0.5478888888888891,0.516875,0.39928571428571447,0.5649708994708996,0.021538753084561227,0.5413164682539684,0.02930364938160095,0.00996825396825396,0.04098214285714308,0.48607807777777784,0.4703189333333333,53.14999999999999,53.525,113.471147394109,0.0013759989166253,312.4697975599329,100.86,102.2431738191
2022-12-01,santa elena,Santa Elena,Maracuya,0.81,14.75,1,1,1,0.7302803749999999,1.0,0.5563200937499999,4,55.916666666666664,59.63333333333333,3,3.0,55.703014699492336,58.05,53,113.76573631990507,0.0025961571074355,0.0759619464332532,0.0759619464332532,362.45641130370376,99.66657566507234,101.67341805325532,3,2022,12,4,-2.4492935982947064e-16,1.0,0,0.7302803749999999,0,55.916666666666664,0,0.766666666666667,1.13666666666667,0.932,0.702,0.594,0.9451111111111125,0.18534812091285527,0.856222222222223,0.1570464427651454,-0.165333333333333,0.0646666666666671,0.7165015,0.6062705,59.333333333333336,59.032222222222224,113.471147394109,0.0013759989166253,312.4697975599329,100.86,102.2431738191
2022-12-01,santo domingo de los tsachilas,Santo Domingo De Los Tsáchilas,Maracuya,0.665714285714286,10.6671428571429,1,1,1,0.5428571428571428,1.0,0.5563200937499999,4,54.73888888888889,55.65,3,3.0,55.703014699492336,58.05,53,113.76573631990507,0.0025961571074355,0.0759619464332532,0.0759619464332532,362.45641130370376,99.66657566507234,101.67341805325532,4,2022,12,4,-2.4492935982947064e-16,1.0,0,0.5428571428571428,0,54.73888888888889,0,0.67,0.746666666666667,0.697777777777778,0.665,0.494444444444444,0.7048148148148151,0.038814744133389194,0.6588657407407409,0.06299938863280316,-0.027777777777778012,0.0050000000000000044,0.5455555555555555,0.53,56.453244301450184,56.333333333333336,113.471147394109,0.0013759989166253,312.4697975599329,100.86,102.2431738191
2023-01-01,guayas,Guayas,Maracuya,0.6995454545454545,17.0909090909091,2,2,2,0.4485714285714287,1.0,0.5612567344322344,5,54.427329365079366,57.770666666666656,3,3.0,53.88144558795502,56.23571428571428,53,113.85759294140176,0.0008074190390539,0.056088871298831,0.0008074190390539,339.200977541764,97.3536941216633,103.18500625178298,0,2023,1,1,0.49999999999999994,0.8660254037844387,0,0.4485714285714287,0,54.427329365079366,0,0.6966666666666665,0.7536666666666665,0.815,0.7693846153846156,0.50875,0.755111111111111,0.05917988897640226,0.7442029914529914,0.054573178838737094,-0.1183333333333334,-0.07271794871794901,0.4421428571428571,0.664,55.65804682217714,56.838948412698414,113.76573631990507,0.0025961571074355,362.45641130370376,99.66657566507234,101.67341805325532
2023-01-01,los rios,Los Rios,Maracuya,0.685,12.5,1,1,1,0.5612567344322344,0.0,0.5612567344322344,5,54.63611111111111,58.525,3,3.0,53.88144558795502,56.23571428571428,53,113.85759294140176,0.0008074190390539,0.056088871298831,0.0008074190390539,339.200977541764,97.3536941216633,103.18500625178298,1,2023,1,1,0.49999999999999994,0.8660254037844387,1,0.5612567344322344,0,54.63611111111111,0,0.6975,0.88,0.99,0.715,0.55,0.8558333333333333,0.1477399178737182,0.755,0.15131919904625626,-0.2925,-0.01749999999999996,0.5563200937499999,0.208,55.269444444444446,49.39333333333333,113.76573631990507,0.0025961571074355,362.45641130370376,99.66657566507234,101.67341805325532
2023-01-01,manabi,Manabí,Maracuya,0.6783333333333335,20.2142857142857,2,2,2,0.4522297435897436,1.0,0.5612567344322344,5,53.887698412698406,58.64166666666666,3,3.0,53.88144558795502,56.23571428571428,53,113.85759294140176,0.0008074190390539,0.056088871298831,0.0008074190390539,339.200977541764,97.3536941216633,103.18500625178298,2,2023,1,1,0.49999999999999994,0.8660254037844387,0,0.4522297435897436,0,53.887698412698406,0,0.5288392857142855,0.557857142857143,0.5891666666666665,0.5161111111111115,0.407777777777778,0.5586210317460317,0.0301709440989063,0.5433105158730159,0.027669321255410818,-0.06032738095238099,0.012728174603173992,0.5563200937499999,0.4816246769230769,54.91111111111112,54.96666666666667,113.76573631990507,0.0025961571074355,362.45641130370376,99.66657566507234,101.67341805325532
2023-01-01,santa elena,Santa Elena,Maracuya,0.81,14.75,1,1,1,0.8267324999999999,1.0,0.5612567344322344,5,54.0375,56.2,3,3.0,53.88144558795502,56.23571428571428,53,113.85759294140176,0.0008074190390539,0.056088871298831,0.0008074190390539,339.200977541764,97.3536941216633,103.18500625178298,3,2023,1,1,0.49999999999999994,0.8660254037844387,0,0.8267324999999999,0,54.0375,0,0.81,0.766666666666667,1.13666666666667,0.78,0.623333333333333,0.9044444444444458,0.2022741081177111,0.8742222222222229,0.14122742363006574,-0.32666666666667,0.030000000000000027,0.7302803749999999,0.7578381249999999,55.916666666666664,50.4,113.76573631990507,0.0025961571074355,362.45641130370376,99.66657566507234,101.67341805325532
2023-01-01,santo domingo de los tsachilas,Santo Domingo De Los Tsáchilas,Maracuya,0.714285714285714,11.4285714285714,1,1,1,0.525,1.0,0.5612567344322344,5,55.25,56.5,3,3.0,53.88144558795502,56.23571428571428,53,113.85759294140176,0.0008074190390539,0.056088871298831,0.0008074190390539,339.200977541764,97.3536941216633,103.18500625178298,4,2023,1,1,0.49999999999999994,0.8660254037844387,0,0.525,0,55.25,0,0.665714285714286,0.67,0.746666666666667,0.58,0.4775,0.6941269841269845,0.04555113080663573,0.6589847883597885,0.06301397184453,-0.080952380952381,0.08571428571428608,0.5428571428571428,0.5714285714285714,54.73888888888889,57.27619047619048,113.76573631990507,0.0025961571074355,362.45641130370376,99.66657566507234,101.67341805325532
2023-02-01,guayas,Guayas,Maracuya,0.7404545454545455,18.613636363636353,2,2,2,0.5116666666666667,1.0,0.5688989812608849,5,54.534501449275375,57.8213043478261,3,3.0,53.74155703494573,56.22472222222222,60,113.79934454922125,-0.0005115898788629,0.05231373726961,0.0002954160927826,312.83965805591106,97.12,102.08,0,2023,2,1,0.8660254037844386,0.5000000000000001,0,0.5116666666666667,0,54.534501449275375,0,0.6995454545454545,0.6966666666666665,0.7536666666666665,0.6641666666666666,0.62,0.7166262626262624,0.0321102087118737,0.7325631313131312,0.055566937286816706,-0.054121212121212015,0.0353787878787879,0.4485714285714287,0.4550000000000001,54.427329365079366,57.475320512820524,113.85759294140176,0.0008074190390539,339.200977541764,97.3536941216633,103.18500625178298
2023-02-01,los rios,Los Rios,Maracuya,1.0175,18.5,1,1,1,0.2081818181818182,1.0,0.5688989812608849,5,54.62916666666667,58.66250000000001,3,3.0,53.74155703494573,56.22472222222222,60,113.79934454922125,-0.0005115898788629,0.05231373726961,0.0002954160927826,312.83965805591106,97.12,102.08,1,2023,2,1,0.8660254037844386,0.5000000000000001,0,0.2081818181818182,0,54.62916666666667,0,0.685,0.6975,0.88,0.5775,0.66,0.7541666666666668,0.10915394327889856,0.75,0.15338676605235707,-0.19499999999999995,0.10750000000000004,0.5612567344322344,0.21,54.63611111111111,55.010000000000005,113.85759294140176,0.0008074190390539,339.200977541764,97.3536941216633,103.18500625178298
2023-02-01,manabi,Manabí,Maracuya,0.7985714285714289,23.7142857142857,2,2,2,0.5688989812608849,0.0,0.5688989812608849,5,52.88611111111111,57.20833333333332,3,3.0,53.74155703494573,56.22472222222222,60,113.79934454922125,-0.0005115898788629,0.05231373726961,0.0002954160927826,312.83965805591106,97.12,102.08,2,2023,2,1,0.8660254037844386,0.5000000000000001,1,0.5688989812608849,0,52.88611111111111,0,0.6783333333333335,0.5288392857142855,0.557857142857143,0.52,0.4526785714285715,0.588343253968254,0.07927275570074992,0.5703475529100529,0.05819502054083858,0.1204761904761904,0.15833333333333344,0.4522297435897436,0.48607807777777784,53.887698412698406,53.14999999999999,113.85759294140176,0.0008074190390539,339.200977541764,97.3536941216633,103.18500625178298
2023-02-01,santa elena,Santa Elena,Maracuya,1.165,21.25,1,1,1,1.0288226666666669,1.0,0.5688989812608849,5,54.35583333333333,58.337500000000006,3,3.0,53.74155703494573,56.22472222222222,60,113.79934454922125,-0.0005115898788629,0.05231373726961,0.0002954160927826,312.83965805591106,97.12,102.08,3,2023,2,1,0.8660254037844386,0.5000000000000001,0,1.0288226666666669,0,54.35583333333333,0,0.81,0.81,0.766666666666667,0.82,0.865,0.7955555555555557,0.025018511664883815,0.8792222222222229,0.13771172251671018,0.043333333333333,-0.009999999999999898,0.8267324999999999,0.7165015,54.0375,59.333333333333336,113.85759294140176,0.0008074190390539,339.200977541764,97.3536941216633,103.18500625178298
2023-02-01,santo domingo de los tsachilas,Santo Domingo De Los Tsáchilas,Maracuya,0.76,12.1671428571429,1,1,1,0.5344444444444445,1.0,0.5688989812608849,5,54.71388888888888,56.95,3,3.0,53.74155703494573,56.22472222222222,60,113.79934454922125,-0.0005115898788629,0.05231373726961,0.0002954160927826,312.83965805591106,97.12,102.08,4,2023,2,1,0.8660254037844386,0.5000000000000001,0,0.5344444444444445,0,54.71388888888888,0,0.714285714285714,0.665714285714286,0.67,0.59375,0.545,0.6833333333333335,0.026891062673335582,0.6813657407407409,0.05228375785513034,0.04428571428571393,0.12053571428571397,0.525,0.5455555555555555,55.25,56.453244301450184,113.85759294140176,0.0008074190390539,339.200977541764,97.3536941216633,103.18500625178298
2023-03-01,guayas,Guayas,Maracuya,0.8782692307692299,20.676153846153852,2,2,2,0.4795238095238094,1.0,0.4917824264208909,5,52.864672222222225,56.598666666666674,3,3.0,53.04939305031886,54.71666666666667,62,114.61119378382196,0.0071340413937934,0.0592145230049445,0.0074315649972105,329.0336,98.75085466952608,106.9850666114509,0,2023,3,1,1.0,6.123233995736766e-17,0,0.4795238095238094,0,52.864672222222225,0,0.7404545454545455,0.6995454545454545,0.6966666666666665,0.7663333333333335,0.5941346153846154,0.7122222222222222,0.02449224185805774,0.7452777777777776,0.044390645928789316,0.04378787878787893,-0.025878787878788057,0.5116666666666667,0.4421428571428571,54.534501449275375,55.65804682217714,113.79934454922125,-0.0005115898788629,312.83965805591106,97.12,102.08
2023-03-01,los rios,Los Rios,Maracuya,0.825,15.0,1,1,1,0.25625,1.0,0.4917824264208909,5,52.167878787878784,55.38545454545456,3,3.0,53.04939305031886,54.71666666666667,62,114.61119378382196,0.0071340413937934,0.0592145230049445,0.0074315649972105,329.0336,98.75085466952608,106.9850666114509,1,2023,3,1,1.0,6.123233995736766e-17,0,0.25625,0,52.167878787878784,0,1.0175,0.685,0.6975,0.67,0.66,0.8000000000000002,0.18846418757949657,0.8233333333333333,0.15948092884939916,0.32000000000000006,0.34750000000000003,0.2081818181818182,0.5563200937499999,54.62916666666667,55.269444444444446,113.79934454922125,-0.0005115898788629,312.83965805591106,97.12,102.08
2023-03-01,manabi,Manabí,Maracuya,0.74875,22.258928571428548,2,2,2,0.4917824264208909,0.0,0.4917824264208909,5,50.776190476190486,52.87857142857143,3,3.0,53.04939305031886,54.71666666666667,62,114.61119378382196,0.0071340413937934,0.0592145230049445,0.0074315649972105,329.0336,98.75085466952608,106.9850666114509,2,2023,3,1,1.0,6.123233995736766e-17,1,0.4917824264208909,0,50.776190476190486,0,0.7985714285714289,0.6783333333333335,0.5288392857142855,0.5478888888888891,0.42562500000000003,0.6685813492063493,0.1351302450171179,0.6167761243386244,0.10348998980309514,0.2697321428571434,0.25068253968253984,0.5688989812608849,0.5563200937499999,52.88611111111111,54.91111111111112,113.79934454922125,-0.0005115898788629,312.83965805591106,97.12,102.08
2023-03-01,santa elena,Santa Elena,Maracuya,1.165,21.25,1,1,1,0.881848,1.0,0.4917824264208909,5,53.7725,58.337500000000006,3,3.0,53.04939305031886,54.71666666666667,62,114.61119378382196,0.0071340413937934,0.0592145230049445,0.0074315649972105,329.0336,98.75085466952608,106.9850666114509,3,2023,3,1,1.0,6.123233995736766e-17,0,0.881848,0,53.7725,0,1.165,0.81,0.81,0.932,1.022,0.9283333333333333,0.204959345562317,0.9367222222222229,0.17501243342075049,0.355,0.23299999999999998,1.0288226666666669,0.7302803749999999,54.35583333333333,55.916666666666664,113.79934454922125,-0.0005115898788629,312.83965805591106,97.12,102.08
2023-03-01,santo domingo de los tsachilas,Santo Domingo De Los Tsáchilas,Maracuya,0.598571428571429,9.59571428571429,1,1,1,0.4312903225806451,1.0,0.4917824264208909,5,55.765277777777776,58.3375,3,3.0,53.04939305031886,54.71666666666667,62,114.61119378382196,0.0071340413937934,0.0592145230049445,0.0074315649972105,329.0336,98.75085466952608,106.9850666114509,4,2023,3,1,1.0,6.123233995736766e-17,0,0.4312903225806451,0,55.765277777777776,0,0.76,0.714285714285714,0.665714285714286,0.697777777777778,0.532222222222222,0.7133333333333334,0.04715007159804943,0.7090740740740742,0.03890571928214819,0.09428571428571397,0.06222222222222196,0.5344444444444445,0.5428571428571428,54.71388888888888,54.73888888888889,113.79934454922125,-0.0005115898788629,312.83965805591106,97.12,102.08
2023-04-01,guayas,Guayas,Maracuya,1.0125,23.377272727272747,2,2,2,0.3822222222222222,1.0,0.4483886054388422,5,47.431157407407404,48.276250000000005,3,3.0,48.01894642561446,48.276250000000005,61,114.37099379455267,-0.0020957812351414,0.0519910387931974,0.0053202088276003,314.72125643870584,99.49,104.08101441415631,0,2023,4,2,0.8660254037844387,-0.4999999999999998,0,0.3822222222222222,0,47.431157407407404,0,0.8782692307692299,0.7404545454545455,0.6995454545454545,0.815,0.5762499999999999,0.77275641025641,0.09363815941794247,0.7639337606837605,0.07072165607474191,0.17872377622377544,0.06326923076922997,0.4795238095238094,0.4485714285714287,52.864672222222225,54.427329365079366,114.61119378382196,0.0071340413937934,329.0336,98.75085466952608,106.9850666114509
2023-04-01,los rios,Los Rios,Maracuya,0.75,13.6666666666667,1,1,1,0.2747058823529412,1.0,0.4483886054388422,5,50.393,50.629,3,3.0,48.01894642561446,48.276250000000005,61,114.37099379455267,-0.0020957812351414,0.0519910387931974,0.0053202088276003,314.72125643870584,99.49,104.08101441415631,1,2023,4,2,0.8660254037844387,-0.4999999999999998,0,0.2747058823529412,0,50.393,0,0.825,1.0175,0.685,0.99,0.66,0.8424999999999999,0.16693936024796444,0.8491666666666666,0.14117955470487606,0.1399999999999999,-0.16500000000000004,0.25625,0.5612567344322344,52.167878787878784,54.63611111111111,114.61119378382196,0.0071340413937934,329.0336,98.75085466952608,106.9850666114509
2023-04-01,manabi,Manabí,Maracuya,0.5274285714285715,15.7,2,2,2,0.4483886054388422,0.0,0.4483886054388422,5,43.45579365079365,40.88166666666667,3,3.0,48.01894642561446,48.276250000000005,61,114.37099379455267,-0.0020957812351414,0.0519910387931974,0.0053202088276003,314.72125643870584,99.49,104.08101441415631,2,2023,4,2,0.8660254037844387,-0.4999999999999998,1,0.4483886054388422,0,43.45579365079365,0,0.74875,0.7985714285714289,0.6783333333333335,0.5891666666666665,0.419375,0.7418849206349208,0.06041230729444095,0.6502529761904762,0.10908560394198255,0.07041666666666657,0.15958333333333352,0.4917824264208909,0.4522297435897436,50.776190476190486,53.887698412698406,114.61119378382196,0.0071340413937934,329.0336,98.75085466952608,106.9850666114509
2023-04-01,santa elena,Santa Elena,Maracuya,1.02666666666667,18.6666666666667,1,1,1,0.785395875,1.0,0.4483886054388422,5,46.73083333333333,43.4125,3,3.0,48.01894642561446,48.276250000000005,61,114.37099379455267,-0.0020957812351414,0.0519910387931974,0.0053202088276003,314.72125643870584,99.49,104.08101441415631,3,2023,4,2,0.8660254037844387,-0.4999999999999998,0,0.785395875,0,46.73083333333333,0,1.165,1.165,0.81,1.13666666666667,0.88,1.0466666666666666,0.20495934556231687,0.9755555555555563,0.19808434417542473,0.355,0.02833333333332999,0.881848,0.8267324999999999,53.7725,54.0375,114.61119378382196,0.0071340413937934,329.0336,98.75085466952608,106.9850666114509
2023-04-01,santo domingo de los tsachilas,Santo Domingo De Los Tsáchilas,Maracuya,0.57,9.12,1,1,1,0.3576190476190475,1.0,0.4483886054388422,5,53.955555555555556,56.333333333333336,3,3.0,48.01894642561446,48.276250000000005,61,114.37099379455267,-0.0020957812351414,0.0519910387931974,0.0053202088276003,314.72125643870584,99.49,104.08101441415631,4,2023,4,2,0.8660254037844387,-0.4999999999999998,0,0.3576190476190475,0,53.955555555555556,0,0.598571428571429,0.76,0.714285714285714,0.746666666666667,0.521428571428572,0.690952380952381,0.0832053438890869,0.6925396825396827,0.06001864159892451,-0.11571428571428499,-0.14809523809523806,0.4312903225806451,0.525,55.765277777777776,55.25,114.61119378382196,0.0071340413937934,329.0336,98.75085466952608,106.9850666114509
2023-05-01,guayas,Guayas,Maracuya,1.0249999999999986,23.81916666666665,2,2,2,0.5333333333333333,1.0,0.4660030784493285,6,44.965784126984126,44.22095238095238,3,3.0,45.95738812840556,44.25,65,114.75454350227972,0.0033535575323933,0.0446650762234348,0.0086916079863814,232.33,98.92251943062216,100.64878647200568,0,2023,5,2,0.49999999999999994,-0.8660254037844387,0,0.5333333333333333,0,44.965784126984126,0,1.0125,0.8782692307692299,0.7404545454545455,0.7536666666666665,0.64375,0.8770745920745918,0.13602666174658107,0.7968504273504271,0.12464680986934121,0.2720454545454545,0.25883333333333347,0.3822222222222222,0.5116666666666667,47.431157407407404,54.534501449275375,114.37099379455267,-0.0020957812351414,314.72125643870584,99.49,104.08101441415631
2023-05-01,los rios,Los Rios,Maracuya,0.715,13.0,1,1,1,0.2928,1.0,0.4660030784493285,6,42.36575424575424,38.47363636363636,3,3.0,45.95738812840556,44.25,65,114.75454350227972,0.0033535575323933,0.0446650762234348,0.0086916079863814,232.33,98.92251943062216,100.64878647200568,1,2023,5,2,0.49999999999999994,-0.8660254037844387,0,0.2928,0,42.36575424575424,0,0.75,0.825,1.0175,0.88,0.78,0.8641666666666667,0.1379839966566159,0.8091666666666666,0.1265372145523487,-0.26750000000000007,-0.13,0.2747058823529412,0.2081818181818182,50.393,54.62916666666667,114.37099379455267,-0.0020957812351414,314.72125643870584,99.49,104.08101441415631
2023-05-01,manabi,Manabí,Maracuya,0.5892857142857144,17.58035714285715,2,2,2,0.4506146373626373,1.0,0.4660030784493285,6,41.95862433862434,39.23142857142857,3,3.0,45.95738812840556,44.25,65,114.75454350227972,0.0033535575323933,0.0446650762234348,0.0086916079863814,232.33,98.92251943062216,100.64878647200568,2,2023,5,2,0.49999999999999994,-0.8660254037844387,0,0.4506146373626373,0,41.95862433862434,0,0.5274285714285715,0.74875,0.7985714285714289,0.557857142857143,0.5257142857142856,0.6915833333333335,0.14432821303622978,0.6399632936507937,0.11850517012367714,-0.27114285714285746,-0.030428571428571582,0.4483886054388422,0.5688989812608849,43.45579365079365,52.88611111111111,114.37099379455267,-0.0020957812351414,314.72125643870584,99.49,104.08101441415631
2023-05-01,santa elena,Santa Elena,Maracuya,0.7425,13.5,1,1,1,0.6062705,1.0,0.4660030784493285,6,46.6359126984127,41.9125,3,3.0,45.95738812840556,44.25,65,114.75454350227972,0.0033535575323933,0.0446650762234348,0.0086916079863814,232.33,98.92251943062216,100.64878647200568,3,2023,5,2,0.49999999999999994,-0.8660254037844387,0,0.6062705,0,46.6359126984127,0,1.02666666666667,1.165,1.165,0.766666666666667,1.18,1.11888888888889,0.07986678723789549,0.957222222222223,0.18483826764278488,-0.1383333333333301,0.2600000000000029,0.785395875,1.0288226666666669,46.73083333333333,54.35583333333333,114.37099379455267,-0.0020957812351414,314.72125643870584,99.49,104.08101441415631
2023-05-01,santo domingo de los tsachilas,Santo Domingo De Los Tsáchilas,Maracuya,0.6725,10.75,1,1,1,0.453,1.0,0.4660030784493285,6,50.69444444444445,53.333333333333336,3,3.0,45.95738812840556,44.25,65,114.75454350227972,0.0033535575323933,0.0446650762234348,0.0086916079863814,232.33,98.92251943062216,100.64878647200568,4,2023,5,2,0.49999999999999994,-0.8660254037844387,0,0.453,0,50.69444444444445,0,0.57,0.598571428571429,0.76,0.67,0.65875,0.642857142857143,0.10244958939570038,0.6630952380952382,0.07056284890973749,-0.19000000000000006,-0.10000000000000009,0.3576190476190475,0.5344444444444445,53.955555555555556,54.71388888888888,114.37099379455267,-0.0020957812351414,314.72125643870584,99.49,104.08101441415631
2023-06-01,guayas,Guayas,Maracuya,1.085,25.7440909090909,2,2,2,0.5849272658119657,0.0,0.5849272658119657,5,42.799054115964566,42.97922077922078,0,0.0,42.799054115964566,42.97922077922078,56,116.830773633579,0.0180927923891573,0.0418225580069826,0.0269416558343642,230.884941414758,110.01,106.39872791688548,0,2023,6,2,1.2246467991473532e-16,-1.0,1,0.5849272658119657,1,42.799054115964566,0,1.0249999999999986,1.0125,0.8782692307692299,0.6966666666666665,0.72,0.9719230769230762,0.08134706309730055,0.842072649572649,0.1520534314444184,0.14673076923076867,0.32833333333333203,0.5333333333333333,0.4795238095238094,44.965784126984126,52.864672222222225,114.75454350227972,0.0033535575323933,232.33,98.92251943062216,100.64878647200568
2023-06-01,los rios,Los Rios,Maracuya,0.888,16.2,1,1,1,0.2823076923076923,1.0,0.5849272658119657,5,39.47440476190476,34.771428571428565,3,3.0,42.799054115964566,42.97922077922078,56,116.830773633579,0.0180927923891573,0.0418225580069826,0.0269416558343642,230.884941414758,110.01,106.39872791688548,1,2023,6,2,1.2246467991473532e-16,-1.0,0,0.2823076923076923,0,39.47440476190476,0,0.715,0.75,0.825,0.6975,0.7425,0.7633333333333333,0.05619905100028821,0.7816666666666666,0.12599272465768474,-0.10999999999999999,0.01749999999999996,0.2928,0.25625,42.36575424575424,52.167878787878784,114.75454350227972,0.0033535575323933,232.33,98.92251943062216,100.64878647200568
2023-06-01,manabi,Manabí,Maracuya,0.7861111111111114,23.3888888888889,2,2,2,0.6350059316239315,1.0,0.5849272658119657,5,40.327777777777776,38.35,3,3.0,42.799054115964566,42.97922077922078,56,116.830773633579,0.0180927923891573,0.0418225580069826,0.0269416558343642,230.884941414758,110.01,106.39872791688548,2,2023,6,2,1.2246467991473532e-16,-1.0,0,0.6350059316239315,0,40.327777777777776,0,0.5892857142857144,0.5274285714285715,0.74875,0.5288392857142855,0.516875,0.6218214285714286,0.11419160745994296,0.6452013888888889,0.11478636498471614,-0.15946428571428561,0.0604464285714289,0.4506146373626373,0.4917824264208909,41.95862433862434,50.776190476190486,114.75454350227972,0.0033535575323933,232.33,98.92251943062216,100.64878647200568
2023-06-01,santa elena,Santa Elena,Maracuya,1.218,22.2,1,1,1,1.0471944999999998,1.0,0.5849272658119657,5,41.04,37.07,3,3.0,42.799054115964566,42.97922077922078,56,116.830773633579,0.0180927923891573,0.0418225580069826,0.0269416558343642,230.884941414758,110.01,106.39872791688548,3,2023,6,2,1.2246467991473532e-16,-1.0,0,1.0471944999999998,0,41.04,0,0.7425,1.02666666666667,1.165,0.81,0.702,0.9780555555555567,0.21540390570412754,0.953194444444445,0.19001200010837685,-0.4225,-0.0675,0.6062705,0.881848,46.6359126984127,53.7725,114.75454350227972,0.0033535575323933,232.33,98.92251943062216,100.64878647200568
2023-06-01,santo domingo de los tsachilas,Santo Domingo De Los Tsáchilas,Maracuya,0.806666666666667,12.9066666666667,1,1,1,0.4784615384615386,1.0,0.5849272658119657,5,47.9,45.95,3,3.0,42.799054115964566,42.97922077922078,56,116.830773633579,0.0180927923891573,0.0418225580069826,0.0269416558343642,230.884941414758,110.01,106.39872791688548,4,2023,6,2,1.2246467991473532e-16,-1.0,0,0.4784615384615386,0,47.9,0,0.6725,0.57,0.598571428571429,0.665714285714286,0.665,0.6136904761904763,0.05289614069741769,0.6635119047619048,0.07061913391447015,0.07392857142857101,0.006785714285713951,0.453,0.4312903225806451,50.69444444444445,55.765277777777776,114.75454350227972,0.0033535575323933,232.33,98.92251943062216,100.64878647200568
2023-07-01,guayas,Guayas,Maracuya,1.107083333333335,26.245,2,2,2,0.65,1.0,0.6235994346764345,6,36.70166666666667,34.27,3,3.0,40.88138548832343,39.48214285714286,62,119.20644807468774,0.0203343208918538,0.0612159823136513,0.0478238170013121,294.8527169522264,108.86,110.56790200872656,0,2023,7,3,-0.4999999999999997,-0.8660254037844388,0,0.65,0,36.70166666666667,0,1.085,1.0249999999999986,1.0125,0.6995454545454545,0.7693846153846156,1.0408333333333328,0.03875671984744484,0.9067948717948714,0.16021125521923496,0.07250000000000001,0.3854545454545455,0.5849272658119657,0.3822222222222222,42.799054115964566,47.431157407407404,116.830773633579,0.0180927923891573,230.884941414758,110.01,106.39872791688548
2023-07-01,los rios,Los Rios,Maracuya,0.953333333333334,17.3333333333333,1,1,1,0.3599999999999999,1.0,0.6235994346764345,6,39.31166666666667,36.621,3,3.0,40.88138548832343,39.48214285714286,62,119.20644807468774,0.0203343208918538,0.0612159823136513,0.0478238170013121,294.8527169522264,108.86,110.56790200872656,1,2023,7,3,-0.4999999999999997,-0.8660254037844388,0,0.3599999999999999,0,39.31166666666667,0,0.888,0.715,0.75,0.685,0.715,0.7843333333333332,0.09146766277397161,0.8134166666666666,0.12453530289306373,0.138,0.20299999999999996,0.2823076923076923,0.2747058823529412,39.47440476190476,50.393,116.830773633579,0.0180927923891573,230.884941414758,110.01,106.39872791688548
2023-07-01,manabi,Manabí,Maracuya,0.7646527777777781,22.72916666666665,2,2,2,0.6500802564102564,1.0,0.6235994346764345,6,38.704166666666666,36.7125,3,3.0,40.88138548832343,39.48214285714286,62,119.20644807468774,0.0203343208918538,0.0612159823136513,0.0478238170013121,294.8527169522264,108.86,110.56790200872656,2,2023,7,3,-0.4999999999999997,-0.8660254037844388,0,0.6500802564102564,0,38.704166666666666,0,0.7861111111111114,0.5892857142857144,0.5274285714285715,0.6783333333333335,0.5161111111111115,0.6342751322751324,0.135082196763386,0.6880800264550265,0.1106015310349543,0.25868253968253996,0.10777777777777797,0.6350059316239315,0.4483886054388422,40.327777777777776,43.45579365079365,116.830773633579,0.0180927923891573,230.884941414758,110.01,106.39872791688548
2023-07-01,santa elena,Santa Elena,Maracuya,1.235,22.5,1,1,1,1.0726324230769229,1.0,0.6235994346764345,6,39.705000000000005,35.49,3,3.0,40.88138548832343,39.48214285714286,62,119.20644807468774,0.0203343208918538,0.0612159823136513,0.0478238170013121,294.8527169522264,108.86,110.56790200872656,3,2023,7,3,-0.4999999999999997,-0.8660254037844388,0,1.0726324230769229,0,39.705000000000005,0,1.218,0.7425,1.02666666666667,0.81,0.78,0.9957222222222234,0.2392555777437205,1.021194444444445,0.20119450005368536,0.19133333333333002,0.4079999999999999,1.0471944999999998,0.785395875,41.04,46.73083333333333,116.830773633579,0.0180927923891573,230.884941414758,110.01,106.39872791688548
2023-07-01,santo domingo de los tsachilas,Santo Domingo De Los Tsáchilas,Maracuya,0.68625,11.0,1,1,1,0.4860714285714286,1.0,0.6235994346764345,6,44.362500000000004,41.975,3,3.0,40.88138548832343,39.48214285714286,62,119.20644807468774,0.0203343208918538,0.0612159823136513,0.0478238170013121,294.8527169522264,108.86,110.56790200872656,4,2023,7,3,-0.4999999999999997,-0.8660254037844388,0,0.4860714285714286,0,44.362500000000004,0,0.806666666666667,0.6725,0.57,0.714285714285714,0.58,0.6830555555555557,0.11868589887848192,0.6870039682539683,0.09177416135885771,0.23666666666666702,0.09238095238095301,0.4784615384615386,0.3576190476190475,47.9,53.955555555555556,116.830773633579,0.0180927923891573,230.884941414758,110.01,106.39872791688548
2023-08-01,guayas,Guayas,Maracuya,1.0756410256410236,25.47705128205125,2,2,2,0.5351851851851852,1.0,0.49810492358317443,6,36.6336837913182,35.22814814814816,3,3.0,40.14653332361335,38.5,61,121.06,0.0155490911376785,0.0816866781639649,0.0641165250280957,250.56283166165167,111.36585533429036,113.39640470044716,0,2023,8,3,-0.8660254037844385,-0.5000000000000004,0,0.5351851851851852,0,36.6336837913182,0,1.107083333333335,1.085,1.0249999999999986,0.7404545454545455,0.6641666666666666,1.072361111111111,0.042476164339981685,0.9747178515928515,0.13987150622054179,0.0820833333333364,0.3666287878787895,0.65,0.5333333333333333,36.70166666666667,44.965784126984126,119.20644807468774,0.0203343208918538,294.8527169522264,108.86,110.56790200872656
2023-08-01,los rios,Los Rios,Maracuya,0.814,14.8,1,1,1,0.4166666666666667,1.0,0.49810492358317443,6,39.39976190476191,37.07428571428572,3,3.0,40.14653332361335,38.5,61,121.06,0.0155490911376785,0.0816866781639649,0.0641165250280957,250.56283166165167,111.36585533429036,113.39640470044716,1,2023,8,3,-0.8660254037844385,-0.5000000000000004,0,0.4166666666666667,0,39.39976190476191,0,0.953333333333334,0.888,0.715,1.0175,0.5775,0.8521111111111113,0.12315317171597093,0.858138888888889,0.11715850690727156,0.23833333333333406,-0.06416666666666604,0.3599999999999999,0.2928,39.31166666666667,42.36575424575424,119.20644807468774,0.0203343208918538,294.8527169522264,108.86,110.56790200872656
2023-08-01,manabi,Manabí,Maracuya,0.5862499999999999,17.5357142857143,2,2,2,0.5248245182186234,1.0,0.49810492358317443,6,38.606904761904765,38.06,3,3.0,40.14653332361335,38.5,61,121.06,0.0155490911376785,0.0816866781639649,0.0641165250280957,250.56283166165167,111.36585533429036,113.39640470044716,2,2023,8,3,-0.8660254037844385,-0.5000000000000004,0,0.5248245182186234,0,38.606904761904765,0,0.7646527777777781,0.7861111111111114,0.5892857142857144,0.7985714285714289,0.52,0.713349867724868,0.10797708388260668,0.7024666005291008,0.11462115029362972,0.17536706349206366,-0.03391865079365086,0.6500802564102564,0.4506146373626373,38.704166666666666,41.95862433862434,119.20644807468774,0.0203343208918538,294.8527169522264,108.86,110.56790200872656
2023-08-01,santa elena,Santa Elena,Maracuya,1.044,19.0,1,1,1,0.7275245999999999,1.0,0.49810492358317443,6,39.84583333333333,38.5,3,3.0,40.14653332361335,38.5,61,121.06,0.0155490911376785,0.0816866781639649,0.0641165250280957,250.56283166165167,111.36585533429036,113.39640470044716,3,2023,8,3,-0.8660254037844385,-0.5000000000000004,0,0.7275245999999999,0,39.84583333333333,0,1.235,1.218,0.7425,1.165,0.82,1.0651666666666666,0.27956677794997964,1.0920277777777783,0.18622657695120598,0.49250000000000005,0.07000000000000006,1.0726324230769229,0.6062705,39.705000000000005,46.6359126984127,119.20644807468774,0.0203343208918538,294.8527169522264,108.86,110.56790200872656
2023-08-01,santo domingo de los tsachilas,Santo Domingo De Los Tsáchilas,Maracuya,0.615,9.899,1,1,1,0.4294285714285713,1.0,0.49810492358317443,6,44.05555555555555,43.16666666666666,3,3.0,40.14653332361335,38.5,61,121.06,0.0155490911376785,0.0816866781639649,0.0641165250280957,250.56283166165167,111.36585533429036,113.39640470044716,4,2023,8,3,-0.8660254037844385,-0.5000000000000004,0,0.4294285714285713,0,44.05555555555555,0,0.68625,0.806666666666667,0.6725,0.76,0.59375,0.7218055555555557,0.07381274794545865,0.6823313492063493,0.09081603168451101,0.01375000000000004,-0.07374999999999998,0.4860714285714286,0.453,44.362500000000004,50.69444444444445,119.20644807468774,0.0203343208918538,294.8527169522264,108.86,110.56790200872656
2023-09-01,guayas,Guayas,Maracuya,1.025615384615385,24.025538461538453,2,2,2,0.5555555555555555,1.0,0.45602786495726494,5,39.000785390133224,35.458636363636366,3,3.0,40.58068227229407,39.475,63,120.81276325644892,-0.0020422661783502,0.0702665719580253,0.061943315839207,314.18782965878165,110.3235575726552,113.10828180675765,0,2023,9,3,-1.0,-1.8369701987210297e-16,0,0.5555555555555555,0,39.000785390133224,0,1.0756410256410236,1.107083333333335,1.085,0.8782692307692299,0.7663333333333335,1.0892414529914527,0.01614456939232199,1.0305822649572645,0.08294743592881385,-0.009358974358976369,0.19737179487179368,0.5351851851851852,0.5849272658119657,36.6336837913182,42.799054115964566,121.06,0.0155490911376785,250.56283166165167,111.36585533429036,113.39640470044716
2023-09-01,los rios,Los Rios,Maracuya,0.9075,16.5,1,1,1,0.4175,1.0,0.45602786495726494,5,39.548333333333325,36.68428571428571,3,3.0,40.58068227229407,39.475,63,120.81276325644892,-0.0020422661783502,0.0702665719580253,0.061943315839207,314.18782965878165,110.3235575726552,113.10828180675765,1,2023,9,3,-1.0,-1.8369701987210297e-16,0,0.4175,0,39.548333333333325,0,0.814,0.953333333333334,0.888,0.825,0.67,0.8851111111111113,0.06971157510559775,0.8242222222222222,0.08749950264409191,-0.07400000000000007,-0.01100000000000001,0.4166666666666667,0.2823076923076923,39.39976190476191,39.47440476190476,121.06,0.0155490911376785,250.56283166165167,111.36585533429036,113.39640470044716
2023-09-01,manabi,Manabí,Maracuya,0.5277777777777775,15.7777777777778,2,2,2,0.4437504358974358,1.0,0.45602786495726494,5,38.655277777777776,37.3875,3,3.0,40.58068227229407,39.475,63,120.81276325644892,-0.0020422661783502,0.0702665719580253,0.061943315839207,314.18782965878165,110.3235575726552,113.10828180675765,2,2023,9,3,-1.0,-1.8369701987210297e-16,0,0.4437504358974358,0,38.655277777777776,0,0.5862499999999999,0.7646527777777781,0.7861111111111114,0.74875,0.5478888888888891,0.712337962962963,0.10972121864285544,0.667079695767196,0.11175580751522568,-0.1998611111111115,-0.1625000000000001,0.5248245182186234,0.6350059316239315,38.606904761904765,40.327777777777776,121.06,0.0155490911376785,250.56283166165167,111.36585533429036,113.39640470044716
2023-09-01,santo domingo de los tsachilas,Santo Domingo De Los Tsáchilas,Maracuya,0.5775,9.2925,1,1,1,0.4366666666666667,1.0,0.45602786495726494,5,43.42222222222222,41.66666666666666,3,3.0,40.58068227229407,39.475,63,120.81276325644892,-0.0020422661783502,0.0702665719580253,0.061943315839207,314.18782965878165,110.3235575726552,113.10828180675765,4,2023,9,3,-1.0,-1.8369701987210297e-16,0,0.4366666666666667,0,43.42222222222222,0,0.615,0.68625,0.806666666666667,0.598571428571429,0.697777777777778,0.702638888888889,0.09687865883174496,0.6581646825396826,0.08512894062278133,-0.19166666666666698,0.016428571428571015,0.4294285714285713,0.4784615384615386,44.05555555555555,47.9,121.06,0.0155490911376785,250.56283166165167,111.36585533429036,113.39640470044716
2023-10-01,guayas,Guayas,Maracuya,0.9948076923076901,22.9055769230769,2,2,2,0.5119047619047619,1.0,0.3780384860073259,5,37.28141612200436,34.94777777777777,3,3.0,40.27471209224431,38.9875,63,120.04410914664308,-0.0063623584883512,0.0593819880331707,0.0551868517695297,336.52,106.2838507869781,111.7568389575871,0,2023,10,4,-0.8660254037844386,0.5000000000000001,0,0.5119047619047619,0,37.28141612200436,0,1.025615384615385,1.0756410256410236,1.107083333333335,1.0125,0.815,1.069446581196581,0.04108570339618219,1.055139957264957,0.039008495597017905,-0.08146794871794993,0.013115384615385084,0.5555555555555555,0.65,39.000785390133224,36.70166666666667,120.81276325644892,-0.0020422661783502,314.18782965878165,110.3235575726552,113.10828180675765
2023-10-01,los rios,Los Rios,Maracuya,0.715,13.0,1,1,1,0.38,1.0,0.3780384860073259,5,39.47222222222222,36.65,3,3.0,40.27471209224431,38.9875,63,120.04410914664308,-0.0063623584883512,0.0593819880331707,0.0551868517695297,336.52,106.2838507869781,111.7568389575871,1,2023,10,4,-0.8660254037844386,0.5000000000000001,0,0.38,0,39.47222222222222,0,0.9075,0.814,0.953333333333334,0.75,0.99,0.8916111111111112,0.07101258365273527,0.8379722222222225,0.0938946464375371,-0.04583333333333406,0.15749999999999997,0.4175,0.3599999999999999,39.548333333333325,39.31166666666667,120.81276325644892,-0.0020422661783502,314.18782965878165,110.3235575726552,113.10828180675765
2023-10-01,manabi,Manabí,Maracuya,0.44875,13.41666666666665,2,2,2,0.3680019538461538,1.0,0.3780384860073259,5,38.8025,36.9125,3,3.0,40.27471209224431,38.9875,63,120.04410914664308,-0.0063623584883512,0.0593819880331707,0.0551868517695297,336.52,106.2838507869781,111.7568389575871,2,2023,10,4,-0.8660254037844386,0.5000000000000001,0,0.3680019538461538,0,38.8025,0,0.5277777777777775,0.5862499999999999,0.7646527777777781,0.5274285714285715,0.5891666666666665,0.6262268518518518,0.1233938933628352,0.6302509920634921,0.11579608614282412,-0.2368750000000006,0.00034920634920598825,0.4437504358974358,0.6500802564102564,38.655277777777776,38.704166666666666,120.81276325644892,-0.0020422661783502,314.18782965878165,110.3235575726552,113.10828180675765
2023-10-01,santo domingo de los tsachilas,Santo Domingo De Los Tsáchilas,Maracuya,0.548888888888889,8.81444444444444,1,1,1,0.3209523809523809,1.0,0.3780384860073259,5,41.57027777777778,41.255,3,3.0,40.27471209224431,38.9875,63,120.04410914664308,-0.0063623584883512,0.0593819880331707,0.0551868517695297,336.52,106.2838507869781,111.7568389575871,4,2023,10,4,-0.8660254037844386,0.5000000000000001,0,0.3209523809523809,0,41.57027777777778,0,0.5775,0.615,0.68625,0.57,0.746666666666667,0.6262500000000001,0.05524094948496751,0.6546527777777778,0.08844898744264743,-0.10875000000000001,0.007500000000000062,0.4366666666666667,0.4860714285714286,43.42222222222222,44.362500000000004,120.81276325644892,-0.0020422661783502,314.18782965878165,110.3235575726552,113.10828180675765
2023-11-01,guayas,Guayas,Maracuya,1.0098484848484865,22.8619696969697,2,2,2,0.4270588235294118,1.0,0.3518800504201681,5,37.858472222222225,33.90291666666667,3,3.0,39.78402200061311,38.55714285714286,63,118.67254552064384,-0.0114254971422527,0.0458389488956985,0.0431308174100943,304.4504754255826,104.472067096092,110.81659141958129,0,2023,11,4,-0.5000000000000004,0.8660254037844384,0,0.4270588235294118,0,37.858472222222225,0,0.9948076923076901,1.025615384615385,1.0756410256410236,1.0249999999999986,0.7536666666666665,1.0320213675213663,0.04079564201220734,1.0521912393162387,0.043308106072149494,-0.08083333333333353,-0.030192307692308518,0.5119047619047619,0.5351851851851852,37.28141612200436,36.6336837913182,120.04410914664308,-0.0063623584883512,336.52,106.2838507869781,111.7568389575871
2023-11-01,los rios,Los Rios,Maracuya,0.682,12.4,1,1,1,0.38,1.0,0.3518800504201681,5,39.10011904761905,35.74285714285715,3,3.0,39.78402200061311,38.55714285714286,63,118.67254552064384,-0.0114254971422527,0.0458389488956985,0.0431308174100943,304.4504754255826,104.472067096092,110.81659141958129,1,2023,11,4,-0.5000000000000004,0.8660254037844384,0,0.38,0,39.10011904761905,0,0.715,0.9075,0.814,0.715,0.88,0.8121666666666666,0.09626309434738209,0.8321388888888891,0.1012520735955955,-0.09899999999999998,0.0,0.38,0.4166666666666667,39.47222222222222,39.39976190476191,120.04410914664308,-0.0063623584883512,336.52,106.2838507869781,111.7568389575871
2023-11-01,manabi,Manabí,Maracuya,0.4585714285714285,13.71428571428575,2,2,2,0.3674366666666667,1.0,0.3518800504201681,5,37.94416666666667,35.3375,3,3.0,39.78402200061311,38.55714285714286,63,118.67254552064384,-0.0114254971422527,0.0458389488956985,0.0431308174100943,304.4504754255826,104.472067096092,110.81659141958129,2,2023,11,4,-0.5000000000000004,0.8660254037844384,0,0.3674366666666667,0,37.94416666666667,0,0.44875,0.5277777777777775,0.5862499999999999,0.5892857142857144,0.557857142857143,0.5209259259259258,0.06900560415900851,0.6171378968253969,0.13295270449633503,-0.13749999999999996,-0.14053571428571443,0.3680019538461538,0.5248245182186234,38.8025,38.606904761904765,120.04410914664308,-0.0063623584883512,336.52,106.2838507869781,111.7568389575871
2023-11-01,santo domingo de los tsachilas,Santo Domingo De Los Tsáchilas,Maracuya,0.44,7.0,1,1,1,0.2719047619047619,1.0,0.3518800504201681,5,41.2075,40.75,3,3.0,39.78402200061311,38.55714285714286,63,118.67254552064384,-0.0114254971422527,0.0458389488956985,0.0431308174100943,304.4504754255826,104.472067096092,110.81659141958129,4,2023,11,4,-0.5000000000000004,0.8660254037844384,0,0.2719047619047619,0,41.2075,0,0.548888888888889,0.5775,0.615,0.6725,0.67,0.5804629629629631,0.033155001360687116,0.6511342592592593,0.09280274184544812,-0.06611111111111101,-0.123611111111111,0.3209523809523809,0.4294285714285713,41.57027777777778,44.05555555555555,120.04410914664308,-0.0063623584883512,336.52,106.2838507869781,111.7568389575871
2023-12-01,guayas,Guayas,Maracuya,0.95875,22.614375,2,2,2,0.5133333333333333,1.0,0.41810969015298427,5,37.97884795321638,34.364210526315794,3,3.0,38.8124212764053,37.760000000000005,56,118.5838265594302,-0.0007475946591051,0.0423509783822506,0.0423509783822506,537.319736546466,103.417244572151,110.16194364620848,0,2023,12,4,-2.4492935982947064e-16,1.0,0,0.5133333333333333,0,37.97884795321638,0,1.0098484848484865,0.9948076923076901,1.025615384615385,1.085,0.6966666666666665,1.0100905205905206,0.015405272224359686,1.0496659867909868,0.04559220156177656,-0.01576689976689849,-0.07515151515151341,0.4270588235294118,0.5555555555555555,37.858472222222225,39.000785390133224,118.67254552064384,-0.0114254971422527,304.4504754255826,104.472067096092,110.81659141958129
2023-12-01,los rios,Los Rios,Maracuya,0.9075,16.5,1,1,1,0.4,1.0,0.41810969015298427,5,36.1025,31.0,3,3.0,38.8124212764053,37.760000000000005,56,118.5838265594302,-0.0007475946591051,0.0423509783822506,0.0423509783822506,537.319736546466,103.417244572151,110.16194364620848,1,2023,12,4,-2.4492935982947064e-16,1.0,0,0.4,0,36.1025,0,0.682,0.715,0.9075,0.888,0.6975,0.7681666666666667,0.12178909365510929,0.826638888888889,0.10945188778975548,-0.22549999999999992,-0.20599999999999996,0.38,0.4175,39.10011904761905,39.548333333333325,118.67254552064384,-0.0114254971422527,304.4504754255826,104.472067096092,110.81659141958129
2023-12-01,manabi,Manabí,Maracuya,0.4904166666666665,14.5902777777778,2,2,2,0.4289532126696832,1.0,0.41810969015298427,5,37.644444444444446,35.443333333333335,3,3.0,38.8124212764053,37.760000000000005,56,118.5838265594302,-0.0007475946591051,0.0423509783822506,0.0423509783822506,537.319736546466,103.417244572151,110.16194364620848,2,2023,12,4,-2.4492935982947064e-16,1.0,0,0.4289532126696832,0,37.644444444444446,0,0.4585714285714285,0.44875,0.5277777777777775,0.7861111111111114,0.5288392857142855,0.478366402116402,0.043072359447307716,0.5953521825396826,0.14825787322441217,-0.06920634920634894,-0.3275396825396829,0.3674366666666667,0.4437504358974358,37.94416666666667,38.655277777777776,118.67254552064384,-0.0114254971422527,304.4504754255826,104.472067096092,110.81659141958129
2023-12-01,santo domingo de los tsachilas,Santo Domingo De Los Tsáchilas,Maracuya,0.66125,10.625,1,1,1,0.4039285714285716,1.0,0.41810969015298427,5,40.39861111111111,40.25,3,3.0,38.8124212764053,37.760000000000005,56,118.5838265594302,-0.0007475946591051,0.0423509783822506,0.0423509783822506,537.319736546466,103.417244572151,110.16194364620848,4,2023,12,4,-2.4492935982947064e-16,1.0,0,0.4039285714285716,0,40.39861111111111,0,0.44,0.548888888888889,0.5775,0.806666666666667,0.665714285714286,0.5221296296296297,0.07255071307078353,0.6123842592592593,0.12503883398826143,-0.1375,-0.366666666666667,0.2719047619047619,0.4366666666666667,41.2075,43.42222222222222,118.67254552064384,-0.0114254971422527,304.4504754255826,104.472067096092,110.81659141958129
2024-01-01,guayas,Guayas,Maracuya,0.8544444444444436,19.9733333333333,2,2,2,0.348,1.0,0.30715267399267393,3,35.37970448717949,31.426538461538463,3,3.0,38.8727937242445,39.254999999999995,32,119.03335613962192,0.0037908169540004,0.0454582172739583,0.0037908169540004,371.36784966424665,104.66,112.4732896626278,0,2024,1,1,0.49999999999999994,0.8660254037844387,0,0.348,0,35.37970448717949,0,0.95875,1.0098484848484865,0.9948076923076901,1.107083333333335,0.6995454545454545,0.987802059052059,0.026259721274928736,1.02862432012432,0.054321189170167775,-0.03605769230769007,-0.14833333333333498,0.5133333333333333,0.5119047619047619,37.97884795321638,37.28141612200436,118.5838265594302,-0.0007475946591051,537.319736546466,103.417244572151,110.16194364620848
2024-01-01,manabi,Manabí,Maracuya,0.412777777777778,12.35416666666665,2,2,2,0.3391723076923076,1.0,0.30715267399267393,3,34.47361111111111,30.067500000000003,3,3.0,38.8727937242445,39.254999999999995,32,119.03335613962192,0.0037908169540004,0.0454582172739583,0.0037908169540004,371.36784966424665,104.66,112.4732896626278,2,2024,1,1,0.49999999999999994,0.8660254037844387,0,0.3391723076923076,0,34.47361111111111,0,0.4904166666666665,0.4585714285714285,0.44875,0.7646527777777781,0.6783333333333335,0.4659126984126984,0.021781837845772138,0.5460697751322751,0.11828097433461392,0.04166666666666652,-0.27423611111111157,0.4289532126696832,0.3680019538461538,37.644444444444446,38.8025,118.5838265594302,-0.0007475946591051,537.319736546466,103.417244572151,110.16194364620848
2024-01-01,santo domingo de los tsachilas,Santo Domingo De Los Tsáchilas,Maracuya,0.477142857142857,7.61857142857143,1,1,1,0.2342857142857143,1.0,0.30715267399267393,3,40.31666666666666,40.66666666666666,3,3.0,38.8727937242445,39.254999999999995,32,119.03335613962192,0.0037908169540004,0.0454582172739583,0.0037908169540004,371.36784966424665,104.66,112.4732896626278,4,2024,1,1,0.49999999999999994,0.8660254037844387,0,0.2342857142857143,0,40.31666666666666,0,0.66125,0.44,0.548888888888889,0.68625,0.714285714285714,0.5500462962962963,0.11062954089632179,0.5881481481481482,0.08864696534580589,0.11236111111111102,-0.025000000000000022,0.4039285714285716,0.3209523809523809,40.39861111111111,41.57027777777778,118.5838265594302,-0.0007475946591051,537.319736546466,103.417244572151,110.16194364620848
2024-02-01,guayas,Guayas,Maracuya,0.78125,20.651458333333352,2,2,2,0.6071428571428572,1.0,0.4253036655893127,3,35.305573361823356,31.424358974358977,3,3.0,36.73329433475021,34.5,49,119.67,0.0053484492164643,0.051587779121518,0.0091595411624321,544.3686748762918,105.46,110.01620800053206,0,2024,2,1,0.8660254037844386,0.5000000000000001,0,0.6071428571428572,0,35.305573361823356,0,0.8544444444444436,0.95875,1.0098484848484865,1.0756410256410236,0.7404545454545455,0.9410143097643101,0.07920555520023487,0.986517838642838,0.07523168960740988,-0.155404040404043,-0.22119658119658003,0.348,0.4270588235294118,35.37970448717949,37.858472222222225,119.03335613962192,0.0037908169540004,371.36784966424665,104.66,112.4732896626278
2024-02-01,manabi,Manabí,Maracuya,0.505714285714286,15.07142857142855,2,2,2,0.4169824253393665,1.0,0.4253036655893127,3,28.939999999999998,28.939999999999998,2,2.0,36.73329433475021,34.5,49,119.67,0.0053484492164643,0.051587779121518,0.0091595411624321,544.3686748762918,105.46,110.01620800053206,2,2024,2,1,0.8660254037844386,0.5000000000000001,0,0.4169824253393665,0,28.939999999999998,0,0.412777777777778,0.4904166666666665,0.4585714285714285,0.5862499999999999,0.7985714285714289,0.4539219576719577,0.03902771389293824,0.4874239417989417,0.06213560872283924,-0.0457936507936505,-0.17347222222222192,0.3391723076923076,0.3674366666666667,34.47361111111111,37.94416666666667,119.03335613962192,0.0037908169540004,371.36784966424665,104.66,112.4732896626278
2024-02-01,santa elena,Santa Elena,Maracuya,1.11,20.2233333333333,1,1,1,0.4253036655893127,0.0,0.4253036655893127,3,36.73329433475021,34.5,0,0.0,36.73329433475021,34.5,49,119.67,0.0053484492164643,0.051587779121518,0.0091595411624321,544.3686748762918,105.46,110.01620800053206,3,2024,2,1,0.8660254037844386,0.5000000000000001,1,0.4253036655893127,1,36.73329433475021,0,1.044,1.235,1.218,1.165,0.932,1.1656666666666666,0.10570871928716764,1.0718611111111116,0.18327206299399418,-0.17399999999999993,-0.121,0.7275245999999999,1.0471944999999998,39.84583333333333,41.04,121.06,0.0155490911376785,250.56283166165167,111.36585533429036,113.39640470044716
2024-02-01,santo domingo de los tsachilas,Santo Domingo De Los Tsáchilas,Maracuya,0.4625,7.375,1,1,1,0.2517857142857144,1.0,0.4253036655893127,3,37.422222222222224,35.18333333333333,3,3.0,36.73329433475021,34.5,49,119.67,0.0053484492164643,0.051587779121518,0.0091595411624321,544.3686748762918,105.46,110.01620800053206,4,2024,2,1,0.8660254037844386,0.5000000000000001,0,0.2517857142857144,0,37.422222222222224,0,0.477142857142857,0.66125,0.44,0.615,0.76,0.5261309523809524,0.11848107752419153,0.5532969576719576,0.08330905203381317,0.03714285714285698,-0.137857142857143,0.2342857142857143,0.2719047619047619,40.31666666666666,41.2075,119.03335613962192,0.0037908169540004,371.36784966424665,104.66,112.4732896626278
2024-03-01,guayas,Guayas,Maracuya,0.829375,21.499375,2,2,2,0.5791666666666667,1.0,0.5703887617698091,5,34.47005512167515,30.18935483870968,3,3.0,36.521820070623406,35.57,63,119.8024979221909,0.0011071941354632,0.0452949137600007,0.010276876688154,467.5878260515049,106.32,115.90210724667054,0,2024,3,1,1.0,6.123233995736766e-17,0,0.5791666666666667,0,34.47005512167515,0,0.78125,0.8544444444444436,0.95875,1.025615384615385,0.8782692307692299,0.8648148148148146,0.08920325630947419,0.9374526677026674,0.09802717248802809,-0.1775,-0.24436538461538504,0.6071428571428572,0.5133333333333333,35.305573361823356,37.97884795321638,119.67,0.0053484492164643,544.3686748762918,105.46,110.01620800053206
2024-03-01,los rios,Los Rios,Maracuya,1.0325,18.835,1,1,1,0.5703887617698091,0.0,0.5703887617698091,5,31.976051282051284,27.68615384615385,3,3.0,36.521820070623406,35.57,63,119.8024979221909,0.0011071941354632,0.0452949137600007,0.010276876688154,467.5878260515049,106.32,115.90210724667054,1,2024,3,1,1.0,6.123233995736766e-17,1,0.5703887617698091,0,31.976051282051284,0,0.9075,0.682,0.715,0.953333333333334,0.685,0.7681666666666667,0.12178909365510929,0.8298888888888891,0.11190043524226295,0.1925,-0.04583333333333406,0.4,0.38,36.1025,39.47222222222222,118.5838265594302,-0.0007475946591051,537.319736546466,103.417244572151,110.16194364620848
2024-03-01,manabi,Manabí,Maracuya,0.61875,18.4375,2,2,2,0.5194691659919028,1.0,0.5703887617698091,5,34.01833333333334,29.735,3,3.0,36.521820070623406,35.57,63,119.8024979221909,0.0011071941354632,0.0452949137600007,0.010276876688154,467.5878260515049,106.32,115.90210724667054,2,2024,3,1,1.0,6.123233995736766e-17,0,0.5194691659919028,0,34.01833333333334,0,0.505714285714286,0.412777777777778,0.4904166666666665,0.5277777777777775,0.74875,0.46963624338624355,0.04983139693650275,0.47400132275132273,0.04193117228312739,0.015297619047619504,-0.022063492063491452,0.4169824253393665,0.4289532126696832,28.939999999999998,37.644444444444446,119.67,0.0053484492164643,544.3686748762918,105.46,110.01620800053206
2024-03-01,santa elena,Santa Elena,Maracuya,1.1,20.0,1,1,1,1.0104508333333333,1.0,0.5703887617698091,5,32.77444444444445,31.87,3,3.0,36.521820070623406,35.57,63,119.8024979221909,0.0011071941354632,0.0452949137600007,0.010276876688154,467.5878260515049,106.32,115.90210724667054,3,2024,3,1,1.0,6.123233995736766e-17,0,1.0104508333333333,0,32.77444444444445,0,1.11,1.044,1.235,1.02666666666667,1.13666666666667,1.1296666666666668,0.09700687260876538,1.062694444444445,0.17900770984844674,-0.125,0.08333333333333015,0.4253036655893127,1.0726324230769229,36.73329433475021,39.705000000000005,119.67,0.0053484492164643,544.3686748762918,105.46,110.01620800053206
2024-03-01,santo domingo de los tsachilas,Santo Domingo De Los Tsáchilas,Maracuya,0.73,11.66625,1,1,1,0.4428571428571428,1.0,0.5703887617698091,5,37.03333333333333,35.18333333333333,3,3.0,36.521820070623406,35.57,63,119.8024979221909,0.0011071941354632,0.0452949137600007,0.010276876688154,467.5878260515049,106.32,115.90210724667054,4,2024,3,1,1.0,6.123233995736766e-17,0,0.4428571428571428,0,37.03333333333333,0,0.4625,0.477142857142857,0.66125,0.5775,0.598571428571429,0.5336309523809524,0.11076357389829039,0.527880291005291,0.08397948699193554,-0.19874999999999998,-0.11499999999999999,0.2517857142857144,0.4039285714285716,37.422222222222224,40.39861111111111,119.67,0.0053484492164643,544.3686748762918,105.46,110.01620800053206
2024-04-01,guayas,Guayas,Maracuya,0.8825000000000001,23.69444444444445,2,2,2,0.775,1.0,0.5304268668793573,5,33.97777011494253,30.29,3,3.0,36.45055599855903,34.724000000000004,59,121.0624694584298,0.0105170723323084,0.058506754570107,0.0209020316759418,517.0091257146893,107.89,112.04008019807856,0,2024,4,2,0.8660254037844387,-0.4999999999999998,0,0.775,0,33.97777011494253,0,0.829375,0.78125,0.8544444444444436,0.9948076923076901,1.0125,0.8216898148148145,0.03719748953733746,0.9047459369334366,0.0954320374999283,-0.02506944444444359,-0.1654326923076901,0.5791666666666667,0.348,34.47005512167515,35.37970448717949,119.8024979221909,0.0011071941354632,467.5878260515049,106.32,115.90210724667054
2024-04-01,los rios,Los Rios,Maracuya,1.045,19.0,1,1,1,0.5304268668793573,0.0,0.5304268668793573,5,33.94444444444444,29.666666666666668,3,3.0,36.45055599855903,34.724000000000004,59,121.0624694584298,0.0105170723323084,0.058506754570107,0.0209020316759418,517.0091257146893,107.89,112.04008019807856,1,2024,4,2,0.8660254037844387,-0.4999999999999998,1,0.5304268668793573,0,33.94444444444444,0,1.0325,0.9075,0.682,0.814,1.0175,0.874,0.1776351598079604,0.8430833333333333,0.1321943329597267,0.3504999999999999,0.21850000000000003,0.5703887617698091,0.38,31.976051282051284,39.10011904761905,119.8024979221909,0.0011071941354632,467.5878260515049,106.32,115.90210724667054
2024-04-01,manabi,Manabí,Maracuya,0.7650000000000005,22.72222222222225,2,2,2,0.5066639413919414,2.0,0.5304268668793573,5,33.73666666666667,29.19,3,3.0,36.45055599855903,34.724000000000004,59,121.0624694584298,0.0105170723323084,0.058506754570107,0.0209020316759418,517.0091257146893,107.89,112.04008019807856,2,2024,4,2,0.8660254037844387,-0.4999999999999998,0,0.5066639413919414,0,33.73666666666667,0,0.61875,0.505714285714286,0.412777777777778,0.44875,0.5274285714285715,0.5124140211640213,0.10314942521949609,0.48916335978835984,0.07137515575120101,0.205972222222222,0.17000000000000004,0.5194691659919028,0.3391723076923076,34.01833333333334,34.47361111111111,119.8024979221909,0.0011071941354632,467.5878260515049,106.32,115.90210724667054
2024-04-01,santa elena,Santa Elena,Maracuya,1.1125,20.2925,1,1,1,0.5304268668793573,0.0,0.5304268668793573,5,33.88722222222223,31.885,3,3.0,36.45055599855903,34.724000000000004,59,121.0624694584298,0.0105170723323084,0.058506754570107,0.0209020316759418,517.0091257146893,107.89,112.04008019807856,3,2024,4,2,0.8660254037844387,-0.4999999999999998,1,0.5304268668793573,0,33.88722222222223,0,1.1,1.11,1.044,0.7425,0.766666666666667,1.0846666666666667,0.03557152419187671,1.0749166666666667,0.17855879050516452,0.05600000000000005,0.35750000000000004,1.0104508333333333,0.7275245999999999,32.77444444444445,39.84583333333333,119.8024979221909,0.0011071941354632,467.5878260515049,106.32,115.90210724667054
2024-04-01,santo domingo de los tsachilas,Santo Domingo De Los Tsáchilas,Maracuya,0.751111111111111,12.0188888888889,1,1,1,0.3758064516129032,1.0,0.5304268668793573,5,36.50666666666667,34.43,3,3.0,36.45055599855903,34.724000000000004,59,121.0624694584298,0.0105170723323084,0.058506754570107,0.0209020316759418,517.0091257146893,107.89,112.04008019807856,4,2024,4,2,0.8660254037844387,-0.4999999999999998,0,0.3758064516129032,0,36.50666666666667,0,0.73,0.4625,0.477142857142857,0.548888888888889,0.57,0.556547619047619,0.1503924853836282,0.5532969576719577,0.1181329680943156,0.252857142857143,0.181111111111111,0.4428571428571428,0.2342857142857143,37.03333333333333,40.31666666666666,119.8024979221909,0.0011071941354632,467.5878260515049,106.32,115.90210724667054
2024-05-01,guayas,Guayas,Maracuya,0.901111111111111,23.8622222222222,2,2,2,0.7409090909090911,1.0,0.5970532084361717,4,32.6209043040293,28.700357142857143,3,3.0,35.028115777182585,31.985,58,120.27830166459763,-0.0064773814489339,0.048135420121367,0.0142892597947852,492.093786913819,106.83,110.15682579624308,0,2024,5,2,0.49999999999999994,-0.8660254037844387,0,0.7409090909090911,0,32.6209043040293,0,0.8825000000000001,0.829375,0.78125,1.0098484848484865,1.0249999999999986,0.8310416666666667,0.05064557195187993,0.8860279882154883,0.0846380070779632,0.10125000000000006,-0.1273484848484865,0.775,0.6071428571428572,33.97777011494253,35.305573361823356,121.0624694584298,0.0105170723323084,517.0091257146893,107.89,112.04008019807856
2024-05-01,los rios,Los Rios,Maracuya,1.1,20.0,1,1,1,0.5970532084361717,0.0,0.5970532084361717,4,32.26711111111111,27.878,3,3.0,35.028115777182585,31.985,58,120.27830166459763,-0.0064773814489339,0.048135420121367,0.0142892597947852,492.093786913819,106.83,110.15682579624308,1,2024,5,2,0.49999999999999994,-0.8660254037844387,1,0.5970532084361717,0,32.26711111111111,0,1.045,1.0325,0.9075,0.9075,0.825,0.9950000000000001,0.0760345316287254,0.8815833333333334,0.15388808162644382,0.13749999999999996,0.13749999999999996,0.5304268668793573,0.4,33.94444444444444,36.1025,121.0624694584298,0.0105170723323084,517.0091257146893,107.89,112.04008019807856
2024-05-01,manabi,Manabí,Maracuya,0.7614285714285716,22.642857142857153,2,2,2,0.5928706214177979,2.0,0.5970532084361717,4,28.21,28.21,2,2.0,35.028115777182585,31.985,58,120.27830166459763,-0.0064773814489339,0.048135420121367,0.0142892597947852,492.093786913819,106.83,110.15682579624308,2,2024,5,2,0.49999999999999994,-0.8660254037844387,0,0.5928706214177979,0,28.21,0,0.7650000000000005,0.61875,0.505714285714286,0.4585714285714285,0.5892857142857144,0.6298214285714289,0.12999693383354258,0.5418716931216933,0.12903927023176837,0.25928571428571445,0.30642857142857194,0.5066639413919414,0.4169824253393665,33.73666666666667,28.939999999999998,121.0624694584298,0.0105170723323084,517.0091257146893,107.89,112.04008019807856
2024-05-01,santa elena,Santa Elena,Maracuya,1.1,20.0,1,1,1,0.5970532084361717,0.0,0.5970532084361717,4,35.00666666666667,31.9,3,3.0,35.028115777182585,31.985,58,120.27830166459763,-0.0064773814489339,0.048135420121367,0.0142892597947852,492.093786913819,106.83,110.15682579624308,3,2024,5,2,0.49999999999999994,-0.8660254037844387,1,0.5970532084361717,0,35.00666666666667,0,1.1125,1.1,1.11,1.218,0.81,1.1075,0.006614378277655514,1.1365833333333335,0.07417709664490287,0.0024999999999999467,-0.10549999999999993,0.5304268668793573,0.4253036655893127,33.88722222222223,36.73329433475021,121.0624694584298,0.0105170723323084,517.0091257146893,107.89,112.04008019807856
2024-05-01,santo domingo de los tsachilas,Santo Domingo De Los Tsáchilas,Maracuya,0.803333333333333,12.8888888888889,1,1,1,0.4615624999999999,1.0,0.5970532084361717,4,36.06111111111111,34.42666666666667,3,3.0,35.028115777182585,31.985,58,120.27830166459763,-0.0064773814489339,0.048135420121367,0.0142892597947852,492.093786913819,106.83,110.15682579624308,4,2024,5,2,0.49999999999999994,-0.8660254037844387,0,0.4615624999999999,0,36.06111111111111,0,0.751111111111111,0.73,0.4625,0.44,0.6725,0.6478703703703702,0.16088210096689814,0.5870006613756613,0.1428792225092461,0.28861111111111093,0.31111111111111095,0.3758064516129032,0.2517857142857144,36.50666666666667,37.422222222222224,121.0624694584298,0.0105170723323084,517.0091257146893,107.89,112.04008019807856
2024-06-01,guayas,Guayas,Maracuya,0.914375,24.104374999999997,2,2,2,0.65,1.0,0.6260714548816567,4,32.342954735323154,27.592272727272725,3,3.0,34.49319740190697,31.58684210526316,55,119.49839206095166,-0.0064842086465503,0.0228331829397896,0.0077123966063206,437.6221412248598,107.73,111.9608281795724,0,2024,6,2,1.2246467991473532e-16,-1.0,0,0.65,0,32.342954735323154,0,0.901111111111111,0.8825000000000001,0.829375,0.95875,1.085,0.8709953703703704,0.03722613042638705,0.8679050925925923,0.06122631843568356,0.071736111111111,-0.05763888888888902,0.7409090909090911,0.5791666666666667,32.6209043040293,34.47005512167515,120.27830166459763,-0.0064773814489339,492.093786913819,106.83,110.15682579624308
2024-06-01,los rios,Los Rios,Maracuya,1.0175,18.5,1,1,1,0.6260714548816567,0.0,0.6260714548816567,4,31.346944444444446,27.7725,3,3.0,34.49319740190697,31.58684210526316,55,119.49839206095166,-0.0064842086465503,0.0228331829397896,0.0077123966063206,437.6221412248598,107.73,111.9608281795724,1,2024,6,2,1.2246467991473532e-16,-1.0,1,0.6260714548816567,0,31.346944444444446,0,1.1,1.045,1.0325,0.715,0.75,1.0591666666666668,0.035910769044020345,0.9136666666666665,0.17847455467563716,0.06750000000000012,0.3850000000000001,0.5970532084361717,0.5703887617698091,32.26711111111111,31.976051282051284,120.27830166459763,-0.0064773814489339,492.093786913819,106.83,110.15682579624308
2024-06-01,manabi,Manabí,Maracuya,0.835,24.8125,2,2,2,0.6591741597633135,2.0,0.6260714548816567,4,33.0,28.23,3,3.0,34.49319740190697,31.58684210526316,55,119.49839206095166,-0.0064842086465503,0.0228331829397896,0.0077123966063206,437.6221412248598,107.73,111.9608281795724,2,2024,6,2,1.2246467991473532e-16,-1.0,0,0.6591741597633135,0,33.0,0,0.7614285714285716,0.7650000000000005,0.61875,0.4904166666666665,0.7861111111111114,0.715059523809524,0.08342560792600272,0.5923478835978838,0.14780722595158993,0.14267857142857154,0.27101190476190506,0.5928706214177979,0.5194691659919028,28.21,34.01833333333334,120.27830166459763,-0.0064773814489339,492.093786913819,106.83,110.15682579624308
2024-06-01,santo domingo de los tsachilas,Santo Domingo De Los Tsáchilas,Maracuya,0.7875,12.62625,1,1,1,0.5359375,1.0,0.6260714548816567,4,35.95,34.42666666666667,3,3.0,34.49319740190697,31.58684210526316,55,119.49839206095166,-0.0064842086465503,0.0228331829397896,0.0077123966063206,437.6221412248598,107.73,111.9608281795724,4,2024,6,2,1.2246467991473532e-16,-1.0,0,0.5359375,0,35.95,0,0.803333333333333,0.751111111111111,0.73,0.66125,0.806666666666667,0.7614814814814813,0.03775053483937255,0.6475562169312168,0.14509385912838985,0.07333333333333303,0.142083333333333,0.4615624999999999,0.4428571428571428,36.06111111111111,37.03333333333333,120.27830166459763,-0.0064773814489339,492.093786913819,106.83,110.15682579624308
2024-07-01,guayas,Guayas,Maracuya,0.7913888888888889,20.7772222222222,2,2,2,0.6574999999999999,1.0,0.6141441394230769,5,32.89725490196078,27.91772727272727,3,3.0,34.564431839402424,30.870625,64,119.6511264781158,0.001278129475468,0.0037303217284809,0.0090003835232177,448.1688749879122,109.03,109.74519748323851,0,2024,7,3,-0.4999999999999997,-0.8660254037844388,0,0.6574999999999999,0,32.89725490196078,0,0.914375,0.901111111111111,0.8825000000000001,0.8544444444444436,1.107083333333335,0.8993287037037035,0.01601207789058806,0.860509259259259,0.04964227096812666,0.03187499999999999,0.059930555555556486,0.65,0.775,32.342954735323154,33.97777011494253,119.49839206095166,-0.0064842086465503,437.6221412248598,107.73,111.9608281795724
2024-07-01,los rios,Los Rios,Maracuya,0.99,18.0,1,1,1,0.6141441394230769,0.0,0.6141441394230769,5,32.36361111111111,27.24,3,3.0,34.564431839402424,30.870625,64,119.6511264781158,0.001278129475468,0.0037303217284809,0.0090003835232177,448.1688749879122,109.03,109.74519748323851,1,2024,7,3,-0.4999999999999997,-0.8660254037844388,1,0.6141441394230769,0,32.36361111111111,0,1.0175,1.1,1.045,0.682,0.715,1.054166666666667,0.04200694387042422,0.9640833333333333,0.15187343963533234,-0.027499999999999858,0.3355,0.6260714548816567,0.5304268668793573,31.346944444444446,33.94444444444444,119.49839206095166,-0.0064842086465503,437.6221412248598,107.73,111.9608281795724
2024-07-01,manabi,Manabí,Maracuya,0.6922222222222225,20.6111111111111,2,2,2,0.6337978485576923,2.0,0.6141441394230769,5,27.471666666666664,27.471666666666664,2,2.0,34.564431839402424,30.870625,64,119.6511264781158,0.001278129475468,0.0037303217284809,0.0090003835232177,448.1688749879122,109.03,109.74519748323851,2,2024,7,3,-0.4999999999999997,-0.8660254037844388,0,0.6337978485576923,0,27.471666666666664,0,0.835,0.7614285714285716,0.7650000000000005,0.412777777777778,0.7646527777777781,0.7871428571428574,0.0414839531306613,0.6497784391534394,0.16609355469635195,0.06999999999999951,0.42222222222222194,0.6591741597633135,0.5066639413919414,33.0,33.73666666666667,119.49839206095166,-0.0064842086465503,437.6221412248598,107.73,111.9608281795724
2024-07-01,santa elena,Santa Elena,Maracuya,1.14,20.75,1,1,1,0.6141441394230769,0.0,0.6141441394230769,5,33.723333333333336,28.57,3,3.0,34.564431839402424,30.870625,64,119.6511264781158,0.001278129475468,0.0037303217284809,0.0090003835232177,448.1688749879122,109.03,109.74519748323851,3,2024,7,3,-0.4999999999999997,-0.8660254037844388,1,0.6141441394230769,0,33.723333333333336,0,1.1,1.1125,1.1,1.235,0.81,1.1041666666666667,0.007216878364865108,1.1169166666666668,0.06308757141202415,0.0,-0.135,0.5970532084361717,1.0104508333333333,35.00666666666667,32.77444444444445,120.27830166459763,-0.0064773814489339,492.093786913819,106.83,110.15682579624308
2024-07-01,santo domingo de los tsachilas,Santo Domingo De Los Tsáchilas,Maracuya,0.781111111111111,12.5177777777778,1,1,1,0.5356249999999999,1.0,0.6141441394230769,5,35.577777777777776,34.4,3,3.0,34.564431839402424,30.870625,64,119.6511264781158,0.001278129475468,0.0037303217284809,0.0090003835232177,448.1688749879122,109.03,109.74519748323851,4,2024,7,3,-0.4999999999999997,-0.8660254037844388,0,0.5356249999999999,0,35.577777777777776,0,0.7875,0.803333333333333,0.751111111111111,0.477142857142857,0.68625,0.7806481481481479,0.026776874888731508,0.6685978835978835,0.1562058719075863,0.036388888888889026,0.310357142857143,0.5359375,0.3758064516129032,35.95,36.50666666666667,119.49839206095166,-0.0064842086465503,437.6221412248598,107.73,111.9608281795724
2024-08-01,guayas,Guayas,Maracuya,0.7358333333333336,18.61694444444445,2,2,2,0.4909090909090908,1.0,0.48257125965541675,6,33.13047962648557,28.3875,3,3.0,34.844143814676684,31.0,67,120.01774966824392,0.0030641014499364,-0.0086093699963331,0.0120920630613576,515.2523980881972,107.52,107.5845921645176,0,2024,8,3,-0.8660254037844385,-0.5000000000000004,0,0.4909090909090908,0,33.13047962648557,0,0.7913888888888889,0.914375,0.901111111111111,0.78125,1.0756410256410236,0.8689583333333334,0.06750367931215867,0.85,0.05727120004800627,-0.10972222222222205,0.01013888888888892,0.6574999999999999,0.7409090909090911,32.89725490196078,32.6209043040293,119.6511264781158,0.001278129475468,448.1688749879122,109.03,109.74519748323851
2024-08-01,los rios,Los Rios,Maracuya,0.858,15.6,1,1,1,0.48257125965541675,0.0,0.48257125965541675,6,32.54042424242424,27.66272727272727,3,3.0,34.844143814676684,31.0,67,120.01774966824392,0.0030641014499364,-0.0086093699963331,0.0120920630613576,515.2523980881972,107.52,107.5845921645176,1,2024,8,3,-0.8660254037844385,-0.5000000000000004,1,0.48257125965541675,0,32.54042424242424,0,0.99,1.0175,1.1,0.9075,0.888,1.0358333333333334,0.0572458149853156,1.0154166666666666,0.06421480878011615,-0.1100000000000001,0.08250000000000002,0.6141441394230769,0.5970532084361717,32.36361111111111,32.26711111111111,119.6511264781158,0.001278129475468,448.1688749879122,109.03,109.74519748323851
2024-08-01,manabi,Manabí,Maracuya,0.52375,15.625,2,2,2,0.42108558312655087,2.0,0.48257125965541675,6,28.121666666666663,28.121666666666663,2,2.0,34.844143814676684,31.0,67,120.01774966824392,0.0030641014499364,-0.0086093699963331,0.0120920630613576,515.2523980881972,107.52,107.5845921645176,2,2024,8,3,-0.8660254037844385,-0.5000000000000004,0,0.42108558312655087,0,28.121666666666663,0,0.6922222222222225,0.835,0.7614285714285716,0.505714285714286,0.5862499999999999,0.762883597883598,0.07140000898654492,0.6963525132275135,0.11878774308142662,-0.06920634920634905,0.1865079365079365,0.6337978485576923,0.5928706214177979,27.471666666666664,28.21,119.6511264781158,0.001278129475468,448.1688749879122,109.03,109.74519748323851
2024-08-01,santa elena,Santa Elena,Maracuya,1.228,22.4,1,1,1,0.48257125965541675,0.0,0.48257125965541675,6,33.723333333333336,28.57,3,3.0,34.844143814676684,31.0,67,120.01774966824392,0.0030641014499364,-0.0086093699963331,0.0120920630613576,515.2523980881972,107.52,107.5845921645176,3,2024,8,3,-0.8660254037844385,-0.5000000000000004,1,0.48257125965541675,0,33.723333333333336,0,1.14,1.1,1.1125,1.044,1.165,1.1175,0.02046338192967883,1.1010833333333334,0.031575966599095985,0.027499999999999858,0.09599999999999986,0.6141441394230769,0.5304268668793573,33.723333333333336,33.88722222222223,119.6511264781158,0.001278129475468,448.1688749879122,109.03,109.74519748323851
2024-08-01,santo domingo de los tsachilas,Santo Domingo De Los Tsáchilas,Maracuya,0.722222222222222,11.5366666666667,1,1,1,0.5608795327380951,2.0,0.48257125965541675,6,36.38888888888889,32.5,3,3.0,34.844143814676684,31.0,67,120.01774966824392,0.0030641014499364,-0.0086093699963331,0.0120920630613576,515.2523980881972,107.52,107.5845921645176,4,2024,8,3,-0.8660254037844385,-0.5000000000000004,0,0.5608795327380951,0,36.38888888888889,0,0.781111111111111,0.7875,0.803333333333333,0.4625,0.615,0.790648148148148,0.01144071316376907,0.7192592592592592,0.12853491463347738,-0.022222222222222032,0.31861111111111096,0.5356249999999999,0.4615624999999999,35.577777777777776,36.06111111111111,119.6511264781158,0.001278129475468,448.1688749879122,109.03,109.74519748323851
2024-09-01,guayas,Guayas,Maracuya,0.941875,24.58333333333335,2,2,2,0.5472222222222223,1.0,0.5156804242105518,6,33.103871252204584,28.95851851851852,3,3.0,35.09955662916876,32.05,68,120.68132435667243,0.0055289712585244,-0.001087955413266,0.0176878909890045,609.69,107.72,106.88058359301913,0,2024,9,3,-1.0,-1.8369701987210297e-16,0,0.5472222222222223,0,33.103871252204584,0,0.7358333333333336,0.7913888888888889,0.914375,0.829375,1.025615384615385,0.8138657407407409,0.09136842088985146,0.8424305555555556,0.06980492549567877,-0.1785416666666665,-0.09354166666666641,0.4909090909090908,0.65,33.13047962648557,32.342954735323154,120.01774966824392,0.0030641014499364,515.2523980881972,107.52,107.5845921645176
2024-09-01,los rios,Los Rios,Maracuya,0.89,16.25,1,1,1,0.5156804242105518,0.0,0.5156804242105518,6,32.512685185185184,27.633333333333333,3,3.0,35.09955662916876,32.05,68,120.68132435667243,0.0055289712585244,-0.001087955413266,0.0176878909890045,609.69,107.72,106.88058359301913,1,2024,9,3,-1.0,-1.8369701987210297e-16,1,0.5156804242105518,0,32.512685185185184,0,0.858,0.99,1.0175,1.0325,0.953333333333334,0.9551666666666668,0.08526478366437718,1.0071666666666668,0.08166190462306705,-0.1595000000000001,-0.1745,0.48257125965541675,0.6260714548816567,32.54042424242424,31.346944444444446,120.01774966824392,0.0030641014499364,515.2523980881972,107.52,107.5845921645176
2024-09-01,manabi,Manabí,Maracuya,0.585625,17.5,2,2,2,0.5159466433946488,3.0,0.5156804242105518,6,27.471666666666664,27.471666666666664,2,2.0,35.09955662916876,32.05,68,120.68132435667243,0.0055289712585244,-0.001087955413266,0.0176878909890045,609.69,107.72,106.88058359301913,2,2024,9,3,-1.0,-1.8369701987210297e-16,0,0.5159466433946488,0,27.471666666666664,0,0.52375,0.6922222222222225,0.835,0.61875,0.5277777777777775,0.6836574074074075,0.15580166130246814,0.6993584656084657,0.11309033452657626,-0.3112499999999999,-0.09499999999999997,0.42108558312655087,0.6591741597633135,28.121666666666663,33.0,120.01774966824392,0.0030641014499364,515.2523980881972,107.52,107.5845921645176
2024-09-01,santa elena,Santa Elena,Maracuya,1.285,23.4375,1,1,1,0.5156804242105518,0.0,0.5156804242105518,6,33.39,28.57,3,3.0,35.09955662916876,32.05,68,120.68132435667243,0.0055289712585244,-0.001087955413266,0.0176878909890045,609.69,107.72,106.88058359301913,3,2024,9,3,-1.0,-1.8369701987210297e-16,1,0.5156804242105518,0,33.39,0,1.228,1.14,1.1,1.11,1.165,1.156,0.06548282217497854,1.13175,0.04937990481967928,0.1279999999999999,0.11799999999999988,0.48257125965541675,0.5970532084361717,33.723333333333336,35.00666666666667,120.01774966824392,0.0030641014499364,515.2523980881972,107.52,107.5845921645176
2024-09-01,santo domingo de los tsachilas,Santo Domingo De Los Tsáchilas,Maracuya,0.6525,10.4575,1,1,1,0.5550918214285714,1.0,0.5156804242105518,6,36.55555555555555,32.666666666666664,3,3.0,35.09955662916876,32.05,68,120.68132435667243,0.0055289712585244,-0.001087955413266,0.0176878909890045,609.69,107.72,106.88058359301913,4,2024,9,3,-1.0,-1.8369701987210297e-16,0,0.5550918214285714,0,36.55555555555555,0,0.722222222222222,0.781111111111111,0.7875,0.73,0.5775,0.7636111111111109,0.03598589401281406,0.762546296296296,0.03300599303356354,-0.06527777777777799,-0.007777777777777994,0.5608795327380951,0.5359375,36.38888888888889,35.95,120.01774966824392,0.0030641014499364,515.2523980881972,107.52,107.5845921645176
2024-10-01,guayas,Guayas,Maracuya,0.795,20.508888888888897,2,2,2,0.575,1.0,0.531718554614666,6,32.732044053623,28.54909090909091,3,3.0,34.5386989080409,31.212666666666667,67,119.86456291137884,-0.0067679191428134,-0.001495668854895,0.0108002616301707,545.86,106.247372727272,105.8996615994082,0,2024,10,4,-0.8660254037844386,0.5000000000000001,0,0.575,0,32.732044053623,0,0.941875,0.7358333333333336,0.7913888888888889,0.8825000000000001,0.9948076923076901,0.8230324074074075,0.10660335969784447,0.8611805555555557,0.07996625928138229,0.1504861111111111,0.059374999999999956,0.5472222222222223,0.6574999999999999,33.103871252204584,32.89725490196078,120.68132435667243,0.0055289712585244,609.69,107.72,106.88058359301913
2024-10-01,los rios,Los Rios,Maracuya,0.905,16.5,1,1,1,0.531718554614666,0.0,0.531718554614666,6,32.54285185185184,27.593,3,3.0,34.5386989080409,31.212666666666667,67,119.86456291137884,-0.0067679191428134,-0.001495668854895,0.0108002616301707,545.86,106.247372727272,105.8996615994082,1,2024,10,4,-0.8660254037844386,0.5000000000000001,1,0.531718554614666,0,32.54285185185184,0,0.89,0.858,0.99,1.045,0.814,0.9126666666666668,0.06885734044626667,0.9834166666666667,0.09278492154799152,-0.09999999999999998,-0.15499999999999992,0.5156804242105518,0.6141441394230769,32.512685185185184,32.36361111111111,120.68132435667243,0.0055289712585244,609.69,107.72,106.88058359301913
2024-10-01,manabi,Manabí,Maracuya,0.6329166666666665,18.91666666666665,2,2,2,0.5534772224854453,3.0,0.531718554614666,6,27.471666666666664,27.471666666666664,2,2.0,34.5386989080409,31.212666666666667,67,119.86456291137884,-0.0067679191428134,-0.001495668854895,0.0108002616301707,545.86,106.247372727272,105.8996615994082,2,2024,10,4,-0.8660254037844386,0.5000000000000001,0,0.5534772224854453,0,27.471666666666664,0,0.585625,0.52375,0.6922222222222225,0.7650000000000005,0.44875,0.6005324074074075,0.08521968969569904,0.6938376322751324,0.11849203997236173,-0.10659722222222257,-0.1793750000000005,0.5159466433946488,0.6337978485576923,27.471666666666664,27.471666666666664,120.68132435667243,0.0055289712585244,609.69,107.72,106.88058359301913
2024-10-01,santa elena,Santa Elena,Maracuya,1.3475,24.5625,1,1,1,0.531718554614666,0.0,0.531718554614666,6,33.39,28.57,3,3.0,34.5386989080409,31.212666666666667,67,119.86456291137884,-0.0067679191428134,-0.001495668854895,0.0108002616301707,545.86,106.247372727272,105.8996615994082,3,2024,10,4,-0.8660254037844386,0.5000000000000001,1,0.531718554614666,0,33.39,0,1.285,1.228,1.14,1.1,1.02666666666667,1.2176666666666665,0.07305021104235854,1.1609166666666668,0.07758892747465505,0.14500000000000002,0.18499999999999983,0.5156804242105518,0.6141441394230769,33.39,33.723333333333336,120.68132435667243,0.0055289712585244,609.69,107.72,106.88058359301913
2024-10-01,santo domingo de los tsachilas,Santo Domingo De Los Tsáchilas,Maracuya,0.622222222222222,9.96333333333333,1,1,1,0.5413661467181466,1.0,0.531718554614666,6,36.28888888888889,32.333333333333336,3,3.0,34.5386989080409,31.212666666666667,67,119.86456291137884,-0.0067679191428134,-0.001495668854895,0.0108002616301707,545.86,106.247372727272,105.8996615994082,4,2024,10,4,-0.8660254037844386,0.5000000000000001,0,0.5413661467181466,0,36.28888888888889,0,0.6525,0.722222222222222,0.781111111111111,0.751111111111111,0.548888888888889,0.718611111111111,0.06438155456263536,0.7496296296296295,0.05567200757996327,-0.128611111111111,-0.09861111111111098,0.5550918214285714,0.5356249999999999,36.55555555555555,35.577777777777776,120.68132435667243,0.0055289712585244,609.69,107.72,106.88058359301913
2024-11-01,guayas,Guayas,Maracuya,0.855,22.08875,2,2,2,0.5272727272727273,1.0,0.4721981473319708,6,33.1549164578112,28.796666666666667,3,3.0,34.7354056713754,31.06625,60,118.98016007340097,-0.0073783511698259,0.0025921290506372,0.0033422223373111,825.38,105.33,104.4814366800058,0,2024,11,4,-0.5000000000000004,0.8660254037844384,0,0.5272727272727273,0,33.1549164578112,0,0.795,0.941875,0.7358333333333336,0.901111111111111,1.0098484848484865,0.8242361111111113,0.10608654365832676,0.8465972222222223,0.08321336271638331,0.05916666666666648,-0.10611111111111093,0.575,0.4909090909090908,32.732044053623,33.13047962648557,119.86456291137884,-0.0067679191428134,545.86,106.247372727272,105.8996615994082
2024-11-01,los rios,Los Rios,Maracuya,0.88,16.0,1,1,1,0.4721981473319708,0.0,0.4721981473319708,6,32.035666666666664,27.031666666666663,3,3.0,34.7354056713754,31.06625,60,118.98016007340097,-0.0073783511698259,0.0025921290506372,0.0033422223373111,825.38,105.33,104.4814366800058,1,2024,11,4,-0.5000000000000004,0.8660254037844384,1,0.4721981473319708,0,32.035666666666664,0,0.905,0.89,0.858,1.1,0.9075,0.8843333333333335,0.02400694344003619,0.9600833333333334,0.09179891974673222,0.04700000000000004,-0.19500000000000006,0.531718554614666,0.48257125965541675,32.54285185185184,32.54042424242424,119.86456291137884,-0.0067679191428134,545.86,106.247372727272,105.8996615994082
2024-11-01,manabi,Manabí,Maracuya,0.5598214285714285,16.73214285714285,2,2,2,0.4988837238666834,3.0,0.4721981473319708,6,27.471666666666664,27.471666666666664,2,2.0,34.7354056713754,31.06625,60,118.98016007340097,-0.0073783511698259,0.0025921290506372,0.0033422223373111,825.38,105.33,104.4814366800058,2,2024,11,4,-0.5000000000000004,0.8660254037844384,0,0.4988837238666834,0,27.471666666666664,0,0.6329166666666665,0.585625,0.52375,0.7614285714285716,0.4585714285714285,0.5807638888888889,0.05474543888493012,0.6718237433862434,0.11484026413278871,0.10916666666666641,-0.1285119047619051,0.5534772224854453,0.42108558312655087,27.471666666666664,28.121666666666663,119.86456291137884,-0.0067679191428134,545.86,106.247372727272,105.8996615994082
2024-11-01,santa elena,Santa Elena,Maracuya,1.385,25.25,1,1,1,0.4721981473319708,0.0,0.4721981473319708,6,34.7354056713754,31.06625,0,0.0,34.7354056713754,31.06625,60,118.98016007340097,-0.0073783511698259,0.0025921290506372,0.0033422223373111,825.38,105.33,104.4814366800058,3,2024,11,4,-0.5000000000000004,0.8660254037844384,1,0.4721981473319708,1,34.7354056713754,0,1.3475,1.285,1.228,1.1125,0.7425,1.2868333333333333,0.05977109111713616,1.2021666666666666,0.1009884481842717,0.11949999999999994,0.23499999999999988,0.531718554614666,0.48257125965541675,33.39,33.723333333333336,119.86456291137884,-0.0067679191428134,545.86,106.247372727272,105.8996615994082
2024-11-01,santo domingo de los tsachilas,Santo Domingo De Los Tsáchilas,Maracuya,0.57125,9.14625,1,1,1,0.4871816517857142,1.0,0.4721981473319708,6,36.28888888888889,32.333333333333336,3,3.0,34.7354056713754,31.06625,60,118.98016007340097,-0.0073783511698259,0.0025921290506372,0.0033422223373111,825.38,105.33,104.4814366800058,4,2024,11,4,-0.5000000000000004,0.8660254037844384,0,0.4871816517857142,0,36.28888888888889,0,0.622222222222222,0.6525,0.722222222222222,0.803333333333333,0.44,0.665648148148148,0.05128016526684311,0.728148148148148,0.07610333834330676,-0.09999999999999998,-0.181111111111111,0.5413661467181466,0.5608795327380951,36.28888888888889,36.38888888888889,119.86456291137884,-0.0067679191428134,545.86,106.247372727272,105.8996615994082
2024-12-01,guayas,Guayas,Maracuya,0.8262499999999999,20.9813888888889,2,2,2,0.5444444444444445,1.0,0.5215598292042485,6,32.949467113531625,28.580571428571428,3,3.0,34.51615339496176,30.916666666666668,59,118.6837522279438,-0.0024912375750234,0.000842658492417,0.000842658492417,932.7250215638672,105.79,107.8017769720728,0,2024,12,4,-2.4492935982947064e-16,1.0,0,0.5444444444444445,0,32.949467113531625,0,0.855,0.795,0.941875,0.914375,0.95875,0.8639583333333333,0.07384615906283197,0.8389120370370371,0.07920453123079632,-0.08687500000000004,-0.05937500000000007,0.5272727272727273,0.5472222222222223,33.1549164578112,33.103871252204584,118.98016007340097,-0.0073783511698259,825.38,105.33,104.4814366800058
2024-12-01,los rios,Los Rios,Maracuya,0.9625,17.5,1,1,1,0.5215598292042485,0.0,0.5215598292042485,6,32.11833333333333,26.65,3,3.0,34.51615339496176,30.916666666666668,59,118.6837522279438,-0.0024912375750234,0.000842658492417,0.000842658492417,932.7250215638672,105.79,107.8017769720728,1,2024,12,4,-2.4492935982947064e-16,1.0,1,0.5215598292042485,0,32.11833333333333,0,0.88,0.905,0.89,1.0175,0.715,0.8916666666666667,0.012583057392108228,0.9234166666666668,0.0646609748354217,-0.010000000000000009,-0.13750000000000007,0.4721981473319708,0.5156804242105518,32.035666666666664,32.512685185185184,118.98016007340097,-0.0073783511698259,825.38,105.33,104.4814366800058
2024-12-01,manabi,Manabí,Maracuya,0.6822222222222225,20.3333333333333,2,2,2,0.5138120683760683,3.0,0.5215598292042485,6,27.06666666666667,27.06666666666667,2,2.0,34.51615339496176,30.916666666666668,59,118.6837522279438,-0.0024912375750234,0.000842658492417,0.000842658492417,932.7250215638672,105.79,107.8017769720728,2,2024,12,4,-2.4492935982947064e-16,1.0,0,0.5138120683760683,0,27.06666666666667,0,0.5598214285714285,0.6329166666666665,0.585625,0.835,0.4904166666666665,0.5927876984126983,0.037070293288066485,0.6382225529100528,0.11285626667343007,-0.02580357142857148,-0.2751785714285715,0.4988837238666834,0.5159466433946488,27.471666666666664,27.471666666666664,118.98016007340097,-0.0073783511698259,825.38,105.33,104.4814366800058
2024-12-01,santa elena,Santa Elena,Maracuya,1.54,28.0625,1,1,1,0.5215598292042485,0.0,0.5215598292042485,6,34.51615339496176,30.916666666666668,0,0.0,34.51615339496176,30.916666666666668,59,118.6837522279438,-0.0024912375750234,0.000842658492417,0.000842658492417,932.7250215638672,105.79,107.8017769720728,3,2024,12,4,-2.4492935982947064e-16,1.0,1,0.5215598292042485,1,34.51615339496176,0,1.385,1.3475,1.285,1.1,1.218,1.3391666666666666,0.050518148554087865,1.2475833333333333,0.1131416884559683,0.10000000000000009,0.2849999999999999,0.4721981473319708,0.5156804242105518,34.7354056713754,33.39,118.98016007340097,-0.0073783511698259,825.38,105.33,104.4814366800058
2024-12-01,santo domingo de los tsachilas,Santo Domingo De Los Tsáchilas,Maracuya,0.7525,12.04125,1,1,1,0.6248116589861751,1.0,0.5215598292042485,6,36.166666666666664,32.166666666666664,3,3.0,34.51615339496176,30.916666666666668,59,118.6837522279438,-0.0024912375750234,0.000842658492417,0.000842658492417,932.7250215638672,105.79,107.8017769720728,4,2024,12,4,-2.4492935982947064e-16,1.0,0,0.6248116589861751,0,36.166666666666664,0,0.57125,0.622222222222222,0.6525,0.7875,0.66125,0.6153240740740741,0.04106189183301218,0.6894675925925925,0.08825609903847796,-0.08124999999999993,-0.21624999999999994,0.4871816517857142,0.5550918214285714,36.28888888888889,36.55555555555555,118.98016007340097,-0.0073783511698259,825.38,105.33,104.4814366800058
2025-01-01,guayas,Guayas,Maracuya,0.91875,23.818125000000002,2,2,2,0.5710526315789474,1.0,0.5550909174413179,6,32.79344395866455,28.355405405405403,3,3.0,34.25151737905531,30.3,57,119.25491783450325,0.0048125004125456,0.0018613412413697,0.0048125004125456,814.7508426655235,105.17,104.38,0,2025,1,1,0.49999999999999994,0.8660254037844387,0,0.5710526315789474,0,32.79344395866455,0,0.8262499999999999,0.855,0.795,0.7913888888888889,0.8544444444444436,0.8254166666666666,0.030008679300046574,0.824224537037037,0.07005443783619814,0.03124999999999989,0.03486111111111101,0.5444444444444445,0.575,32.949467113531625,32.732044053623,118.6837522279438,-0.0024912375750234,932.7250215638672,105.79,107.8017769720728
2025-01-01,los rios,Los Rios,Maracuya,0.9625,17.5,1,1,1,0.5550909174413179,0.0,0.5550909174413179,6,31.7625,25.4375,3,3.0,34.25151737905531,30.3,57,119.25491783450325,0.0048125004125456,0.0018613412413697,0.0048125004125456,814.7508426655235,105.17,104.38,1,2025,1,1,0.49999999999999994,0.8660254037844387,1,0.5550909174413179,0,31.7625,0,0.9625,0.88,0.905,0.99,0.682,0.9158333333333335,0.04230346715498708,0.91425,0.05114073718671235,0.057499999999999996,-0.02749999999999997,0.5215598292042485,0.531718554614666,32.11833333333333,32.54285185185184,118.6837522279438,-0.0024912375750234,932.7250215638672,105.79,107.8017769720728
2025-01-01,manabi,Manabí,Maracuya,0.744375,22.125,2,2,2,0.6868239230769231,2.0,0.5550909174413179,6,26.916666666666664,26.916666666666664,2,2.0,34.25151737905531,30.3,57,119.25491783450325,0.0048125004125456,0.0018613412413697,0.0048125004125456,814.7508426655235,105.17,104.38,2,2025,1,1,0.49999999999999994,0.8660254037844387,0,0.6868239230769231,0,26.916666666666664,0,0.6822222222222225,0.5598214285714285,0.6329166666666665,0.6922222222222225,0.412777777777778,0.6249867724867726,0.06158450282225427,0.61275958994709,0.06783379239957907,0.049305555555556047,-0.010000000000000009,0.5138120683760683,0.5534772224854453,27.06666666666667,27.471666666666664,118.6837522279438,-0.0024912375750234,932.7250215638672,105.79,107.8017769720728
2025-01-01,santa elena,Santa Elena,Maracuya,1.075,19.6675,1,1,1,0.440924,1.0,0.5550909174413179,6,33.946666666666665,27.0,3,3.0,34.25151737905531,30.3,57,119.25491783450325,0.0048125004125456,0.0018613412413697,0.0048125004125456,814.7508426655235,105.17,104.38,3,2025,1,1,0.49999999999999994,0.8660254037844387,0,0.440924,0,33.946666666666665,0,1.54,1.385,1.3475,1.14,1.235,1.4241666666666666,0.10205186589833985,1.3209166666666665,0.1381775729511395,0.19250000000000012,0.40000000000000013,0.5215598292042485,0.531718554614666,34.51615339496176,33.39,118.6837522279438,-0.0024912375750234,932.7250215638672,105.79,107.8017769720728
2025-01-01,santo domingo de los tsachilas,Santo Domingo De Los Tsáchilas,Maracuya,0.674285714285714,10.8071428571429,1,1,1,0.5422543602484471,1.0,0.5550909174413179,6,33.653333333333336,29.0,3,3.0,34.25151737905531,30.3,57,119.25491783450325,0.0048125004125456,0.0018613412413697,0.0048125004125456,814.7508426655235,105.17,104.38,4,2025,1,1,0.49999999999999994,0.8660254037844387,0,0.5422543602484471,0,33.653333333333336,0,0.7525,0.57125,0.622222222222222,0.781111111111111,0.477142857142857,0.6486574074074074,0.09347194705809772,0.6836342592592591,0.08136861790919511,0.13027777777777794,-0.02861111111111103,0.6248116589861751,0.5413661467181466,36.166666666666664,36.28888888888889,118.6837522279438,-0.0024912375750234,932.7250215638672,105.79,107.8017769720728
2025-02-01,guayas,Guayas,Maracuya,0.888125,23.026875,2,2,2,0.6921052631578947,1.0,0.6138416260504741,6,35.24154306220096,35.24154306220096,2,2.0,36.29839144549181,34.78,43,119.53843395186992,0.0023773956035937,-0.001099407103953,0.0072013372334625,784.7367099409681,107.14,107.18920588936956,0,2025,2,1,0.8660254037844386,0.5000000000000001,0,0.6921052631578947,0,35.24154306220096,0,0.91875,0.8262499999999999,0.855,0.7358333333333336,0.78125,0.8666666666666667,0.04734074179111563,0.8454513888888889,0.07706040387194892,0.06374999999999997,0.1829166666666664,0.5710526315789474,0.5272727272727273,32.79344395866455,33.1549164578112,119.25491783450325,0.0048125004125456,814.7508426655235,105.17,104.38
2025-02-01,los rios,Los Rios,Maracuya,0.9625,17.5,1,1,1,0.6138416260504741,0.0,0.6138416260504741,6,34.9845,34.9845,2,2.0,36.29839144549181,34.78,43,119.53843395186992,0.0023773956035937,-0.001099407103953,0.0072013372334625,784.7367099409681,107.14,107.18920588936956,1,2025,2,1,0.8660254037844386,0.5000000000000001,1,0.6138416260504741,0,34.9845,0,0.9625,0.9625,0.88,0.858,0.9075,0.935,0.04763139720814123,0.9096666666666667,0.043682567079637837,0.08250000000000002,0.10450000000000004,0.5550909174413179,0.4721981473319708,31.7625,32.035666666666664,119.25491783450325,0.0048125004125456,814.7508426655235,105.17,104.38
2025-02-01,manabi,Manabí,Maracuya,0.7875,23.416874999999997,2,2,2,0.7733128615384615,2.0,0.6138416260504741,6,27.5,27.5,1,1.0,36.29839144549181,34.78,43,119.53843395186992,0.0023773956035937,-0.001099407103953,0.0072013372334625,784.7367099409681,107.14,107.18920588936956,2,2025,2,1,0.8660254037844386,0.5000000000000001,0,0.7733128615384615,0,27.5,0,0.744375,0.6822222222222225,0.5598214285714285,0.52375,0.505714285714286,0.6621395502645503,0.09390149341985869,0.6214517195767195,0.08192936529335368,0.18455357142857154,0.22062499999999996,0.6868239230769231,0.4988837238666834,26.916666666666664,27.471666666666664,119.25491783450325,0.0048125004125456,814.7508426655235,105.17,104.38
2025-02-01,santa elena,Santa Elena,Maracuya,1.4125,25.75,1,1,1,0.3968315999999999,1.0,0.6138416260504741,6,32.295,32.295,2,2.0,36.29839144549181,34.78,43,119.53843395186992,0.0023773956035937,-0.001099407103953,0.0072013372334625,784.7367099409681,107.14,107.18920588936956,3,2025,2,1,0.8660254037844386,0.5000000000000001,0,0.3968315999999999,0,32.295,0,1.075,1.54,1.385,1.228,1.044,1.3333333333333333,0.23676641090605083,1.3100833333333333,0.1565280858717293,-0.31000000000000005,-0.15300000000000002,0.440924,0.4721981473319708,33.946666666666665,34.7354056713754,119.25491783450325,0.0048125004125456,814.7508426655235,105.17,104.38
2025-02-01,santo domingo de los tsachilas,Santo Domingo De Los Tsáchilas,Maracuya,0.75,12.0,1,1,1,0.5579038367346939,1.0,0.6138416260504741,6,36.29839144549181,34.78,0,0.0,36.29839144549181,34.78,43,119.53843395186992,0.0023773956035937,-0.001099407103953,0.0072013372334625,784.7367099409681,107.14,107.18920588936956,4,2025,2,1,0.8660254037844386,0.5000000000000001,0,0.5579038367346939,1,36.29839144549181,0,0.674285714285714,0.7525,0.57125,0.722222222222222,0.4625,0.6660119047619046,0.09090782456987793,0.6658300264550263,0.06601208118814841,0.10303571428571401,-0.047936507936507944,0.5422543602484471,0.4871816517857142,33.653333333333336,36.28888888888889,119.25491783450325,0.0048125004125456,814.7508426655235,105.17,104.38
2025-03-01,guayas,Guayas,Maracuya,0.784107142857143,20.20160714285715,2,2,2,0.6714285714285714,1.0,0.5427762972161172,5,32.86499367488931,28.368529411764708,3,3.0,33.40325882936722,30.098333333333333,64,121.24915347952025,0.0143110418222403,0.0120753371792707,0.0216154376940269,775.1709386019182,108.16,103.07933480110388,0,2025,3,1,1.0,6.123233995736766e-17,0,0.6714285714285714,0,32.86499367488931,0,0.888125,0.91875,0.8262499999999999,0.941875,0.829375,0.8777083333333334,0.04712157370391073,0.8708333333333335,0.05591241290328241,0.061875000000000124,-0.053749999999999964,0.6921052631578947,0.5444444444444445,35.24154306220096,32.949467113531625,119.53843395186992,0.0023773956035937,784.7367099409681,107.14,107.18920588936956
2025-03-01,los rios,Los Rios,Maracuya,0.92,16.75,1,1,1,0.5427762972161172,0.0,0.5427762972161172,5,32.034444444444446,25.75,3,3.0,33.40325882936722,30.098333333333333,64,121.24915347952025,0.0143110418222403,0.0120753371792707,0.0216154376940269,775.1709386019182,108.16,103.07933480110388,1,2025,3,1,1.0,6.123233995736766e-17,1,0.5427762972161172,0,32.034444444444446,0,0.9625,0.9625,0.9625,0.89,1.0325,0.9625,0.0,0.9270833333333334,0.03960481873038979,0.0,0.07250000000000001,0.6138416260504741,0.5215598292042485,34.9845,32.11833333333333,119.53843395186992,0.0023773956035937,784.7367099409681,107.14,107.18920588936956
2025-03-01,manabi,Manabí,Maracuya,0.522589285714286,15.61285714285715,2,2,2,0.5209121358974358,2.0,0.5427762972161172,5,26.916666666666664,26.916666666666664,2,2.0,33.40325882936722,30.098333333333333,64,121.24915347952025,0.0143110418222403,0.0120753371792707,0.0216154376940269,775.1709386019182,108.16,103.07933480110388,2,2025,3,1,1.0,6.123233995736766e-17,0,0.5209121358974358,0,26.916666666666664,0,0.7875,0.744375,0.6822222222222225,0.585625,0.61875,0.7380324074074075,0.05292470107665635,0.665410052910053,0.08943656913530679,0.10527777777777747,0.20187500000000003,0.7733128615384615,0.5138120683760683,27.5,27.06666666666667,119.53843395186992,0.0023773956035937,784.7367099409681,107.14,107.18920588936956
2025-03-01,santa elena,Santa Elena,Maracuya,0.98,17.89,1,1,1,0.5427762972161172,0.0,0.5427762972161172,5,27.175,27.175,2,2.0,33.40325882936722,30.098333333333333,64,121.24915347952025,0.0143110418222403,0.0120753371792707,0.0216154376940269,775.1709386019182,108.16,103.07933480110388,3,2025,3,1,1.0,6.123233995736766e-17,1,0.5427762972161172,0,27.175,0,1.4125,1.075,1.54,1.285,1.11,1.3425,0.24027328191041042,1.3408333333333333,0.15529541740395142,-0.12749999999999995,0.12750000000000017,0.3968315999999999,0.5215598292042485,32.295,34.51615339496176,119.53843395186992,0.0023773956035937,784.7367099409681,107.14,107.18920588936956
2025-03-01,santo domingo de los tsachilas,Santo Domingo De Los Tsáchilas,Maracuya,0.668571428571429,10.7142857142857,1,1,1,0.5590286428571428,1.0,0.5427762972161172,5,33.00666666666667,27.0,3,3.0,33.40325882936722,30.098333333333333,64,121.24915347952025,0.0143110418222403,0.0120753371792707,0.0216154376940269,775.1709386019182,108.16,103.07933480110388,4,2025,3,1,1.0,6.123233995736766e-17,0,0.5590286428571428,0,33.00666666666667,0,0.75,0.674285714285714,0.7525,0.6525,0.73,0.725595238095238,0.044452929320466655,0.6704596560846561,0.07150367570135689,-0.0024999999999999467,0.09750000000000003,0.5579038367346939,0.6248116589861751,36.29839144549181,36.166666666666664,119.53843395186992,0.0023773956035937,784.7367099409681,107.14,107.18920588936956
2025-04-01,guayas,Guayas,Maracuya,0.7983333333333336,21.71854166666665,2,2,2,0.6363636363636362,1.0,0.5547529333576146,6,33.11849157706093,28.69225806451613,3,3.0,33.5755545452039,29.666666666666668,65,120.82475643699468,-0.0035002062311078,-0.0019635566868785,0.0180395729732143,594.6190318419519,106.01,95.01,0,2025,4,2,0.8660254037844387,-0.4999999999999998,0,0.6363636363636362,0,33.11849157706093,0,0.784107142857143,0.888125,0.91875,0.795,0.8825000000000001,0.8636607142857144,0.07057655915054478,0.8445386904761905,0.05283380326488387,-0.13464285714285695,-0.010892857142857038,0.6714285714285714,0.5710526315789474,32.86499367488931,32.79344395866455,121.24915347952025,0.0143110418222403,775.1709386019182,108.16,103.07933480110388
2025-04-01,los rios,Los Rios,Maracuya,0.916666666666667,16.6666666666667,1,1,1,0.5547529333576146,0.0,0.5547529333576146,6,32.372634920634916,26.928571428571427,3,3.0,33.5755545452039,29.666666666666668,65,120.82475643699468,-0.0035002062311078,-0.0019635566868785,0.0180395729732143,594.6190318419519,106.01,95.01,1,2025,4,2,0.8660254037844387,-0.4999999999999998,1,0.5547529333576146,0,32.372634920634916,0,0.92,0.9625,0.9625,0.905,1.045,0.9483333333333334,0.024537386440553234,0.9320833333333334,0.03568671554888495,-0.04249999999999998,0.015000000000000013,0.5427762972161172,0.5550909174413179,32.034444444444446,31.7625,121.24915347952025,0.0143110418222403,775.1709386019182,108.16,103.07933480110388
2025-04-01,manabi,Manabí,Maracuya,0.7005357142857145,20.8688392857143,2,2,2,0.6593040271291208,2.0,0.5547529333576146,6,27.166666666666664,27.166666666666664,2,2.0,33.5755545452039,29.666666666666668,65,120.82475643699468,-0.0035002062311078,-0.0019635566868785,0.0180395729732143,594.6190318419519,106.01,95.01,2,2025,4,2,0.8660254037844387,-0.4999999999999998,0,0.6593040271291208,0,27.166666666666664,0,0.522589285714286,0.7875,0.744375,0.6329166666666665,0.7650000000000005,0.6848214285714288,0.14214215609123565,0.6549041005291005,0.10330959893002686,-0.22178571428571403,-0.11032738095238048,0.5209121358974358,0.6868239230769231,26.916666666666664,26.916666666666664,121.24915347952025,0.0143110418222403,775.1709386019182,108.16,103.07933480110388
2025-04-01,santa elena,Santa Elena,Maracuya,1.14666666666667,20.9433333333333,1,1,1,0.2866006,1.0,0.5547529333576146,6,33.32333333333333,28.5,3,3.0,33.5755545452039,29.666666666666668,65,120.82475643699468,-0.0035002062311078,-0.0019635566868785,0.0180395729732143,594.6190318419519,106.01,95.01,3,2025,4,2,0.8660254037844387,-0.4999999999999998,0,0.2866006,0,33.32333333333333,0,0.98,1.4125,1.075,1.3475,1.1,1.1558333333333335,0.22729844551455528,1.2899999999999998,0.21548201781123355,-0.09499999999999997,-0.36749999999999994,0.5427762972161172,0.440924,27.175,33.946666666666665,121.24915347952025,0.0143110418222403,775.1709386019182,108.16,103.07933480110388
2025-04-01,santo domingo de los tsachilas,Santo Domingo De Los Tsáchilas,Maracuya,0.614285714285714,9.85714285714286,1,1,1,0.5590286428571428,1.0,0.5547529333576146,6,34.516666666666666,31.0,3,3.0,33.5755545452039,29.666666666666668,65,120.82475643699468,-0.0035002062311078,-0.0019635566868785,0.0180395729732143,594.6190318419519,106.01,95.01,4,2025,4,2,0.8660254037844387,-0.4999999999999998,0,0.5590286428571428,0,34.516666666666666,0,0.668571428571429,0.75,0.674285714285714,0.622222222222222,0.751111111111111,0.6976190476190477,0.04545312304515745,0.6731382275132276,0.07099555744002425,-0.005714285714285006,0.04634920634920703,0.5590286428571428,0.5422543602484471,33.00666666666667,33.653333333333336,121.24915347952025,0.0143110418222403,775.1709386019182,108.16,103.07933480110388
2025-05-01,guayas,Guayas,Maracuya,0.9444444444444444,24.490555555555552,2,2,2,0.6477272727272726,1.0,0.6554204509733944,5,33.12011543209877,28.672962962962966,3,3.0,34.01352855440856,30.25,65,120.75117274782014,-0.0006090116905215,0.0039314745608989,0.0174195749718601,599.7222682700423,104.14,95.01,0,2025,5,2,0.49999999999999994,-0.8660254037844387,0,0.6477272727272726,0,33.12011543209877,1,0.7983333333333336,0.784107142857143,0.888125,0.855,0.901111111111111,0.8235218253968255,0.05639834882753324,0.8450942460317461,0.052222706095937946,-0.08979166666666649,-0.05666666666666642,0.6363636363636362,0.6921052631578947,33.11849157706093,35.24154306220096,120.82475643699468,-0.0035002062311078,594.6190318419519,106.01,95.01
2025-05-01,los rios,Los Rios,Maracuya,0.946,17.2,1,1,1,0.6554204509733944,0.0,0.6554204509733944,5,32.28388888888889,27.5,3,3.0,34.01352855440856,30.25,65,120.75117274782014,-0.0006090116905215,0.0039314745608989,0.0174195749718601,599.7222682700423,104.14,95.01,1,2025,5,2,0.49999999999999994,-0.8660254037844387,1,0.6554204509733944,0,32.28388888888889,1,0.916666666666667,0.92,0.9625,0.88,1.1,0.9330555555555557,0.02555404584912098,0.9340277777777778,0.034202894072919016,-0.04583333333333306,0.03666666666666696,0.5547529333576146,0.6138416260504741,32.372634920634916,34.9845,120.82475643699468,-0.0035002062311078,594.6190318419519,106.01,95.01
2025-05-01,manabi,Manabí,Maracuya,0.7921428571428573,23.52357142857143,2,2,2,0.7043680144688644,2.0,0.6554204509733944,5,27.25,27.25,2,2.0,34.01352855440856,30.25,65,120.75117274782014,-0.0006090116905215,0.0039314745608989,0.0174195749718601,599.7222682700423,104.14,95.01,2,2025,5,2,0.49999999999999994,-0.8660254037844387,0,0.7043680144688644,0,27.25,1,0.7005357142857145,0.522589285714286,0.7875,0.5598214285714285,0.7614285714285716,0.6702083333333335,0.1350341962704813,0.666173941798942,0.10411638405948258,-0.0869642857142855,0.140714285714286,0.6593040271291208,0.7733128615384615,27.166666666666664,27.5,120.82475643699468,-0.0035002062311078,594.6190318419519,106.01,95.01
2025-05-01,santa elena,Santa Elena,Maracuya,1.014,18.5,1,1,1,0.6554204509733944,0.0,0.6554204509733944,5,34.01352855440856,30.25,0,0.0,34.01352855440856,30.25,65,120.75117274782014,-0.0006090116905215,0.0039314745608989,0.0174195749718601,599.7222682700423,104.14,95.01,3,2025,5,2,0.49999999999999994,-0.8660254037844387,1,0.6554204509733944,1,34.01352855440856,1,1.14666666666667,0.98,1.4125,1.385,1.1125,1.1797222222222234,0.21813657376702003,1.2565277777777784,0.2203081280758767,-0.26583333333333004,-0.23833333333332996,0.2866006,0.3968315999999999,33.32333333333333,32.295,120.82475643699468,-0.0035002062311078,594.6190318419519,106.01,95.01
2025-05-01,santo domingo de los tsachilas,Santo Domingo De Los Tsáchilas,Maracuya,0.741111111111111,11.852222222222222,1,1,1,0.6692596428571428,1.0,0.6554204509733944,5,34.34166666666667,30.25,3,3.0,34.01352855440856,30.25,65,120.75117274782014,-0.0006090116905215,0.0039314745608989,0.0174195749718601,599.7222682700423,104.14,95.01,4,2025,5,2,0.49999999999999994,-0.8660254037844387,0,0.6692596428571428,0,34.34166666666667,1,0.614285714285714,0.668571428571429,0.75,0.57125,0.803333333333333,0.6776190476190477,0.06830802584292937,0.6718154761904761,0.07219768219704677,-0.135714285714286,0.043035714285713955,0.5590286428571428,0.5579038367346939,34.516666666666666,36.29839144549181,120.82475643699468,-0.0035002062311078,594.6190318419519,106.01,95.01
2025-06-01,guayas,Guayas,Maracuya,0.9277731092436975,24.116848739495797,2,2,2,0.6633333333333334,1.0,0.6708353203754579,5,33.87644852941177,29.27647058823529,3,3.0,33.90356687865105,30.235,67,120.42510411575188,-0.0027003351159928,0.007755016940542,0.014672201165865,602.1679083280907,105.77,95.01,0,2025,6,2,1.2246467991473532e-16,-1.0,0,0.6633333333333334,0,33.87644852941177,1,0.9444444444444444,0.7983333333333336,0.784107142857143,0.8262499999999999,0.914375,0.8422949735449737,0.08874954607009161,0.8600016534391536,0.06644547892703297,0.16033730158730142,0.11819444444444449,0.6477272727272726,0.6714285714285714,33.12011543209877,32.86499367488931,120.75117274782014,-0.0006090116905215,599.7222682700423,104.14,95.01
2025-06-01,los rios,Los Rios,Maracuya,0.9411111111111112,17.11111111111111,1,1,1,0.6708353203754579,0.0,0.6708353203754579,5,32.4375,27.1375,3,3.0,33.90356687865105,30.235,67,120.42510411575188,-0.0027003351159928,0.007755016940542,0.014672201165865,602.1679083280907,105.77,95.01,1,2025,6,2,1.2246467991473532e-16,-1.0,1,0.6708353203754579,0,32.4375,1,0.946,0.916666666666667,0.92,0.9625,1.0175,0.9275555555555557,0.01606007241346214,0.9450277777777778,0.021668055511050617,0.025999999999999912,-0.01650000000000007,0.6554204509733944,0.5427762972161172,32.28388888888889,32.034444444444446,120.75117274782014,-0.0006090116905215,599.7222682700423,104.14,95.01
2025-06-01,manabi,Manabí,Maracuya,0.7983541666666667,23.704166666666666,2,2,2,0.7562482548076923,2.0,0.6708353203754579,5,27.483333333333334,27.483333333333334,2,2.0,33.90356687865105,30.235,67,120.42510411575188,-0.0027003351159928,0.007755016940542,0.014672201165865,602.1679083280907,105.77,95.01,2,2025,6,2,1.2246467991473532e-16,-1.0,0,0.7562482548076923,0,27.483333333333334,1,0.7921428571428573,0.7005357142857145,0.522589285714286,0.6822222222222225,0.835,0.6717559523809525,0.13706198593682165,0.70489417989418,0.09976259487634716,0.2695535714285713,0.10992063492063475,0.7043680144688644,0.5209121358974358,27.25,26.916666666666664,120.75117274782014,-0.0006090116905215,599.7222682700423,104.14,95.01
2025-06-01,santa elena,Santa Elena,Maracuya,1.0444444444444445,19.05444444444444,1,1,1,0.6708353203754579,0.0,0.6708353203754579,5,34.98888888888889,29.666666666666668,3,3.0,33.90356687865105,30.235,67,120.42510411575188,-0.0027003351159928,0.007755016940542,0.014672201165865,602.1679083280907,105.77,95.01,3,2025,6,2,1.2246467991473532e-16,-1.0,1,0.6708353203754579,0,34.98888888888889,1,1.014,1.14666666666667,0.98,1.54,1.1,1.04688888888889,0.08806647321032038,1.1946944444444452,0.22893352787476498,0.03400000000000003,-0.526,0.6554204509733944,0.5427762972161172,34.01352855440856,27.175,120.75117274782014,-0.0006090116905215,599.7222682700423,104.14,95.01
2025-06-01,santo domingo de los tsachilas,Santo Domingo De Los Tsáchilas,Maracuya,0.7317647058823529,11.695882352941176,1,1,1,0.6170967589285714,1.0,0.6708353203754579,5,33.644444444444446,29.6,3,3.0,33.90356687865105,30.235,67,120.42510411575188,-0.0027003351159928,0.007755016940542,0.014672201165865,602.1679083280907,105.77,95.01,4,2025,6,2,1.2246467991473532e-16,-1.0,0,0.6170967589285714,0,33.644444444444446,1,0.741111111111111,0.614285714285714,0.668571428571429,0.7525,0.7875,0.6746560846560846,0.06363126275449622,0.7001256613756613,0.05646626794724218,0.07253968253968202,-0.011388888888888893,0.6692596428571428,0.5590286428571428,34.34166666666667,33.00666666666667,120.75117274782014,-0.0006090116905215,599.7222682700423,104.14,95.01
2025-07-01,guayas,Guayas,Maracuya,0.8528333333333333,22.176833333333335,2,2,2,0.6166666666666667,1.0,0.5557819561597102,6,34.883186248449405,30.64909090909091,3,3.0,34.77038785885168,30.90083333333333,68,120.98215715227757,0.0046257218593745,0.0111242636265962,0.0193657925468977,537.9616050566132,107.79,95.01,0,2025,7,3,-0.4999999999999997,-0.8660254037844388,0,0.6166666666666667,0,34.883186248449405,1,0.9277731092436975,0.9444444444444444,0.7983333333333336,0.91875,0.7913888888888889,0.8901836290071584,0.0799802535996885,0.8769221716464365,0.0690086673437278,0.12943977591036393,0.009023109243697536,0.6633333333333334,0.6363636363636362,33.87644852941177,33.11849157706093,120.42510411575188,-0.0027003351159928,602.1679083280907,105.77,95.01
2025-07-01,los rios,Los Rios,Maracuya,0.935,17.0,1,1,1,0.5557819561597102,0.0,0.5557819561597102,6,33.439166666666665,28.305,3,3.0,34.77038785885168,30.90083333333333,68,120.98215715227757,0.0046257218593745,0.0111242636265962,0.0193657925468977,537.9616050566132,107.79,95.01,1,2025,7,3,-0.4999999999999997,-0.8660254037844388,1,0.5557819561597102,0,33.439166666666665,1,0.9411111111111112,0.946,0.916666666666667,0.9625,0.99,0.9345925925925928,0.015715579017905473,0.9414629629629631,0.01990646853945419,0.02444444444444427,-0.02138888888888879,0.6708353203754579,0.5547529333576146,32.4375,32.372634920634916,120.42510411575188,-0.0027003351159928,602.1679083280907,105.77,95.01
2025-07-01,manabi,Manabí,Maracuya,0.7132638888888889,21.23611111111111,2,2,2,0.6825593300904977,2.0,0.5557819561597102,6,28.299999999999997,28.299999999999997,2,2.0,34.77038785885168,30.90083333333333,68,120.98215715227757,0.0046257218593745,0.0111242636265962,0.0193657925468977,537.9616050566132,107.79,95.01,2,2025,7,3,-0.4999999999999997,-0.8660254037844388,0,0.6825593300904977,0,28.299999999999997,1,0.7983541666666667,0.7921428571428573,0.7005357142857145,0.744375,0.6922222222222225,0.7636775793650795,0.054770580020441884,0.724249503968254,0.10558016549056037,0.09781845238095221,0.05397916666666669,0.7562482548076923,0.6593040271291208,27.483333333333334,27.166666666666664,120.42510411575188,-0.0027003351159928,602.1679083280907,105.77,95.01
2025-07-01,santa elena,Santa Elena,Maracuya,1.062,19.398,1,1,1,0.316583432,1.0,0.5557819561597102,6,34.093333333333334,28.8,3,3.0,34.77038785885168,30.90083333333333,68,120.98215715227757,0.0046257218593745,0.0111242636265962,0.0193657925468977,537.9616050566132,107.79,95.01,3,2025,7,3,-0.4999999999999997,-0.8660254037844388,0,0.316583432,0,34.093333333333334,1,1.0444444444444445,1.014,1.14666666666667,1.075,1.14,1.0683703703703715,0.06949423400305269,1.1121018518518524,0.15777371049791677,-0.10222222222222554,-0.030555555555555447,0.6708353203754579,0.2866006,34.98888888888889,33.32333333333333,120.42510411575188,-0.0027003351159928,602.1679083280907,105.77,95.01
2025-07-01,santo domingo de los tsachilas,Santo Domingo De Los Tsáchilas,Maracuya,0.7150000000000001,11.45,1,1,1,0.5708391071428571,1.0,0.5557819561597102,6,33.083333333333336,28.75,3,3.0,34.77038785885168,30.90083333333333,68,120.98215715227757,0.0046257218593745,0.0111242636265962,0.0193657925468977,537.9616050566132,107.79,95.01,4,2025,7,3,-0.4999999999999997,-0.8660254037844388,0,0.5708391071428571,0,33.083333333333336,1,0.7317647058823529,0.741111111111111,0.614285714285714,0.674285714285714,0.781111111111111,0.6957205104263927,0.07067926385815625,0.6966697790227201,0.053157306427967246,0.11747899159663888,0.05747899159663883,0.6170967589285714,0.5590286428571428,33.644444444444446,34.516666666666666,120.42510411575188,-0.0027003351159928,602.1679083280907,105.77,95.01
2025-08-01,guayas,Guayas,Maracuya,0.618125,16.3885,2,2,2,0.5071428571428571,1.0,0.4239688539835165,7,35.736715686274515,31.24764705882353,3,3.0,34.814019924279876,30.668,68,121.51539760762888,0.0044075958629183,0.0124785537432987,0.0238587449969278,637.9990865713016,104.74,95.01,0,2025,8,3,-0.8660254037844385,-0.5000000000000004,0,0.5071428571428571,0,35.736715686274515,1,0.8528333333333333,0.9277731092436975,0.9444444444444444,0.888125,0.7358333333333336,0.9083502956738251,0.04879634397145334,0.8659360605353253,0.06620803263232045,-0.09161111111111109,-0.03529166666666672,0.6166666666666667,0.6477272727272726,34.883186248449405,33.12011543209877,120.98215715227757,0.0046257218593745,537.9616050566132,107.79,95.01
2025-08-01,los rios,Los Rios,Maracuya,0.9075,16.5,1,1,1,0.4239688539835165,0.0,0.4239688539835165,7,34.10074074074074,29.146666666666665,3,3.0,34.814019924279876,30.668,68,121.51539760762888,0.0044075958629183,0.0124785537432987,0.0238587449969278,637.9990865713016,104.74,95.01,1,2025,8,3,-0.8660254037844385,-0.5000000000000004,1,0.4239688539835165,0,34.10074074074074,1,0.935,0.9411111111111112,0.946,0.9625,0.858,0.9407037037037038,0.0055113052534248,0.9368796296296297,0.017055842077468443,-0.010999999999999899,-0.02749999999999997,0.5557819561597102,0.6554204509733944,33.439166666666665,32.28388888888889,120.98215715227757,0.0046257218593745,537.9616050566132,107.79,95.01
2025-08-01,manabi,Manabí,Maracuya,0.5744444444444444,17.136944444444445,2,2,2,0.5182976826923076,2.0,0.4239688539835165,7,29.026666666666667,29.026666666666667,2,2.0,34.814019924279876,30.668,68,121.51539760762888,0.0044075958629183,0.0124785537432987,0.0238587449969278,637.9990865713016,104.74,95.01,2,2025,8,3,-0.8660254037844385,-0.5000000000000004,0,0.5182976826923076,0,29.026666666666667,1,0.7132638888888889,0.7983541666666667,0.7921428571428573,0.7875,0.52375,0.7679203042328043,0.0474356184231324,0.7190643187830689,0.10515720422376279,-0.07887896825396834,-0.07423611111111106,0.6825593300904977,0.7043680144688644,28.299999999999997,27.25,120.98215715227757,0.0046257218593745,537.9616050566132,107.79,95.01
2025-08-01,santa elena,Santa Elena,Maracuya,0.8425,15.415,1,1,1,0.2155734,2.0,0.4239688539835165,7,34.458666666666666,29.326,3,3.0,34.814019924279876,30.668,68,121.51539760762888,0.0044075958629183,0.0124785537432987,0.0238587449969278,637.9990865713016,104.74,95.01,3,2025,8,3,-0.8660254037844385,-0.5000000000000004,0,0.2155734,0,34.458666666666666,1,1.062,1.0444444444444445,1.014,1.4125,1.228,1.0401481481481483,0.02428669638710078,1.1099351851851857,0.15847283685407018,0.04800000000000004,-0.35050000000000003,0.316583432,0.6554204509733944,34.093333333333334,34.01352855440856,120.98215715227757,0.0046257218593745,537.9616050566132,107.79,95.01
2025-08-01,santo domingo de los tsachilas,Santo Domingo De Los Tsáchilas,Maracuya,0.6975,11.1475,1,1,1,0.5796969553571428,1.0,0.4239688539835165,7,33.333333333333336,29.0,3,3.0,34.814019924279876,30.668,68,121.51539760762888,0.0044075958629183,0.0124785537432987,0.0238587449969278,637.9990865713016,104.74,95.01,4,2025,8,3,-0.8660254037844385,-0.5000000000000004,0,0.5796969553571428,0,33.333333333333336,1,0.7150000000000001,0.7317647058823529,0.741111111111111,0.75,0.722222222222222,0.7292919389978213,0.013230021274111362,0.7034554933084345,0.05232049554449082,-0.026111111111110974,-0.03499999999999992,0.5708391071428571,0.6692596428571428,33.083333333333336,34.34166666666667,120.98215715227757,0.0046257218593745,537.9616050566132,107.79,95.01
2025-09-01,guayas,Guayas,Maracuya,0.6620833333333334,17.78625,2,2,2,0.6272727272727272,1.0,0.5093696786068097,6,36.63570512820513,32.6525,3,3.0,35.81302542639652,32.233333333333334,64,121.42227232272184,-0.0007663661292353,0.0061397069513384,0.0230740943336409,515.069963010528,108.34,95.01,0,2025,9,3,-1.0,-1.8369701987210297e-16,0,0.6272727272727272,0,36.63570512820513,1,0.618125,0.8528333333333333,0.9277731092436975,0.784107142857143,0.941875,0.7995771475256769,0.16154768300608227,0.8209360605353253,0.11889952953169149,-0.30964810924369746,-0.16598214285714297,0.5071428571428571,0.6633333333333334,35.736715686274515,33.87644852941177,121.51539760762888,0.0044075958629183,637.9990865713016,104.74,95.01
2025-09-01,los rios,Los Rios,Maracuya,0.9075,16.5,1,1,1,0.5093696786068097,0.0,0.5093696786068097,6,35.19722222222222,29.83333333333333,3,3.0,35.81302542639652,32.233333333333334,64,121.42227232272184,-0.0007663661292353,0.0061397069513384,0.0230740943336409,515.069963010528,108.34,95.01,1,2025,9,3,-1.0,-1.8369701987210297e-16,1,0.5093696786068097,0,35.19722222222222,1,0.9075,0.935,0.9411111111111112,0.92,0.89,0.9278703703703705,0.01790392167996617,0.9277129629629629,0.015212503656205635,-0.03361111111111126,-0.012500000000000067,0.4239688539835165,0.6708353203754579,34.10074074074074,32.4375,121.51539760762888,0.0044075958629183,637.9990865713016,104.74,95.01
2025-09-01,manabi,Manabí,Maracuya,0.5627777777777778,16.758333333333333,2,2,2,0.499431223076923,2.0,0.5093696786068097,6,28.835,28.835,2,2.0,35.81302542639652,32.233333333333334,64,121.42227232272184,-0.0007663661292353,0.0061397069513384,0.0230740943336409,515.069963010528,108.34,95.01,2,2025,9,3,-1.0,-1.8369701987210297e-16,0,0.499431223076923,0,28.835,1,0.5744444444444444,0.7132638888888889,0.7983541666666667,0.522589285714286,0.585625,0.6953541666666667,0.11302415467043316,0.6835550595238097,0.1130983718998971,-0.22390972222222227,0.051855158730158446,0.5182976826923076,0.7562482548076923,29.026666666666667,27.483333333333334,121.51539760762888,0.0044075958629183,637.9990865713016,104.74,95.01
2025-09-01,santa elena,Santa Elena,Maracuya,0.8525,15.5825,1,1,1,0.3362045499999999,1.0,0.5093696786068097,6,28.25,28.25,2,2.0,35.81302542639652,32.233333333333334,64,121.42227232272184,-0.0007663661292353,0.0061397069513384,0.0230740943336409,515.069963010528,108.34,95.01,3,2025,9,3,-1.0,-1.8369701987210297e-16,0,0.3362045499999999,0,28.25,1,0.8425,1.062,1.0444444444444445,0.98,1.285,0.9829814814814816,0.12197677796261082,1.0149351851851858,0.10138472391242664,-0.20194444444444448,-0.13749999999999996,0.2155734,0.6708353203754579,34.458666666666666,34.98888888888889,121.51539760762888,0.0044075958629183,637.9990865713016,104.74,95.01
2025-09-01,santo domingo de los tsachilas,Santo Domingo De Los Tsáchilas,Maracuya,0.7577777777777778,12.128888888888888,1,1,1,0.6151283482142856,1.0,0.5093696786068097,6,33.416666666666664,29.25,3,3.0,35.81302542639652,32.233333333333334,64,121.42227232272184,-0.0007663661292353,0.0061397069513384,0.0230740943336409,515.069963010528,108.34,95.01,4,2025,9,3,-1.0,-1.8369701987210297e-16,0,0.6151283482142856,0,33.416666666666664,1,0.6975,0.7150000000000001,0.7317647058823529,0.668571428571429,0.6525,0.7147549019607844,0.017133667794375373,0.6947054933084345,0.047110238945458544,-0.034264705882352864,0.02892857142857097,0.5796969553571428,0.6170967589285714,33.333333333333336,33.644444444444446,121.51539760762888,0.0044075958629183,637.9990865713016,104.74,95.01
2025-10-01,guayas,Guayas,Maracuya,0.830625,21.114583333333336,2,2,2,0.6022727272727273,1.0,0.5091781666614495,6,37.52946778711485,32.87628571428571,3,3.0,36.464495553173776,32.178,67,122.24794647159104,0.0068000222123556,0.0198839715619232,0.0300310208999952,659.3121919556191,106.31,95.01,0,2025,10,4,-0.8660254037844386,0.5000000000000001,0,0.6022727272727273,0,37.52946778711485,1,0.6620833333333334,0.618125,0.8528333333333333,0.7983333333333336,0.795,0.711013888888889,0.1247703886515504,0.8005987589480238,0.13570679817999903,-0.19074999999999998,-0.1362500000000002,0.6272727272727272,0.6166666666666667,36.63570512820513,34.883186248449405,121.42227232272184,-0.0007663661292353,515.069963010528,108.34,95.01
2025-10-01,los rios,Los Rios,Maracuya,0.935,17.0,1,1,1,0.5091781666614495,0.0,0.5091781666614495,6,34.87934523809523,29.875,3,3.0,36.464495553173776,32.178,67,122.24794647159104,0.0068000222123556,0.0198839715619232,0.0300310208999952,659.3121919556191,106.31,95.01,1,2025,10,4,-0.8660254037844386,0.5000000000000001,1,0.5091781666614495,0,34.87934523809523,1,0.9075,0.9075,0.935,0.916666666666667,0.905,0.9166666666666666,0.0158771324027063,0.9256296296296297,0.01720542789271902,-0.02750000000000008,-0.00916666666666699,0.5093696786068097,0.5557819561597102,35.19722222222222,33.439166666666665,121.42227232272184,-0.0007663661292353,515.069963010528,108.34,95.01
2025-10-01,manabi,Manabí,Maracuya,0.52625,15.6875,2,2,2,0.48414020487179477,2.0,0.5091781666614495,6,30.041666666666664,30.041666666666664,2,2.0,36.464495553173776,32.178,67,122.24794647159104,0.0068000222123556,0.0198839715619232,0.0300310208999952,659.3121919556191,106.31,95.01,2,2025,10,4,-0.8660254037844386,0.5000000000000001,0,0.48414020487179477,0,30.041666666666664,1,0.5627777777777778,0.5744444444444444,0.7132638888888889,0.7005357142857145,0.6329166666666665,0.6168287037037038,0.0837187940910131,0.6902531415343915,0.10233688901288322,-0.1504861111111111,-0.13775793650793666,0.499431223076923,0.6825593300904977,28.835,28.299999999999997,121.42227232272184,-0.0007663661292353,515.069963010528,108.34,95.01
2025-10-01,santa elena,Santa Elena,Maracuya,0.996,18.254,1,1,1,0.382722032,1.0,0.5091781666614495,6,38.66722222222222,33.46666666666667,3,3.0,36.464495553173776,32.178,67,122.24794647159104,0.0068000222123556,0.0198839715619232,0.0300310208999952,659.3121919556191,106.31,95.01,3,2025,10,4,-0.8660254037844386,0.5000000000000001,0,0.382722032,0,38.66722222222222,1,0.8525,0.8425,1.062,1.14666666666667,1.3475,0.919,0.12394252700344727,0.9936851851851859,0.1215316077703386,-0.20950000000000002,-0.29416666666667,0.3362045499999999,0.316583432,28.25,34.093333333333334,121.42227232272184,-0.0007663661292353,515.069963010528,108.34,95.01
2025-10-01,santo domingo de los tsachilas,Santo Domingo De Los Tsáchilas,Maracuya,0.78125,12.5225,1,1,1,0.6401271642857143,1.0,0.5091781666614495,6,34.166666666666664,31.5,3,3.0,36.464495553173776,32.178,67,122.24794647159104,0.0068000222123556,0.0198839715619232,0.0300310208999952,659.3121919556191,106.31,95.01,4,2025,10,4,-0.8660254037844386,0.5000000000000001,0,0.6401271642857143,0,34.166666666666664,1,0.7577777777777778,0.6975,0.7150000000000001,0.614285714285714,0.622222222222222,0.7234259259259259,0.031009672591612695,0.7095732181761593,0.051118883672358645,0.04277777777777769,0.14349206349206378,0.6151283482142856,0.5708391071428571,33.416666666666664,33.083333333333336,121.42227232272184,-0.0007663661292353,515.069963010528,108.34,95.01
2025-11-01,guayas,Guayas,Maracuya,0.73875,19.760714285714286,2,2,2,0.5681818181818182,1.0,0.4996795875602175,6,37.49715007215008,31.99000000000001,3,3.0,36.79406245421245,32.0,65,121.11620579348896,-0.0092577479685115,0.0179529571885785,0.0204952533087545,885.2780354924874,104.24,95.01,0,2025,11,4,-0.5000000000000004,0.8660254037844384,0,0.5681818181818182,0,37.49715007215008,1,0.830625,0.6620833333333334,0.618125,0.9444444444444444,0.855,0.7036111111111111,0.11217165303841267,0.8059807033924681,0.13623826658014415,0.2124999999999999,-0.11381944444444447,0.6022727272727273,0.5071428571428571,37.52946778711485,35.736715686274515,122.24794647159104,0.0068000222123556,659.3121919556191,106.31,95.01
2025-11-01,los rios,Los Rios,Maracuya,0.85,15.5,1,1,1,0.4996795875602175,0.0,0.4996795875602175,6,37.280634920634924,31.408571428571427,3,3.0,36.79406245421245,32.0,65,121.11620579348896,-0.0092577479685115,0.0179529571885785,0.0204952533087545,885.2780354924874,104.24,95.01,1,2025,11,4,-0.5000000000000004,0.8660254037844384,1,0.4996795875602175,0,37.280634920634924,1,0.935,0.9075,0.9075,0.946,0.88,0.9166666666666666,0.0158771324027063,0.9286851851851852,0.016920900461510395,0.02750000000000008,-0.010999999999999899,0.5091781666614495,0.4239688539835165,34.87934523809523,34.10074074074074,122.24794647159104,0.0068000222123556,659.3121919556191,106.31,95.01
2025-11-01,manabi,Manabí,Maracuya,0.5871428571428572,17.547857142857143,2,2,2,0.5175750144230769,2.0,0.4996795875602175,6,29.813333333333333,29.813333333333333,2,2.0,36.79406245421245,32.0,65,121.11620579348896,-0.0092577479685115,0.0179529571885785,0.0204952533087545,885.2780354924874,104.24,95.01,2,2025,11,4,-0.5000000000000004,0.8660254037844384,0,0.5175750144230769,0,29.813333333333333,1,0.52625,0.5627777777777778,0.5744444444444444,0.7921428571428573,0.5598214285714285,0.5544907407407408,0.025143236783815998,0.6612055224867726,0.12173159685219424,-0.04819444444444443,-0.26589285714285726,0.48414020487179477,0.5182976826923076,30.041666666666664,29.026666666666667,122.24794647159104,0.0068000222123556,659.3121919556191,106.31,95.01
2025-11-01,santa elena,Santa Elena,Maracuya,1.205,22.0,1,1,1,0.3439207199999999,1.0,0.4996795875602175,6,30.212500000000002,30.212500000000002,2,2.0,36.79406245421245,32.0,65,121.11620579348896,-0.0092577479685115,0.0179529571885785,0.0204952533087545,885.2780354924874,104.24,95.01,3,2025,11,4,-0.5000000000000004,0.8660254037844384,0,0.3439207199999999,0,30.212500000000002,1,0.996,0.8525,0.8425,1.014,1.385,0.8969999999999999,0.08588218674440168,0.9685740740740741,0.09661084382217826,0.15349999999999997,-0.018000000000000016,0.382722032,0.2155734,38.66722222222222,34.458666666666666,122.24794647159104,0.0068000222123556,659.3121919556191,106.31,95.01
2025-11-01,santo domingo de los tsachilas,Santo Domingo De Los Tsáchilas,Maracuya,0.7185714285714286,11.475714285714286,1,1,1,0.592491625,1.0,0.4996795875602175,6,34.25,31.25,3,3.0,36.79406245421245,32.0,65,121.11620579348896,-0.0092577479685115,0.0179529571885785,0.0204952533087545,885.2780354924874,104.24,95.01,4,2025,11,4,-0.5000000000000004,0.8660254037844384,0,0.592491625,0,34.25,1,0.78125,0.7577777777777778,0.6975,0.741111111111111,0.57125,0.7455092592592593,0.04320188693772179,0.7374005991285403,0.029924489003082547,0.08374999999999999,0.040138888888888946,0.6401271642857143,0.5796969553571428,34.166666666666664,33.333333333333336,122.24794647159104,0.0068000222123556,659.3121919556191,106.31,95.01
2025-12-01,guayas,Guayas,Maracuya,0.6174999999999999,16.540000000000003,2,2,2,0.5820000000000001,1.0,0.4954981337878171,6,37.66661111111111,32.42066666666667,3,3.0,36.89073956516121,32.0,67,120.22573333756182,-0.0073522155857941,0.0129923522021488,0.0129923522021488,785.3055934542274,106.04,95.01,0,2025,12,4,-2.4492935982947064e-16,1.0,0,0.5820000000000001,0,37.66661111111111,1,0.73875,0.830625,0.6620833333333334,0.9277731092436975,0.8262499999999999,0.7438194444444445,0.08438511599165822,0.7716982959850607,0.11924796480482568,0.07666666666666666,-0.18902310924369747,0.5681818181818182,0.6272727272727272,37.49715007215008,36.63570512820513,121.11620579348896,-0.0092577479685115,885.2780354924874,104.24,95.01
2025-12-01,los rios,Los Rios,Maracuya,0.82,15.0,1,1,1,0.4954981337878171,0.0,0.4954981337878171,6,36.03125,30.33,3,3.0,36.89073956516121,32.0,67,120.22573333756182,-0.0073522155857941,0.0129923522021488,0.0129923522021488,785.3055934542274,106.04,95.01,1,2025,12,4,-2.4492935982947064e-16,1.0,1,0.4954981337878171,0,36.03125,1,0.85,0.935,0.9075,0.9411111111111112,0.9625,0.8975000000000001,0.043373378932240754,0.9126851851851852,0.034020993276791124,-0.057499999999999996,-0.09111111111111125,0.4996795875602175,0.5093696786068097,37.280634920634924,35.19722222222222,121.11620579348896,-0.0092577479685115,885.2780354924874,104.24,95.01
2025-12-01,manabi,Manabí,Maracuya,0.48857142857142855,14.571428571428571,2,2,2,0.48646102279202275,2.0,0.4954981337878171,6,29.342,29.342,2,2.0,36.89073956516121,32.0,67,120.22573333756182,-0.0073522155857941,0.0129923522021488,0.0129923522021488,785.3055934542274,106.04,95.01,2,2025,12,4,-2.4492935982947064e-16,1.0,0,0.48646102279202275,0,29.342,1,0.5871428571428572,0.52625,0.5627777777777778,0.7983541666666667,0.6822222222222225,0.558723544973545,0.030648207377891624,0.6270388558201059,0.10528953840269634,0.024365079365079367,-0.2112113095238095,0.5175750144230769,0.499431223076923,29.813333333333333,28.835,121.11620579348896,-0.0092577479685115,885.2780354924874,104.24,95.01
2025-12-01,santa elena,Santa Elena,Maracuya,0.8033333333333333,14.666666666666666,1,1,1,0.3086468,1.0,0.4954981337878171,6,37.82666666666667,31.13,3,3.0,36.89073956516121,32.0,67,120.22573333756182,-0.0073522155857941,0.0129923522021488,0.0129923522021488,785.3055934542274,106.04,95.01,3,2025,12,4,-2.4492935982947064e-16,1.0,0,0.3086468,0,37.82666666666667,1,1.205,0.996,0.8525,1.0444444444444445,1.54,1.0178333333333334,0.17726134190322887,1.0004074074074074,0.137420386229412,0.35250000000000004,0.16055555555555556,0.3439207199999999,0.3362045499999999,30.212500000000002,28.25,121.11620579348896,-0.0092577479685115,885.2780354924874,104.24,95.01
2025-12-01,santo domingo de los tsachilas,Santo Domingo De Los Tsáchilas,Maracuya,0.7400000000000001,11.833333333333334,1,1,1,0.6094199571428571,1.0,0.4954981337878171,6,33.833333333333336,31.0,3,3.0,36.89073956516121,32.0,67,120.22573333756182,-0.0073522155857941,0.0129923522021488,0.0129923522021488,785.3055934542274,106.04,95.01,4,2025,12,4,-2.4492935982947064e-16,1.0,0,0.6094199571428571,0,33.833333333333336,1,0.7185714285714286,0.78125,0.7577777777777778,0.7317647058823529,0.7525,0.7525330687830687,0.03166671846610051,0.7336439853719265,0.03076839967783746,-0.039206349206349134,-0.013193277310924234,0.592491625,0.6151283482142856,34.25,33.416666666666664,121.11620579348896,-0.0092577479685115,885.2780354924874,104.24,95.01
2026-01-01,guayas,Guayas,Maracuya,0.7174999999999999,19.353749999999998,2,2,2,0.575,1.0,0.5488640549949453,5,37.163238862050456,32.629629629629626,3,3.0,36.18595865675061,32.4675,64,121.74364689389924,0.0126255296116641,0.020868984731093,0.0126255296116641,785.3055934542274,106.72776304175578,95.01,0,2026,1,1,0.49999999999999994,0.8660254037844387,0,0.575,0,37.163238862050456,1,0.6174999999999999,0.73875,0.830625,0.8528333333333333,0.91875,0.7289583333333334,0.10689936369470598,0.7199861111111111,0.10437744230897568,-0.213125,-0.2353333333333334,0.5820000000000001,0.6022727272727273,37.66661111111111,37.52946778711485,120.22573333756182,-0.0073522155857941,785.3055934542274,106.04,95.01
2026-01-01,los rios,Los Rios,Maracuya,0.8225,15.0,1,1,1,0.5488640549949453,0.0,0.5488640549949453,5,38.67055555555555,34.489999999999995,3,3.0,36.18595865675061,32.4675,64,121.74364689389924,0.0126255296116641,0.020868984731093,0.0126255296116641,785.3055934542274,106.72776304175578,95.01,1,2026,1,1,0.49999999999999994,0.8660254037844387,1,0.5488640549949453,0,38.67055555555555,1,0.82,0.85,0.935,0.935,0.9625,0.8683333333333333,0.05965176722724231,0.8925,0.04716990566028712,-0.1150000000000001,-0.1150000000000001,0.4954981337878171,0.5091781666614495,36.03125,34.87934523809523,120.22573333756182,-0.0073522155857941,785.3055934542274,106.04,95.01
2026-01-01,manabi,Manabí,Maracuya,0.56,16.708125,2,2,2,0.5175139487179488,2.0,0.5488640549949453,5,29.64,29.64,2,2.0,36.18595865675061,32.4675,64,121.74364689389924,0.0126255296116641,0.020868984731093,0.0126255296116641,785.3055934542274,106.72776304175578,95.01,2,2026,1,1,0.49999999999999994,0.8660254037844387,0,0.5175139487179488,0,29.64,1,0.48857142857142855,0.5871428571428572,0.52625,0.7132638888888889,0.744375,0.5339880952380952,0.049739222160066016,0.5754083994708995,0.07649771634070458,-0.03767857142857145,-0.22469246031746037,0.48646102279202275,0.48414020487179477,29.342,30.041666666666664,120.22573333756182,-0.0073522155857941,785.3055934542274,106.04,95.01
2026-01-01,santa elena,Santa Elena,Maracuya,0.792,14.468,1,1,1,0.5488640549949453,0.0,0.5488640549949453,5,35.66166666666667,31.095,3,3.0,36.18595865675061,32.4675,64,121.74364689389924,0.0126255296116641,0.020868984731093,0.0126255296116641,785.3055934542274,106.72776304175578,95.01,3,2026,1,1,0.49999999999999994,0.8660254037844387,1,0.5488640549949453,0,35.66166666666667,1,0.8033333333333333,1.205,0.996,1.062,1.075,1.0014444444444444,0.20088867379536204,0.9602222222222223,0.15596900214347087,-0.19266666666666665,-0.2586666666666667,0.3086468,0.382722032,37.82666666666667,38.66722222222222,120.22573333756182,-0.0073522155857941,785.3055934542274,106.04,95.01
2026-01-01,santo domingo de los tsachilas,Santo Domingo De Los Tsáchilas,Maracuya,0.7575,12.125,1,1,1,0.6283664516129032,1.0,0.5488640549949453,5,34.0,31.0,3,3.0,36.18595865675061,32.4675,64,121.74364689389924,0.0126255296116641,0.020868984731093,0.0126255296116641,785.3055934542274,106.72776304175578,95.01,4,2026,1,1,0.49999999999999994,0.8660254037844387,0,0.6283664516129032,0,34.0,1,0.7400000000000001,0.7185714285714286,0.78125,0.7150000000000001,0.674285714285714,0.7466071428571429,0.03185736306778891,0.7350165343915345,0.03085137267403427,-0.0412499999999999,0.025000000000000022,0.6094199571428571,0.6401271642857143,33.833333333333336,34.166666666666664,120.22573333756182,-0.0073522155857941,785.3055934542274,106.04,95.01
2026-02-01,guayas,Guayas,Maracuya,0.8101785714285714,21.606607142857143,2,2,2,0.5028574587412588,0.0,0.5028574587412588,5,37.427824074074074,32.51222222222222,3,3.0,37.455182413966504,33.185,66,121.74364689389924,0.0126255296116641,0.020868984731093,0.0126255296116641,785.3055934542274,106.72776304175578,95.01,0,2026,2,1,0.8660254037844386,0.5000000000000001,1,0.5028574587412588,0,37.427824074074074,1,0.7174999999999999,0.6174999999999999,0.73875,0.618125,0.888125,0.69125,0.06474710418234683,0.6974305555555556,0.08219310201299813,-0.021250000000000102,0.09937499999999988,0.575,0.5681818181818182,37.163238862050456,37.49715007215008,121.74364689389924,0.0126255296116641,785.3055934542274,106.72776304175578,95.01
2026-02-01,los rios,Los Rios,Maracuya,0.92,16.75,1,1,1,0.5028574587412588,0.0,0.5028574587412588,5,38.074999999999996,33.5,3,3.0,37.455182413966504,33.185,66,121.74364689389924,0.0126255296116641,0.020868984731093,0.0126255296116641,785.3055934542274,106.72776304175578,95.01,1,2026,2,1,0.8660254037844386,0.5000000000000001,1,0.5028574587412588,0,38.074999999999996,1,0.8225,0.82,0.85,0.9075,0.9625,0.8308333333333334,0.01664582029619181,0.8737499999999999,0.049212549212577866,-0.02749999999999997,-0.08499999999999996,0.5488640549949453,0.4996795875602175,38.67055555555555,37.280634920634924,121.74364689389924,0.0126255296116641,785.3055934542274,106.72776304175578,95.01
2026-02-01,manabi,Manabí,Maracuya,0.7321428571428572,21.857857142857142,2,2,2,0.5571931468531468,2.0,0.5028574587412588,5,29.768666666666668,29.768666666666668,2,2.0,37.455182413966504,33.185,66,121.74364689389924,0.0126255296116641,0.020868984731093,0.0126255296116641,785.3055934542274,106.72776304175578,95.01,2,2026,2,1,0.8660254037844386,0.5000000000000001,0,0.5571931468531468,0,29.768666666666668,1,0.56,0.48857142857142855,0.5871428571428572,0.5744444444444444,0.7875,0.5452380952380952,0.05091676547859933,0.549864417989418,0.03627069312472072,-0.027142857142857135,-0.014444444444444371,0.5175139487179488,0.5175750144230769,29.64,29.813333333333333,121.74364689389924,0.0126255296116641,785.3055934542274,106.72776304175578,95.01
2026-02-01,santa elena,Santa Elena,Maracuya,0.915,16.6675,1,1,1,0.391636,1.0,0.5028574587412588,5,35.77333333333333,31.04,3,3.0,37.455182413966504,33.185,66,121.74364689389924,0.0126255296116641,0.020868984731093,0.0126255296116641,785.3055934542274,106.72776304175578,95.01,3,2026,2,1,0.8660254037844386,0.5000000000000001,0,0.391636,0,35.77333333333333,1,0.792,0.8033333333333333,1.205,0.8425,1.4125,0.9334444444444445,0.23524227070389836,0.9152222222222223,0.159638120853479,-0.41300000000000003,-0.05049999999999999,0.5488640549949453,0.3439207199999999,35.66166666666667,30.212500000000002,121.74364689389924,0.0126255296116641,785.3055934542274,106.72776304175578,95.01
2026-02-01,santo domingo de los tsachilas,Santo Domingo De Los Tsáchilas,Maracuya,0.722857142857143,11.571428571428571,1,1,1,0.5407649999999999,1.0,0.5028574587412588,5,37.83555555555555,31.83,3,3.0,37.455182413966504,33.185,66,121.74364689389924,0.0126255296116641,0.020868984731093,0.0126255296116641,785.3055934542274,106.72776304175578,95.01,4,2026,2,1,0.8660254037844386,0.5000000000000001,0,0.5407649999999999,0,37.83555555555555,1,0.7575,0.7400000000000001,0.7185714285714286,0.6975,0.75,0.7386904761904761,0.01949729616699244,0.7420998677248677,0.03020873678065234,0.03892857142857131,0.05999999999999994,0.6283664516129032,0.592491625,34.0,34.25,121.74364689389924,0.0126255296116641,785.3055934542274,106.72776304175578,95.01
