fecha,provincia_key,provincia,producto,target_precio_mercado_usdkg,target_precio_mercado_usd,mercados_observaciones,mercados_distintos,tipos_mercado_distintos,precio_productor_provincia_usdkg,productor_observaciones_provincia,precio_productor_nacional_usdkg,productor_observaciones_nacional,fertilizantes_precio_promedio_provincia,fertilizantes_precio_mediano_provincia,fertilizantes_registros_provincia,fertilizantes_ingredientes_activos_provincia,fertilizantes_precio_promedio_nacional,fertilizantes_precio_mediano_nacional,fertilizantes_registros_nacional,ipc_alimentos,inflacion_mensual,inflacion_anual,inflacion_acumulada,ibc,ipm,ipp_n,provincia_id,anio,mes_num,trimestre,mes_sin,mes_cos,productor_missing_exact,precio_productor_usdkg_filled,fertilizantes_missing_exact,fertilizantes_precio_promedio_filled,macro_missing_any,target_lag_1,target_lag_2,target_lag_3,target_lag_6,target_lag_12,target_rolling_mean_3,target_rolling_std_3,target_rolling_mean_6,target_rolling_std_6,target_momentum_1_3,target_momentum_1_6,productor_lag_1,productor_lag_3,fertilizantes_lag_1,fertilizantes_lag_3,ipc_alimentos_lag_1,inflacion_mensual_lag_1,ibc_lag_1,ipm_lag_1,ipp_n_lag_1
2017-01-01,azuay,Azuay,Tomate Rinon De Invernadero,0.6725,12.25,1,1,1,0.4927829542920847,1.0,0.36112719469682886,6.0,29.402777777777782,30.916666666666668,3,3.0,25.278412933331037,23.15127777777778,58,106.79525338604871,0.0049046428859018,0.0148480057620379,0.0049,393.4842146837502,96.04567941153522,97.900896734359,0,2017,1,1,0.49999999999999994,0.8660254037844387,0,0.4927829542920847,0,29.402777777777782,0,0.562857142857143,0.54875,0.682222222222222,0.773333333333333,0.62,0.5979431216931216,0.0733278798233914,0.7001984126984127,0.12288439530499161,-0.11936507936507901,-0.21047619047619004,0.3709096030245746,0.4903639908466818,28.866666666666664,29.84523809523809,106.27401728322432,0.0027260996012512,318.3163614688067,92.27567399471783,99.95312657717108
2017-02-01,azuay,Azuay,Tomate Rinon De Invernadero,0.892857142857143,16.2857142857143,1,1,1,0.618877258979206,1.0,0.4710189755706084,6.0,28.446428571428573,29.625,3,3.0,24.89137922616525,22.781145833333333,58,107.29633613408298,0.004691994561059,0.0120413451414438,0.0096,392.62593862516593,96.76925781574016,98.32298974729969,0,2017,2,1,0.8660254037844386,0.5000000000000001,0,0.618877258979206,0,28.446428571428573,0,0.6725,0.562857142857143,0.54875,0.797777777777778,0.892857142857143,0.5947023809523809,0.06774293333630396,0.6833928571428571,0.11766630640240014,0.12375000000000003,-0.12527777777777804,0.4927829542920847,0.340332154372252,29.402777777777782,29.844444444444445,106.79525338604871,0.0049046428859018,393.4842146837502,96.04567941153522,97.900896734359
2017-03-01,azuay,Azuay,Tomate Rinon De Invernadero,0.891111111111111,16.2222222222222,1,1,1,0.5844490881108118,1.0,0.5678639292396271,7.0,28.574074074074073,29.38888888888889,3,3.0,24.629445083296474,22.875,57,108.06190921517076,0.0071351278959896,0.0128293078983747,0.0168,340.3079521529929,97.26825637600804,102.98660839957942,0,2017,3,1,1.0,6.123233995736766e-17,0,0.5844490881108118,0,28.574074074074073,0,0.892857142857143,0.6725,0.562857142857143,0.83625,0.64375,0.709404761904762,0.16806686493308384,0.699239417989418,0.1403648775791678,0.33000000000000007,0.05660714285714297,0.618877258979206,0.3709096030245746,28.446428571428573,28.866666666666664,107.29633613408298,0.004691994561059,392.62593862516593,96.76925781574016,98.32298974729969
2017-04-01,azuay,Azuay,Tomate Rinon De Invernadero,1.02444444444444,18.6666666666667,1,1,1,0.7536577209746773,1.0,0.6043264388760055,5.0,28.34102564102564,29.0,3,3.0,24.466428997461694,22.38095238095238,58,109.33097122487412,0.0117438422004596,0.0183614617300356,0.0288,330.89532557748174,98.25531315005472,98.85195984083418,0,2017,4,2,0.8660254037844387,-0.4999999999999998,0,0.7536577209746773,0,28.34102564102564,0,0.891111111111111,0.892857142857143,0.6725,0.682222222222222,0.657777777777778,0.8188227513227514,0.12672222702710573,0.7083829365079365,0.15235006907920295,0.21861111111111098,0.208888888888889,0.5844490881108118,0.4927829542920847,28.574074074074073,29.402777777777782,108.06190921517076,0.0071351278959896,340.3079521529929,97.26825637600804,102.98660839957942
2017-05-01,azuay,Azuay,Tomate Rinon De Invernadero,1.17222222222222,21.3333333333333,1,1,1,0.8605707310081222,1.0,0.694975218866137,5.0,27.608333333333334,28.166666666666668,3,3.0,24.011155084433387,21.77777777777778,53,108.56390855580456,-0.0070159686726997,0.0095048924114191,0.0212,286.58639031591645,99.25248513073534,95.36070581510612,0,2017,5,2,0.49999999999999994,-0.8660254037844387,0,0.8605707310081222,0,27.608333333333334,0,1.02444444444444,0.891111111111111,0.892857142857143,0.54875,0.96125,0.9361375661375647,0.07648098276005234,0.7654199735449728,0.19786049125864502,0.13158730158729703,0.4756944444444401,0.7536577209746773,0.618877258979206,28.34102564102564,28.446428571428573,109.33097122487412,0.0117438422004596,330.89532557748174,98.25531315005472,98.85195984083418
2017-06-01,azuay,Azuay,Tomate Rinon De Invernadero,1.05,19.125,1,1,1,0.7372349300567107,1.0,0.5770400325499192,5.0,27.275391275391275,27.714285714285715,3,3.0,23.645135670700196,21.41730769230769,52,108.21463669560993,-0.0032172004936162,0.0012856077118055,0.0183,271.7671614708417,99.3109717555539,98.37871496745883,0,2017,6,2,1.2246467991473532e-16,-1.0,0,0.7372349300567107,0,27.275391275391275,0,1.17222222222222,1.02444444444444,0.891111111111111,0.562857142857143,0.871111111111111,1.029259259259257,0.1406173923410833,0.8693320105820095,0.22338298657298336,0.2811111111111091,0.6093650793650771,0.8605707310081222,0.5844490881108118,27.608333333333334,28.574074074074073,108.56390855580456,-0.0070159686726997,286.58639031591645,99.25248513073534,95.36070581510612
2017-07-01,azuay,Azuay,Tomate Rinon De Invernadero,1.01222222222222,18.4444444444444,1,1,1,0.646200293111871,1.0,0.5559109784503815,4.0,27.47424242424243,28.9,3,3.0,24.038332204997975,22.115000000000002,52,107.42480462559575,-0.0072987545320309,-0.0032517959993375,0.0108,267.71595663813423,98.2211539001768,100.38979992876315,0,2017,7,3,-0.4999999999999997,-0.8660254037844388,0,0.646200293111871,0,27.47424242424243,0,1.05,1.17222222222222,1.02444444444444,0.6725,0.773333333333333,1.08222222222222,0.0789827297891009,0.9505224867724857,0.1724311519189472,0.025555555555559994,0.37750000000000006,0.7372349300567107,0.7536577209746773,27.275391275391275,28.34102564102564,108.21463669560993,-0.0032172004936162,271.7671614708417,99.3109717555539,98.37871496745883
2017-08-01,azuay,Azuay,Tomate Rinon De Invernadero,0.804444444444444,14.6666666666667,1,1,1,0.5777564180295173,1.0,0.5189948565907126,4.0,26.80972222222222,27.3125,3,3.0,23.242528658583417,21.189285714285717,52,107.5003021619046,0.0007027942622002,0.0024878392102503,0.0115,196.95407301039867,95.12691883535356,101.88416902151182,0,2017,8,3,-0.8660254037844385,-0.5000000000000004,0,0.5777564180295173,0,26.80972222222222,0,1.01222222222222,1.05,1.17222222222222,0.892857142857143,0.797777777777778,1.0781481481481467,0.08363156511226684,1.0071428571428558,0.10577113681777092,-0.16000000000000014,0.1193650793650769,0.646200293111871,0.8605707310081222,27.47424242424243,27.608333333333334,107.42480462559575,-0.0072987545320309,267.71595663813423,98.2211539001768,100.38979992876315
2017-09-01,azuay,Azuay,Tomate Rinon De Invernadero,0.713333333333333,13.0,1,1,1,0.5002330706521739,1.0,0.44737411105072467,4.0,25.53333333333333,24.666666666666668,3,3.0,23.16156329175125,21.511904761904763,50,106.75214893443608,-0.0069595453447353,-0.0011817933273855,0.0045,241.33302541397387,92.50700260137717,101.07731467228116,0,2017,9,3,-1.0,-1.8369701987210297e-16,0,0.5002330706521739,0,25.53333333333333,0,0.804444444444444,1.01222222222222,1.05,0.891111111111111,0.83625,0.9555555555555547,0.1322222222222219,0.992407407407406,0.12857704932517494,-0.24555555555555608,-0.086666666666667,0.5777564180295173,0.7372349300567107,26.80972222222222,27.275391275391275,107.5003021619046,0.0007027942622002,196.95407301039867,95.12691883535356,101.88416902151182
2017-10-01,azuay,Azuay,Tomate Rinon De Invernadero,0.81375,14.875,1,1,1,0.5157310491493383,1.0,0.4267046222335711,4.0,25.53333333333333,24.666666666666668,3,3.0,22.9159920226524,20.92571428571429,53,106.2531200787179,-0.0046746492759098,-0.0002155933160616,-0.0002,303.3194356829705,91.11013432877608,98.43806966710156,0,2017,10,4,-0.8660254037844386,0.5000000000000001,0,0.5157310491493383,0,25.53333333333333,0,0.713333333333333,0.804444444444444,1.01222222222222,1.02444444444444,0.682222222222222,0.8433333333333323,0.15319236676338568,0.9627777777777763,0.17030220053238448,-0.29888888888888687,-0.311111111111107,0.5002330706521739,0.646200293111871,25.53333333333333,27.47424242424243,106.75214893443608,-0.0069595453447353,241.33302541397387,92.50700260137717,101.07731467228116
2017-11-01,azuay,Azuay,Tomate Rinon De Invernadero,0.69,12.5555555555556,1,1,1,0.4313386956521739,1.0,0.367507668921095,3.0,26.629166666666666,26.2,3,3.0,23.142823391394522,21.545,49,105.52760320060771,-0.0068281936339628,-0.0043165332160906,-0.007,242.3326833555581,89.21945695998897,98.39894909783992,0,2017,11,4,-0.5000000000000004,0.8660254037844384,0,0.4313386956521739,0,26.629166666666666,0,0.81375,0.713333333333333,0.804444444444444,1.17222222222222,0.54875,0.7771759259259255,0.0554847349525741,0.9276620370370362,0.17664767579328186,0.009305555555556011,-0.3584722222222201,0.5157310491493383,0.5777564180295173,25.53333333333333,26.80972222222222,106.2531200787179,-0.0046746492759098,303.3194356829705,91.11013432877608,98.43806966710156
2017-12-01,azuay,Azuay,Tomate Rinon De Invernadero,0.671111111111111,12.2222222222222,1,1,1,0.4660985905398948,1.0,0.38357949979594674,4.0,26.409090909090907,25.83333333333333,3,3.0,23.495274590545016,21.93333333333333,54,106.02464555374796,0.0047100695748332,-0.0023464976280304,-0.0023,345.6324288663753,89.62912060938197,96.6658809800047,0,2017,12,4,-2.4492935982947064e-16,1.0,0,0.4660985905398948,0,26.409090909090907,0,0.69,0.81375,0.713333333333333,1.05,0.562857142857143,0.7390277777777777,0.06575461186473339,0.8472916666666661,0.15095640952659253,-0.023333333333333095,-0.3600000000000001,0.4313386956521739,0.5002330706521739,26.629166666666666,25.53333333333333,105.52760320060771,-0.0068281936339628,242.3326833555581,89.21945695998897,98.39894909783992
2018-01-01,azuay,Azuay,Tomate Rinon De Invernadero,0.743333333333334,13.5555555555556,1,1,1,0.5482583420926899,1.0,0.4102818152685428,4.0,27.09259259259259,28.5,3,3.0,23.833693051739925,22.308928571428574,56,106.10508513770736,0.0007586876007863,-0.0064625367369699,0.0007586876007863,328.10362054120696,88.28073779062005,91.07680235373611,0,2018,1,1,0.49999999999999994,0.8660254037844387,0,0.5482583420926899,0,27.09259259259259,0,0.671111111111111,0.69,0.81375,1.01222222222222,0.6725,0.7249537037037036,0.07747763682391974,0.7841435185185178,0.12646104218425913,-0.14263888888888898,-0.3411111111111089,0.4660985905398948,0.5157310491493383,26.409090909090907,25.53333333333333,106.02464555374796,0.0047100695748332,345.6324288663753,89.62912060938197,96.6658809800047
2018-02-01,azuay,Azuay,Tomate Rinon De Invernadero,0.7675,14.0,1,1,1,0.5865789508506616,1.0,0.37359521023957676,5.0,27.062169312169313,26.75,3,3.0,23.983813671791356,22.19361111111111,58,106.48102101306874,0.0035430523888038,-0.0075987228491696,0.0043044280595063,333.7469363192475,88.93685839660316,90.9261347242377,0,2018,2,1,0.8660254037844386,0.5000000000000001,0,0.5865789508506616,0,27.062169312169313,0,0.743333333333334,0.671111111111111,0.69,0.804444444444444,0.892857142857143,0.7014814814814816,0.037455048503994094,0.7393287037037036,0.05925765152622273,0.05333333333333401,-0.061111111111110006,0.5482583420926899,0.4313386956521739,27.09259259259259,26.629166666666666,106.10508513770736,0.0007586876007863,328.10362054120696,88.28073779062005,91.07680235373611
2018-03-01,azuay,Azuay,Tomate Rinon De Invernadero,0.89,16.2222222222222,1,1,1,0.6027123188405796,1.0,0.5984857079347825,5.0,25.166666666666668,23.0,3,3.0,24.27861263940919,22.605555555555554,61,107.10361898304726,0.0058470323073076,-0.0088679742851421,0.0101766284967423,376.9046543594386,89.49485178556814,91.93973217936272,0,2018,3,1,1.0,6.123233995736766e-17,0,0.6027123188405796,0,25.166666666666668,0,0.7675,0.743333333333334,0.671111111111111,0.713333333333333,0.891111111111111,0.727314814814815,0.05015126296470519,0.7331712962962964,0.052694262626836096,0.09638888888888897,0.05416666666666692,0.5865789508506616,0.4660985905398948,27.062169312169313,26.409090909090907,106.48102101306874,0.0035430523888038,333.7469363192475,88.93685839660316,90.9261347242377
2018-04-01,azuay,Azuay,Tomate Rinon De Invernadero,0.82875,15.125,1,1,1,0.6109187951807229,1.0,0.478284326659764,4.0,25.38888888888889,23.666666666666668,3,3.0,24.229324397824396,22.321363636363635,60,105.68709684765804,-0.0132257168230086,-0.0333288393617328,-0.0031836815329772,317.0376827610709,87.31334686484563,90.8306483565985,0,2018,4,2,0.8660254037844387,-0.4999999999999998,0,0.6109187951807229,0,25.38888888888889,0,0.89,0.7675,0.743333333333334,0.81375,1.02444444444444,0.800277777777778,0.07863564595534857,0.7626157407407409,0.08109657483265512,0.14666666666666606,0.07625000000000004,0.6027123188405796,0.5482583420926899,25.166666666666668,27.09259259259259,107.10361898304726,0.0058470323073076,376.9046543594386,89.49485178556814,91.93973217936272
2018-05-01,azuay,Azuay,Tomate Rinon De Invernadero,0.656666666666667,12.0,1,1,1,0.4889646325051759,1.0,0.44456124787725176,4.0,25.61111111111111,24.33333333333333,3,3.0,24.32005921264528,22.57454545454545,61,105.08521138746752,-0.0056949758120247,-0.0320428512073044,-0.0088605263556784,298.5739335871213,85.40568132403492,88.71144333046914,0,2018,5,2,0.49999999999999994,-0.8660254037844387,0,0.4889646325051759,0,25.61111111111111,0,0.82875,0.89,0.7675,0.69,1.17222222222222,0.82875,0.061250000000000845,0.7651157407407408,0.08319230736759249,0.06125000000000003,0.13875000000000004,0.6109187951807229,0.5865789508506616,25.38888888888889,27.062169312169313,105.68709684765804,-0.0132257168230086,317.0376827610709,87.31334686484563,90.8306483565985
2018-06-01,azuay,Azuay,Tomate Rinon De Invernadero,0.675555555555556,12.3333333333333,1,1,1,0.5153510690537084,1.0,0.39152000487827976,5.0,25.141666666666666,24.0,3,3.0,24.351573128601814,22.399999999999995,61,104.30030454589304,-0.0074692416869238,-0.0361719289482739,-0.0162635866297784,226.8400789299696,86.66422650516537,88.85391452247688,0,2018,6,2,1.2246467991473532e-16,-1.0,0,0.5153510690537084,0,25.141666666666666,0,0.656666666666667,0.82875,0.89,0.671111111111111,1.05,0.7918055555555558,0.12097429517295283,0.7595601851851853,0.09004270320356726,-0.23333333333333306,-0.014444444444444038,0.4889646325051759,0.6027123188405796,25.61111111111111,25.166666666666668,105.08521138746752,-0.0056949758120247,298.5739335871213,85.40568132403492,88.71144333046914
2018-06-01,chimborazo,Chimborazo,Tomate Rinon De Invernadero,0.404615384615385,7.38461538461539,1,1,1,0.2602676388888889,1.0,0.39152000487827976,5.0,23.833333333333332,21.0,3,3.0,24.351573128601814,22.399999999999995,61,104.30030454589304,-0.0074692416869238,-0.0361719289482739,-0.0162635866297784,226.8400789299696,86.66422650516537,88.85391452247688,1,2018,6,2,1.2246467991473532e-16,-1.0,0,0.2602676388888889,0,23.833333333333332,0,0.46,0.516363636363636,0.6975,0.415833333333333,0.577142857142857,0.5579545454545453,0.1240923659588156,0.5062373737373737,0.09998432690155074,-0.2375,0.04416666666666702,0.3061972222222222,0.4822606249999999,23.833333333333332,23.61111111111111,105.08521138746752,-0.0056949758120247,298.5739335871213,85.40568132403492,88.71144333046914
2018-06-01,cotopaxi,Cotopaxi,Tomate Rinon De Invernadero,0.469,8.567,1,1,1,0.4317380833333333,1.0,0.39152000487827976,5.0,25.483333333333334,23.2,3,3.0,24.351573128601814,22.399999999999995,61,104.30030454589304,-0.0074692416869238,-0.0361719289482739,-0.0162635866297784,226.8400789299696,86.66422650516537,88.85391452247688,2,2018,6,2,1.2246467991473532e-16,-1.0,0,0.4317380833333333,0,25.483333333333334,0,0.54,0.585,0.725555555555556,0.385,0.694,0.6168518518518519,0.09679163909748287,0.5167592592592594,0.1279570803171592,-0.18555555555555592,0.15500000000000003,0.4813420333333332,0.6724090999999999,25.354166666666668,24.915333333333336,105.08521138746752,-0.0056949758120247,298.5739335871213,85.40568132403492,88.71144333046914
2018-06-01,imbabura,Imbabura,Tomate Rinon De Invernadero,0.585,10.70875,1,1,1,0.4603765294117646,1.0,0.39152000487827976,5.0,24.799999999999997,22.5,3,3.0,24.351573128601814,22.399999999999995,61,104.30030454589304,-0.0074692416869238,-0.0361719289482739,-0.0162635866297784,226.8400789299696,86.66422650516537,88.85391452247688,3,2018,6,2,1.2246467991473532e-16,-1.0,0,0.4603765294117646,0,24.799999999999997,0,0.615555555555555,0.58,0.714444444444444,0.534285714285714,0.735,0.6366666666666662,0.06966409706407847,0.5749470899470897,0.08347663667405497,-0.09888888888888903,0.08126984126984094,0.5017411034482758,0.6175232479166666,24.17833333333333,24.236666666666668,105.08521138746752,-0.0056949758120247,298.5739335871213,85.40568132403492,88.71144333046914
2018-06-01,tungurahua,Tungurahua,Tomate Rinon De Invernadero,0.439230769230769,10.192692307692326,2,1,1,0.2898667037037036,1.0,0.39152000487827976,5.0,23.666666666666668,21.875,3,3.0,24.351573128601814,22.399999999999995,61,104.30030454589304,-0.0074692416869238,-0.0361719289482739,-0.0162635866297784,226.8400789299696,86.66422650516537,88.85391452247688,4,2018,6,2,1.2246467991473532e-16,-1.0,0,0.2898667037037036,0,23.666666666666668,0,0.5204166666666665,0.57125,0.7433333333333335,0.4375,0.6164285714285715,0.6116666666666665,0.1168250413129748,0.5356331168831169,0.11391496604053078,-0.22291666666666698,0.08291666666666653,0.44456124787725176,0.5984857079347825,23.75,23.474999999999998,105.08521138746752,-0.0056949758120247,298.5739335871213,85.40568132403492,88.71144333046914
2018-07-01,azuay,Azuay,Tomate Rinon De Invernadero,0.73875,13.5,1,1,1,0.4952407246376811,1.0,0.4228309297588854,5.0,25.041666666666668,23.5,3,3.0,24.293361240415003,22.5,61,104.45505820734898,0.0014837316355855,-0.0276448854489159,-0.0148039857921836,210.22108043316845,90.81054678737638,89.80251354209749,0,2018,7,3,-0.4999999999999997,-0.8660254037844388,0,0.4952407246376811,0,25.041666666666668,0,0.675555555555556,0.656666666666667,0.82875,0.743333333333334,1.01222222222222,0.7203240740740743,0.0943733733133198,0.7603009259259261,0.08918373048332151,-0.15319444444444397,-0.06777777777777794,0.5153510690537084,0.6109187951807229,25.141666666666666,25.38888888888889,104.30030454589304,-0.0074692416869238,226.8400789299696,86.66422650516537,88.85391452247688
2018-07-01,chimborazo,Chimborazo,Tomate Rinon De Invernadero,0.466923076923077,8.53846153846154,1,1,1,0.2985422916666666,1.0,0.4228309297588854,5.0,24.333333333333332,21.5,3,3.0,24.293361240415003,22.5,61,104.45505820734898,0.0014837316355855,-0.0276448854489159,-0.0148039857921836,210.22108043316845,90.81054678737638,89.80251354209749,1,2018,7,3,-0.4999999999999997,-0.8660254037844388,0,0.2985422916666666,0,24.333333333333332,0,0.404615384615385,0.46,0.516363636363636,0.495,0.631538461538462,0.46032634032634023,0.05587484063247646,0.5043677156177157,0.10209553619292917,-0.11174825174825104,-0.09038461538461501,0.2602676388888889,0.344471875,23.833333333333332,23.791666666666668,104.30030454589304,-0.0074692416869238,226.8400789299696,86.66422650516537,88.85391452247688
2018-07-01,cotopaxi,Cotopaxi,Tomate Rinon De Invernadero,0.55125,10.08375,1,1,1,0.4743869821428571,1.0,0.4228309297588854,5.0,25.4375,22.625,3,3.0,24.293361240415003,22.5,61,104.45505820734898,0.0014837316355855,-0.0276448854489159,-0.0148039857921836,210.22108043316845,90.81054678737638,89.80251354209749,2,2018,7,3,-0.4999999999999997,-0.8660254037844388,0,0.4743869821428571,0,25.4375,0,0.469,0.54,0.585,0.46,0.621111111111111,0.5313333333333331,0.05848361593928501,0.5307592592592593,0.11455087643567297,-0.11599999999999999,0.008999999999999952,0.4317380833333333,0.5254344333333333,25.483333333333334,25.252499999999998,104.30030454589304,-0.0074692416869238,226.8400789299696,86.66422650516537,88.85391452247688
2018-07-01,imbabura,Imbabura,Tomate Rinon De Invernadero,0.611111111111111,11.1477777777778,1,1,1,0.473648828125,1.0,0.4228309297588854,5.0,24.799999999999997,22.5,3,3.0,24.293361240415003,22.5,61,104.45505820734898,0.0014837316355855,-0.0276448854489159,-0.0148039857921836,210.22108043316845,90.81054678737638,89.80251354209749,3,2018,7,3,-0.4999999999999997,-0.8660254037844388,0,0.473648828125,0,24.799999999999997,0,0.585,0.615555555555555,0.58,0.531111111111111,0.716666666666667,0.5935185185185182,0.019247681705314972,0.5833994708994706,0.08106886137023551,0.0050000000000000044,0.053888888888888986,0.4603765294117646,0.4323122031249999,24.799999999999997,23.808333333333334,104.30030454589304,-0.0074692416869238,226.8400789299696,86.66422650516537,88.85391452247688
2018-07-01,tungurahua,Tungurahua,Tomate Rinon De Invernadero,0.515,11.942692307692301,2,1,1,0.3723358222222222,1.0,0.4228309297588854,5.0,23.916666666666668,21.875,3,3.0,24.293361240415003,22.5,61,104.45505820734898,0.0014837316355855,-0.0276448854489159,-0.0148039857921836,210.22108043316845,90.81054678737638,89.80251354209749,4,2018,7,3,-0.4999999999999997,-0.8660254037844388,0,0.3723358222222222,0,23.916666666666668,0,0.439230769230769,0.5204166666666665,0.57125,0.5035714285714286,0.6242307692307696,0.510299145299145,0.06658860639923536,0.5359215784215784,0.1136185743471639,-0.13201923076923106,-0.06434065934065958,0.2898667037037036,0.478284326659764,23.666666666666668,23.666666666666668,104.30030454589304,-0.0074692416869238,226.8400789299696,86.66422650516537,88.85391452247688
2018-08-01,azuay,Azuay,Tomate Rinon De Invernadero,0.682222222222222,12.4444444444444,1,1,1,0.4512562111801242,1.0,0.39944722177007497,5.0,25.319444444444443,24.33333333333333,3,3.0,24.552791612758828,22.7,61,105.25029859212243,0.0076132300189317,-0.0209302069346136,-0.0073034619222848,229.80295573121,92.09545845145172,89.98197905979633,0,2018,8,3,-0.8660254037844385,-0.5000000000000004,0,0.4512562111801242,0,25.319444444444443,0,0.73875,0.675555555555556,0.656666666666667,0.7675,0.804444444444444,0.6903240740740744,0.04298837351193876,0.7595370370370372,0.08937754859815501,0.08208333333333306,-0.028749999999999942,0.4952407246376811,0.4889646325051759,25.041666666666668,25.61111111111111,104.45505820734898,0.0014837316355855,210.22108043316845,90.81054678737638,89.80251354209749
2018-08-01,chimborazo,Chimborazo,Tomate Rinon De Invernadero,0.470769230769231,8.61538461538462,1,1,1,0.3291620138888888,1.0,0.39944722177007497,5.0,24.599999999999998,21.8,3,3.0,24.552791612758828,22.7,61,105.25029859212243,0.0076132300189317,-0.0209302069346136,-0.0073034619222848,229.80295573121,92.09545845145172,89.98197905979633,1,2018,8,3,-0.8660254037844385,-0.5000000000000004,0,0.3291620138888888,0,24.599999999999998,0,0.466923076923077,0.404615384615385,0.46,0.452727272727273,0.605833333333333,0.44384615384615383,0.03415072750835186,0.49968822843822847,0.10324771554093413,0.006923076923076976,0.014195804195804018,0.2985422916666666,0.3061972222222222,24.333333333333332,23.833333333333332,104.45505820734898,0.0014837316355855,210.22108043316845,90.81054678737638,89.80251354209749
2018-08-01,cotopaxi,Cotopaxi,Tomate Rinon De Invernadero,0.47125,8.58375,1,1,1,0.3867270916666666,1.0,0.39944722177007497,5.0,25.603333333333335,22.7,3,3.0,24.552791612758828,22.7,61,105.25029859212243,0.0076132300189317,-0.0209302069346136,-0.0073034619222848,229.80295573121,92.09545845145172,89.98197905979633,2,2018,8,3,-0.8660254037844385,-0.5000000000000004,0,0.3867270916666666,0,25.603333333333335,0,0.55125,0.469,0.54,0.405,0.631428571428572,0.5200833333333331,0.044595636931585636,0.5459675925925926,0.10921057982578664,0.011249999999999982,0.14625,0.4743869821428571,0.4813420333333332,25.4375,25.354166666666668,104.45505820734898,0.0014837316355855,210.22108043316845,90.81054678737638,89.80251354209749
2018-08-01,imbabura,Imbabura,Tomate Rinon De Invernadero,0.587777777777778,10.76,1,1,1,0.4871499032258063,1.0,0.39944722177007497,5.0,24.8,22.5,3,3.0,24.552791612758828,22.7,61,105.25029859212243,0.0076132300189317,-0.0209302069346136,-0.0073034619222848,229.80295573121,92.09545845145172,89.98197905979633,3,2018,8,3,-0.8660254037844385,-0.5000000000000004,0,0.4871499032258063,0,24.8,0,0.611111111111111,0.585,0.615555555555555,0.474285714285714,0.655555555555555,0.6038888888888885,0.016508508842346573,0.596732804232804,0.07723729304750163,-0.004444444444443918,0.13682539682539707,0.473648828125,0.5017411034482758,24.799999999999997,24.17833333333333,104.45505820734898,0.0014837316355855,210.22108043316845,90.81054678737638,89.80251354209749
2018-08-01,tungurahua,Tungurahua,Tomate Rinon De Invernadero,0.5088461538461541,11.76923076923078,2,1,1,0.3429408888888888,1.0,0.39944722177007497,5.0,24.233333333333334,21.5,3,3.0,24.552791612758828,22.7,61,105.25029859212243,0.0076132300189317,-0.0209302069346136,-0.0073034619222848,229.80295573121,92.09545845145172,89.98197905979633,4,2018,8,3,-0.8660254037844385,-0.5000000000000004,0,0.3429408888888888,0,24.233333333333334,0,0.515,0.439230769230769,0.5204166666666665,0.4377272727272725,0.612916666666667,0.4915491452991449,0.045389915457833295,0.5378263403263402,0.11306220741189354,-0.005416666666666514,0.07727272727272749,0.3723358222222222,0.44456124787725176,23.916666666666668,23.75,104.45505820734898,0.0014837316355855,210.22108043316845,90.81054678737638,89.80251354209749
2018-09-01,azuay,Azuay,Tomate Rinon De Invernadero,0.847777777777778,15.4444444444444,1,1,1,0.6079980839231547,1.0,0.580479666521473,5.0,25.650000000000002,23.5,3,3.0,24.753796956231383,22.532,61,105.57672965391588,0.0031014739735653,-0.0110107317955923,-0.0042246394457884,296.07947433828224,93.79957575986728,90.04183365111473,0,2018,9,3,-1.0,-1.8369701987210297e-16,0,0.6079980839231547,0,25.650000000000002,0,0.682222222222222,0.73875,0.675555555555556,0.89,0.713333333333333,0.6988425925925927,0.03472120368876946,0.7453240740740741,0.09449217203626775,0.0066666666666659324,-0.20777777777777806,0.4512562111801242,0.5153510690537084,25.319444444444443,25.141666666666666,105.25029859212243,0.0076132300189317,229.80295573121,92.09545845145172,89.98197905979633
2018-09-01,chimborazo,Chimborazo,Tomate Rinon De Invernadero,0.715,13.0416666666667,1,1,1,0.4516409027777778,1.0,0.580479666521473,5.0,24.666666666666668,22.0,3,3.0,24.753796956231383,22.532,61,105.57672965391588,0.0031014739735653,-0.0110107317955923,-0.0042246394457884,296.07947433828224,93.79957575986728,90.04183365111473,1,2018,9,3,-1.0,-1.8369701987210297e-16,0,0.4516409027777778,0,24.666666666666668,0,0.470769230769231,0.466923076923077,0.404615384615385,0.6975,0.49,0.44743589743589757,0.037133481704675016,0.5026952214452215,0.10185988302107636,0.06615384615384601,-0.226730769230769,0.3291620138888888,0.2602676388888889,24.599999999999998,23.833333333333332,105.25029859212243,0.0076132300189317,229.80295573121,92.09545845145172,89.98197905979633
2018-09-01,cotopaxi,Cotopaxi,Tomate Rinon De Invernadero,0.706666666666667,12.9266666666667,1,1,1,0.6595488166666666,1.0,0.580479666521473,5.0,25.254166666666666,22.3125,3,3.0,24.753796956231383,22.532,61,105.57672965391588,0.0031014739735653,-0.0110107317955923,-0.0042246394457884,296.07947433828224,93.79957575986728,90.04183365111473,2,2018,9,3,-1.0,-1.8369701987210297e-16,0,0.6595488166666666,0,25.254166666666666,0,0.47125,0.55125,0.469,0.725555555555556,0.592,0.49716666666666653,0.04685104943684641,0.5570092592592594,0.09446067943248915,0.0022500000000000298,-0.25430555555555595,0.3867270916666666,0.4317380833333333,25.603333333333335,25.483333333333334,105.25029859212243,0.0076132300189317,229.80295573121,92.09545845145172,89.98197905979633
2018-09-01,imbabura,Imbabura,Tomate Rinon De Invernadero,0.7825,14.3125,1,1,1,0.6932949736842106,1.0,0.580479666521473,5.0,24.811111111111114,22.125,3,3.0,24.753796956231383,22.532,61,105.57672965391588,0.0031014739735653,-0.0110107317955923,-0.0042246394457884,296.07947433828224,93.79957575986728,90.04183365111473,3,2018,9,3,-1.0,-1.8369701987210297e-16,0,0.6932949736842106,0,24.811111111111114,0,0.587777777777778,0.611111111111111,0.585,0.714444444444444,0.5575,0.5946296296296295,0.014340796219677274,0.6156481481481481,0.05053347095977754,0.00277777777777799,-0.12666666666666604,0.4871499032258063,0.4603765294117646,24.8,24.799999999999997,105.25029859212243,0.0076132300189317,229.80295573121,92.09545845145172,89.98197905979633
2018-09-01,tungurahua,Tungurahua,Tomate Rinon De Invernadero,0.7133333333333335,16.42375,2,1,1,0.4899155555555555,1.0,0.580479666521473,5.0,24.083333333333332,21.375,3,3.0,24.753796956231383,22.532,61,105.57672965391588,0.0031014739735653,-0.0110107317955923,-0.0042246394457884,296.07947433828224,93.79957575986728,90.04183365111473,4,2018,9,3,-1.0,-1.8369701987210297e-16,0,0.4899155555555555,0,24.083333333333332,0,0.5088461538461541,0.515,0.439230769230769,0.7433333333333335,0.5665384615384614,0.4876923076923074,0.042081563518558684,0.5496794871794872,0.10381941923989013,0.06961538461538508,-0.23448717948717945,0.3429408888888888,0.2898667037037036,24.233333333333334,23.666666666666668,105.25029859212243,0.0076132300189317,229.80295573121,92.09545845145172,89.98197905979633
2018-10-01,azuay,Azuay,Tomate Rinon De Invernadero,0.993333333333334,18.1111111111111,1,1,1,0.7144246840579709,1.0,0.5728470762560386,5.0,25.643333333333334,23.5,3,3.0,24.569722249740998,22.53035714285714,60,105.76644817205488,0.0017969728628732,-0.0045803069717149,-0.0024352581453545,273.54630633973073,92.7483807967459,89.02708539962859,0,2018,10,4,-0.8660254037844386,0.5000000000000001,0,0.7144246840579709,0,25.643333333333334,0,0.847777777777778,0.682222222222222,0.73875,0.82875,0.81375,0.75625,0.08415371645879591,0.7382870370370371,0.08235577866692376,0.10902777777777795,0.019027777777777977,0.6079980839231547,0.4952407246376811,25.650000000000002,25.041666666666668,105.57672965391588,0.0031014739735653,296.07947433828224,93.79957575986728,90.04183365111473
2018-10-01,chimborazo,Chimborazo,Tomate Rinon De Invernadero,0.678461538461538,12.3846153846154,1,1,1,0.4286761111111111,1.0,0.5728470762560386,5.0,24.666666666666668,22.0,3,3.0,24.569722249740998,22.53035714285714,60,105.76644817205488,0.0017969728628732,-0.0045803069717149,-0.0024352581453545,273.54630633973073,92.7483807967459,89.02708539962859,1,2018,10,4,-0.8660254037844386,0.5000000000000001,0,0.4286761111111111,0,24.666666666666668,0,0.715,0.470769230769231,0.466923076923077,0.516363636363636,0.541666666666667,0.5508974358974358,0.1421299999424104,0.5056118881118882,0.10858227703275279,0.24807692307692297,0.19863636363636394,0.4516409027777778,0.2985422916666666,24.666666666666668,24.333333333333332,105.57672965391588,0.0031014739735653,296.07947433828224,93.79957575986728,90.04183365111473
2018-10-01,cotopaxi,Cotopaxi,Tomate Rinon De Invernadero,0.67125,12.29125,1,1,1,0.6283167000000001,1.0,0.5728470762560386,5.0,25.040000000000003,22.0,3,3.0,24.569722249740998,22.53035714285714,60,105.76644817205488,0.0017969728628732,-0.0045803069717149,-0.0024352581453545,273.54630633973073,92.7483807967459,89.02708539962859,2,2018,10,4,-0.8660254037844386,0.5000000000000001,0,0.6283167000000001,0,25.040000000000003,0,0.706666666666667,0.47125,0.55125,0.585,0.54375,0.5763888888888888,0.11970473899155999,0.5538611111111112,0.08779990930561268,0.15541666666666698,0.12166666666666703,0.6595488166666666,0.4743869821428571,25.254166666666666,25.4375,105.57672965391588,0.0031014739735653,296.07947433828224,93.79957575986728,90.04183365111473
2018-10-01,imbabura,Imbabura,Tomate Rinon De Invernadero,0.62375,11.41625,1,1,1,0.4657259749999999,1.0,0.5728470762560386,5.0,24.825,22.133333333333336,3,3.0,24.569722249740998,22.53035714285714,60,105.76644817205488,0.0017969728628732,-0.0045803069717149,-0.0024352581453545,273.54630633973073,92.7483807967459,89.02708539962859,3,2018,10,4,-0.8660254037844386,0.5000000000000001,0,0.4657259749999999,0,24.825,0,0.7825,0.587777777777778,0.611111111111111,0.58,0.47875,0.6604629629629628,0.10632915836070428,0.6269907407407406,0.07755651397582428,0.17138888888888892,0.2025,0.6932949736842106,0.473648828125,24.811111111111114,24.799999999999997,105.57672965391588,0.0031014739735653,296.07947433828224,93.79957575986728,90.04183365111473
2018-10-01,tungurahua,Tungurahua,Tomate Rinon De Invernadero,0.6757692307692305,15.583461538461501,2,1,1,0.6270919111111111,1.0,0.5728470762560386,5.0,24.633333333333336,22.0,3,3.0,24.569722249740998,22.53035714285714,60,105.76644817205488,0.0017969728628732,-0.0045803069717149,-0.0024352581453545,273.54630633973073,92.7483807967459,89.02708539962859,4,2018,10,4,-0.8660254037844386,0.5000000000000001,0,0.6270919111111111,0,24.633333333333336,0,0.7133333333333335,0.5088461538461541,0.515,0.57125,0.5466666666666665,0.5790598290598289,0.11632496687313913,0.5446794871794872,0.09276112147587424,0.19833333333333347,0.14208333333333345,0.4899155555555555,0.3723358222222222,24.083333333333332,23.916666666666668,105.57672965391588,0.0031014739735653,296.07947433828224,93.79957575986728,90.04183365111473
2018-11-01,azuay,Azuay,Tomate Rinon De Invernadero,0.767142857142857,14.0,1,1,1,0.5535249928332536,1.0,0.4742413263333134,4.0,26.276666666666667,24.0,3,3.0,25.07259940499817,23.02547619047619,60,105.60910941943288,-0.0014876055246371,0.0007723687106797,-0.0039192409665207,301.05261294110267,91.75352677174894,87.74584078250196,0,2018,11,4,-0.5000000000000004,0.8660254037844384,0,0.5535249928332536,0,26.276666666666667,0,0.993333333333334,0.847777777777778,0.682222222222222,0.656666666666667,0.69,0.8411111111111113,0.15566266153940414,0.7657175925925928,0.1313490195753879,0.311111111111112,0.336666666666667,0.7144246840579709,0.4512562111801242,25.643333333333334,25.319444444444443,105.76644817205488,0.0017969728628732,273.54630633973073,92.7483807967459,89.02708539962859
2018-11-01,chimborazo,Chimborazo,Tomate Rinon De Invernadero,0.609166666666667,11.1525,1,1,1,0.3674366666666666,1.0,0.4742413263333134,4.0,24.666666666666668,22.0,3,3.0,25.07259940499817,23.02547619047619,60,105.60910941943288,-0.0014876055246371,0.0007723687106797,-0.0039192409665207,301.05261294110267,91.75352677174894,87.74584078250196,1,2018,11,4,-0.5000000000000004,0.8660254037844384,0,0.3674366666666666,0,24.666666666666668,0,0.678461538461538,0.715,0.470769230769231,0.46,0.45,0.6214102564102562,0.13173193898039592,0.5326282051282051,0.12987121902319843,0.207692307692307,0.21846153846153799,0.4286761111111111,0.3291620138888888,24.666666666666668,24.599999999999998,105.76644817205488,0.0017969728628732,273.54630633973073,92.7483807967459,89.02708539962859
2018-11-01,cotopaxi,Cotopaxi,Tomate Rinon De Invernadero,0.6175,11.29125,1,1,1,0.5144113333333333,1.0,0.4742413263333134,4.0,25.166666666666668,22.375,3,3.0,25.07259940499817,23.02547619047619,60,105.60910941943288,-0.0014876055246371,0.0007723687106797,-0.0039192409665207,301.05261294110267,91.75352677174894,87.74584078250196,2,2018,11,4,-0.5000000000000004,0.8660254037844384,0,0.5144113333333333,0,25.166666666666668,0,0.67125,0.706666666666667,0.47125,0.54,0.477142857142857,0.6163888888888889,0.12693525070038975,0.5682361111111112,0.10011473163695983,0.2,0.13124999999999998,0.6283167000000001,0.3867270916666666,25.040000000000003,25.603333333333335,105.76644817205488,0.0017969728628732,273.54630633973073,92.7483807967459,89.02708539962859
2018-11-01,imbabura,Imbabura,Tomate Rinon De Invernadero,0.625,11.43625,1,1,1,0.4615923125,1.0,0.4742413263333134,4.0,24.896666666666665,22.500000000000004,3,3.0,25.07259940499817,23.02547619047619,60,105.60910941943288,-0.0014876055246371,0.0007723687106797,-0.0039192409665207,301.05261294110267,91.75352677174894,87.74584078250196,3,2018,11,4,-0.5000000000000004,0.8660254037844384,0,0.4615923125,0,24.896666666666665,0,0.62375,0.7825,0.587777777777778,0.615555555555555,0.505,0.6646759259259258,0.1036117006735299,0.6342824074074073,0.07424072543951832,0.03597222222222207,0.00819444444444506,0.4657259749999999,0.4871499032258063,24.825,24.8,105.76644817205488,0.0017969728628732,273.54630633973073,92.7483807967459,89.02708539962859
2018-11-01,tungurahua,Tungurahua,Tomate Rinon De Invernadero,0.59125,13.6883333333333,2,1,1,0.4742413263333134,0.0,0.4742413263333134,4.0,24.916666666666668,22.0,3,3.0,25.07259940499817,23.02547619047619,60,105.60910941943288,-0.0014876055246371,0.0007723687106797,-0.0039192409665207,301.05261294110267,91.75352677174894,87.74584078250196,4,2018,11,4,-0.5000000000000004,0.8660254037844384,1,0.4742413263333134,0,24.916666666666668,0,0.6757692307692305,0.7133333333333335,0.5088461538461541,0.5204166666666665,0.45083333333333353,0.6326495726495724,0.10884957662261713,0.5620993589743589,0.10740665287596549,0.1669230769230764,0.15535256410256393,0.6270919111111111,0.3429408888888888,24.633333333333336,24.233333333333334,105.76644817205488,0.0017969728628732,273.54630633973073,92.7483807967459,89.02708539962859
2018-12-01,azuay,Azuay,Tomate Rinon De Invernadero,0.573333333333333,10.4444444444444,1,1,1,0.3908674106280193,1.0,0.3920106578653381,4.0,26.462777777777774,23.625,3,3.0,25.63246794849049,23.625,61,105.32196180017738,-0.002718966392521,-0.0066275510745695,-0.0066275510745695,375.0199531882431,90.50113412123255,88.335671121338,0,2018,12,4,-2.4492935982947064e-16,1.0,0,0.3908674106280193,0,26.462777777777774,0,0.767142857142857,0.993333333333334,0.847777777777778,0.675555555555556,0.671111111111111,0.8694179894179896,0.11463750237026965,0.7841302910052912,0.12028182478977668,-0.08063492063492095,0.091587301587301,0.5535249928332536,0.6079980839231547,26.276666666666667,25.650000000000002,105.60910941943288,-0.0014876055246371,301.05261294110267,91.75352677174894,87.74584078250196
2018-12-01,chimborazo,Chimborazo,Tomate Rinon De Invernadero,0.559090909090909,10.1972727272727,1,1,1,0.3674366666666666,1.0,0.3920106578653381,4.0,24.916666666666668,22.25,3,3.0,25.63246794849049,23.625,61,105.32196180017738,-0.002718966392521,-0.0066275510745695,-0.0066275510745695,375.0199531882431,90.50113412123255,88.335671121338,1,2018,12,4,-2.4492935982947064e-16,1.0,0,0.3674366666666666,0,24.916666666666668,0,0.609166666666667,0.678461538461538,0.715,0.404615384615385,0.415833333333333,0.6675427350427348,0.0537548957043464,0.5574893162393163,0.12744214255364184,-0.105833333333333,0.20455128205128198,0.3674366666666666,0.4516409027777778,24.666666666666668,24.666666666666668,105.60910941943288,-0.0014876055246371,301.05261294110267,91.75352677174894,87.74584078250196
2018-12-01,cotopaxi,Cotopaxi,Tomate Rinon De Invernadero,0.467777777777778,8.55555555555556,1,1,1,0.3949944166666666,1.0,0.3920106578653381,4.0,25.083333333333332,22.375,3,3.0,25.63246794849049,23.625,61,105.32196180017738,-0.002718966392521,-0.0066275510745695,-0.0066275510745695,375.0199531882431,90.50113412123255,88.335671121338,2,2018,12,4,-2.4492935982947064e-16,1.0,0,0.3949944166666666,0,25.083333333333332,0,0.6175,0.67125,0.706666666666667,0.469,0.385,0.6651388888888888,0.04489635698328683,0.5811527777777779,0.10074066563688525,-0.08916666666666695,0.14850000000000008,0.5144113333333333,0.6595488166666666,25.166666666666668,25.254166666666666,105.60910941943288,-0.0014876055246371,301.05261294110267,91.75352677174894,87.74584078250196
2018-12-01,imbabura,Imbabura,Tomate Rinon De Invernadero,0.584285714285714,10.69,1,1,1,0.4147441375,1.0,0.3920106578653381,4.0,24.97575757575758,22.55,3,3.0,25.63246794849049,23.625,61,105.32196180017738,-0.002718966392521,-0.0066275510745695,-0.0066275510745695,375.0199531882431,90.50113412123255,88.335671121338,3,2018,12,4,-2.4492935982947064e-16,1.0,0,0.4147441375,0,24.97575757575758,0,0.625,0.62375,0.7825,0.585,0.534285714285714,0.6770833333333331,0.09129565068136371,0.6358564814814814,0.07386342588965333,-0.15749999999999997,0.040000000000000036,0.4615923125,0.6932949736842106,24.896666666666665,24.811111111111114,105.60910941943288,-0.0014876055246371,301.05261294110267,91.75352677174894,87.74584078250196
2018-12-01,tungurahua,Tungurahua,Tomate Rinon De Invernadero,0.5027272727272725,11.66681818181819,2,1,1,0.3920106578653381,0.0,0.3920106578653381,4.0,25.5625,22.5,3,3.0,25.63246794849049,23.625,61,105.32196180017738,-0.002718966392521,-0.0066275510745695,-0.0066275510745695,375.0199531882431,90.50113412123255,88.335671121338,4,2018,12,4,-2.4492935982947064e-16,1.0,1,0.3920106578653381,0,25.5625,0,0.59125,0.6757692307692305,0.7133333333333335,0.439230769230769,0.4375,0.6601175213675211,0.06252853008700449,0.5739049145299145,0.10578944332250459,-0.12208333333333343,0.15201923076923107,0.4742413263333134,0.4899155555555555,24.916666666666668,24.083333333333332,105.60910941943288,-0.0014876055246371,301.05261294110267,91.75352677174894,87.74584078250196
2019-01-01,azuay,Azuay,Tomate Rinon De Invernadero,0.677777777777778,12.3333333333333,1,1,1,0.4125848393194706,1.0,0.3883132501076454,4.0,26.462777777777774,23.625,3,3.0,25.737087529148287,23.625,63,106.52855122151963,0.0114561996445856,0.0039910064938233,0.0114561996445856,302.1040429874755,93.02867686285488,91.73969865733244,0,2019,1,1,0.49999999999999994,0.8660254037844387,0,0.4125848393194706,0,26.462777777777774,0,0.573333333333333,0.767142857142857,0.993333333333334,0.73875,0.743333333333334,0.777936507936508,0.21020793794024958,0.767093253968254,0.14369683870813427,-0.42000000000000093,-0.165416666666667,0.3908674106280193,0.7144246840579709,26.462777777777774,25.643333333333334,105.32196180017738,-0.002718966392521,375.0199531882431,90.50113412123255,88.335671121338
2019-01-01,chimborazo,Chimborazo,Tomate Rinon De Invernadero,0.484615384615385,8.89769230769231,1,1,1,0.2908873611111111,1.0,0.3883132501076454,4.0,25.46666666666667,23.0,3,3.0,25.737087529148287,23.625,63,106.52855122151963,0.0114561996445856,0.0039910064938233,0.0114561996445856,302.1040429874755,93.02867686285488,91.73969865733244,1,2019,1,1,0.49999999999999994,0.8660254037844387,0,0.2908873611111111,0,25.46666666666667,0,0.559090909090909,0.609166666666667,0.678461538461538,0.466923076923077,0.495,0.6155730380730379,0.05994262244040229,0.5832352369852369,0.10379066433209336,-0.11937062937062903,0.09216783216783198,0.3674366666666666,0.4286761111111111,24.916666666666668,24.666666666666668,105.32196180017738,-0.002718966392521,375.0199531882431,90.50113412123255,88.335671121338
2019-01-01,cotopaxi,Cotopaxi,Tomate Rinon De Invernadero,0.45875,8.375,1,1,1,0.4033452499999999,1.0,0.3883132501076454,4.0,25.041666666666668,22.375,3,3.0,25.737087529148287,23.625,63,106.52855122151963,0.0114561996445856,0.0039910064938233,0.0114561996445856,302.1040429874755,93.02867686285488,91.73969865733244,2,2019,1,1,0.49999999999999994,0.8660254037844387,0,0.4033452499999999,0,25.041666666666668,0,0.467777777777778,0.6175,0.67125,0.55125,0.46,0.5855092592592592,0.10544094045421218,0.5809490740740743,0.10101366705089809,-0.203472222222222,-0.083472222222222,0.3949944166666666,0.6283167000000001,25.083333333333332,25.040000000000003,105.32196180017738,-0.002718966392521,375.0199531882431,90.50113412123255,88.335671121338
2019-01-01,imbabura,Imbabura,Tomate Rinon De Invernadero,0.573333333333333,10.5188888888889,1,1,1,0.4464355499999999,1.0,0.3883132501076454,4.0,24.86212121212121,22.65,3,3.0,25.737087529148287,23.625,63,106.52855122151963,0.0114561996445856,0.0039910064938233,0.0114561996445856,302.1040429874755,93.02867686285488,91.73969865733244,3,2019,1,1,0.49999999999999994,0.8660254037844387,0,0.4464355499999999,0,24.86212121212121,0,0.584285714285714,0.625,0.62375,0.611111111111111,0.531111111111111,0.6110119047619045,0.023153996804602082,0.6357374338624338,0.07396229540414727,-0.03946428571428606,-0.026825396825397085,0.4147441375,0.4657259749999999,24.97575757575758,24.825,105.32196180017738,-0.002718966392521,375.0199531882431,90.50113412123255,88.335671121338
2019-01-01,tungurahua,Tungurahua,Tomate Rinon De Invernadero,0.48,11.13423076923078,2,1,1,0.3883132501076454,0.0,0.3883132501076454,4.0,25.6875,22.875,3,3.0,25.737087529148287,23.625,63,106.52855122151963,0.0114561996445856,0.0039910064938233,0.0114561996445856,302.1040429874755,93.02867686285488,91.73969865733244,4,2019,1,1,0.49999999999999994,0.8660254037844387,1,0.3883132501076454,0,25.6875,0,0.5027272727272725,0.59125,0.6757692307692305,0.515,0.5035714285714286,0.5899155011655007,0.08652869741365372,0.584487665112665,0.09188492282586606,-0.173041958041958,-0.012272727272727546,0.3920106578653381,0.6270919111111111,25.5625,24.633333333333336,105.32196180017738,-0.002718966392521,375.0199531882431,90.50113412123255,88.335671121338
2019-02-01,azuay,Azuay,Tomate Rinon De Invernadero,0.78875,14.375,1,1,1,0.5366717104634495,1.0,0.43328433907419567,4.0,26.313888888888886,23.875,3,3.0,25.784362199952174,23.875,61,106.36502853382572,-0.0015350127812577,-0.0010893253853077,0.0099036014504487,352.05299423586195,90.66036068855564,91.14905171803656,0,2019,2,1,0.8660254037844386,0.5000000000000001,0,0.5366717104634495,0,26.313888888888886,0,0.677777777777778,0.573333333333333,0.767142857142857,0.682222222222222,0.7675,0.6727513227513228,0.09700248356314727,0.7569312169312169,0.1481878669356757,-0.08936507936507898,-0.004444444444443918,0.4125848393194706,0.5535249928332536,26.462777777777774,26.276666666666667,106.52855122151963,0.0114561996445856,302.1040429874755,93.02867686285488,91.73969865733244
2019-02-01,chimborazo,Chimborazo,Tomate Rinon De Invernadero,0.515833333333333,9.41666666666667,1,1,1,0.3559542708333333,1.0,0.43328433907419567,4.0,25.583333333333332,23.0,3,3.0,25.784362199952174,23.875,61,106.36502853382572,-0.0015350127812577,-0.0010893253853077,0.0099036014504487,352.05299423586195,90.66036068855564,91.14905171803656,1,2019,2,1,0.8660254037844386,0.5000000000000001,0,0.3559542708333333,0,25.583333333333332,0,0.484615384615385,0.559090909090909,0.609166666666667,0.470769230769231,0.452727272727273,0.5509576534576536,0.06267270419051553,0.586183954933955,0.10000769679416252,-0.12455128205128196,0.013846153846154008,0.2908873611111111,0.3674366666666666,25.46666666666667,24.666666666666668,106.52855122151963,0.0114561996445856,302.1040429874755,93.02867686285488,91.73969865733244
2019-02-01,cotopaxi,Cotopaxi,Tomate Rinon De Invernadero,0.49,8.91625,1,1,1,0.4271451249999999,1.0,0.43328433907419567,4.0,25.108333333333334,22.45,3,3.0,25.784362199952174,23.875,61,106.36502853382572,-0.0015350127812577,-0.0010893253853077,0.0099036014504487,352.05299423586195,90.66036068855564,91.14905171803656,2,2019,2,1,0.8660254037844386,0.5000000000000001,0,0.4271451249999999,0,25.108333333333334,0,0.45875,0.467777777777778,0.6175,0.47125,0.405,0.5146759259259259,0.08916259221105416,0.5655324074074075,0.112821400179563,-0.15875000000000006,-0.012500000000000011,0.4033452499999999,0.5144113333333333,25.041666666666668,25.166666666666668,106.52855122151963,0.0114561996445856,302.1040429874755,93.02867686285488,91.73969865733244
2019-02-01,imbabura,Imbabura,Tomate Rinon De Invernadero,0.56625,10.355,1,1,1,0.4133662499999999,1.0,0.43328433907419567,4.0,24.993939393939396,22.450000000000003,3,3.0,25.784362199952174,23.875,61,106.36502853382572,-0.0015350127812577,-0.0010893253853077,0.0099036014504487,352.05299423586195,90.66036068855564,91.14905171803656,3,2019,2,1,0.8660254037844386,0.5000000000000001,0,0.4133662499999999,0,24.993939393939396,0,0.573333333333333,0.584285714285714,0.625,0.587777777777778,0.474285714285714,0.5942063492063488,0.0272245359746099,0.6294411375661375,0.0779769986797914,-0.05166666666666697,-0.014444444444444926,0.4464355499999999,0.4615923125,24.86212121212121,24.896666666666665,106.52855122151963,0.0114561996445856,302.1040429874755,93.02867686285488,91.73969865733244
2019-02-01,tungurahua,Tungurahua,Tomate Rinon De Invernadero,0.5141666666666664,11.903333333333336,2,1,1,0.43328433907419567,0.0,0.43328433907419567,4.0,25.6875,22.875,3,3.0,25.784362199952174,23.875,61,106.36502853382572,-0.0015350127812577,-0.0010893253853077,0.0099036014504487,352.05299423586195,90.66036068855564,91.14905171803656,4,2019,2,1,0.8660254037844386,0.5000000000000001,1,0.43328433907419567,0,25.6875,0,0.48,0.5027272727272725,0.59125,0.5088461538461541,0.4377272727272725,0.5246590909090906,0.05877834730213947,0.5786543317793317,0.09808074745310277,-0.11125000000000007,-0.028846153846154077,0.3883132501076454,0.4742413263333134,25.6875,24.916666666666668,106.52855122151963,0.0114561996445856,302.1040429874755,93.02867686285488,91.73969865733244
2019-03-01,azuay,Azuay,Tomate Rinon De Invernadero,0.80875,14.75,1,1,1,0.6744358721843896,1.0,0.5292987372989709,4.0,27.272222222222222,25.9,3,3.0,25.96278294516362,24.03846153846154,62,105.97816126592777,-0.0036371660237455,-0.0105081203399637,0.0062304143839948,315.04345609191915,91.25018103400063,93.05374005886844,0,2019,3,1,1.0,6.123233995736766e-17,0,0.6744358721843896,0,27.272222222222222,0,0.78875,0.677777777777778,0.573333333333333,0.847777777777778,0.89,0.6799537037037037,0.10772481635942159,0.7746858465608466,0.14376220599348447,0.21541666666666692,-0.05902777777777801,0.5366717104634495,0.3908674106280193,26.313888888888886,26.462777777777774,106.36502853382572,-0.0015350127812577,352.05299423586195,90.66036068855564,91.14905171803656
2019-03-01,chimborazo,Chimborazo,Tomate Rinon De Invernadero,0.598333333333333,10.7783333333333,1,1,1,0.4225521666666666,1.0,0.5292987372989709,4.0,25.666666666666668,23.0,3,3.0,25.96278294516362,24.03846153846154,62,105.97816126592777,-0.0036371660237455,-0.0105081203399637,0.0062304143839948,315.04345609191915,91.25018103400063,93.05374005886844,1,2019,3,1,1.0,6.123233995736766e-17,0,0.4225521666666666,0,25.666666666666668,0,0.515833333333333,0.484615384615385,0.559090909090909,0.715,0.6975,0.5198465423465423,0.03739960322536042,0.5936946386946387,0.09088221638210892,-0.04325757575757594,-0.19916666666666694,0.3559542708333333,0.3674366666666666,25.583333333333332,24.916666666666668,106.36502853382572,-0.0015350127812577,352.05299423586195,90.66036068855564,91.14905171803656
2019-03-01,cotopaxi,Cotopaxi,Tomate Rinon De Invernadero,0.632,11.534,1,1,1,0.5682598103448275,1.0,0.5292987372989709,4.0,26.866666666666664,24.0,3,3.0,25.96278294516362,24.03846153846154,62,105.97816126592777,-0.0036371660237455,-0.0105081203399637,0.0062304143839948,315.04345609191915,91.25018103400063,93.05374005886844,2,2019,3,1,1.0,6.123233995736766e-17,0,0.5682598103448275,0,26.866666666666664,0,0.49,0.45875,0.467777777777778,0.706666666666667,0.725555555555556,0.4721759259259259,0.016082549715463072,0.5686574074074076,0.10990970854715951,0.022222222222221977,-0.216666666666667,0.4271451249999999,0.3949944166666666,25.108333333333334,25.083333333333332,106.36502853382572,-0.0015350127812577,352.05299423586195,90.66036068855564,91.14905171803656
2019-03-01,imbabura,Imbabura,Tomate Rinon De Invernadero,0.591666666666667,10.8333333333333,1,1,1,0.4519470999999999,1.0,0.5292987372989709,4.0,24.92222222222222,22.316666666666663,3,3.0,25.96278294516362,24.03846153846154,62,105.97816126592777,-0.0036371660237455,-0.0105081203399637,0.0062304143839948,315.04345609191915,91.25018103400063,93.05374005886844,3,2019,3,1,1.0,6.123233995736766e-17,0,0.4519470999999999,0,24.92222222222222,0,0.56625,0.573333333333333,0.584285714285714,0.7825,0.714444444444444,0.5746230158730156,0.009086760051810612,0.6258531746031745,0.08072435204354081,-0.018035714285713933,-0.21624999999999994,0.4133662499999999,0.4147441375,24.993939393939396,24.97575757575758,106.36502853382572,-0.0015350127812577,352.05299423586195,90.66036068855564,91.14905171803656
2019-03-01,tungurahua,Tungurahua,Tomate Rinon De Invernadero,0.5925,13.62166666666665,2,1,1,0.5292987372989709,0.0,0.5292987372989709,4.0,25.74,23.22,3,3.0,25.96278294516362,24.03846153846154,62,105.97816126592777,-0.0036371660237455,-0.0105081203399637,0.0062304143839948,315.04345609191915,91.25018103400063,93.05374005886844,4,2019,3,1,1.0,6.123233995736766e-17,1,0.5292987372989709,0,25.74,0,0.5141666666666664,0.48,0.5027272727272725,0.7133333333333335,0.7433333333333335,0.49896464646464606,0.017391328157235743,0.5795410839160838,0.09734467050025646,0.011439393939393971,-0.19916666666666705,0.43328433907419567,0.3920106578653381,25.6875,25.5625,106.36502853382572,-0.0015350127812577,352.05299423586195,90.66036068855564,91.14905171803656
2019-04-01,azuay,Azuay,Tomate Rinon De Invernadero,0.81625,14.875,1,1,1,0.670971304347826,1.0,0.4855555733695652,5.0,26.852500000000003,24.9075,3,3.0,25.643084459515585,23.571428571428573,61,106.03578226462427,0.0005437063448565,0.0032992240998805,0.006777508244683,307.49079787531707,90.14090611015035,89.56092330719511,0,2019,4,2,0.8660254037844387,-0.4999999999999998,0,0.670971304347826,0,26.852500000000003,0,0.80875,0.78875,0.677777777777778,0.993333333333334,0.82875,0.7584259259259261,0.07055560112276263,0.7681812169312169,0.14064276324173877,0.13097222222222193,-0.184583333333334,0.6744358721843896,0.4125848393194706,27.272222222222222,26.462777777777774,105.97816126592777,-0.0036371660237455,315.04345609191915,91.25018103400063,93.05374005886844
2019-04-01,chimborazo,Chimborazo,Tomate Rinon De Invernadero,0.522727272727273,9.48545454545455,1,1,1,0.3521268055555555,1.0,0.4855555733695652,5.0,25.833333333333332,23.5,3,3.0,25.643084459515585,23.571428571428573,61,106.03578226462427,0.0005437063448565,0.0032992240998805,0.006777508244683,307.49079787531707,90.14090611015035,89.56092330719511,1,2019,4,2,0.8660254037844387,-0.4999999999999998,0,0.3521268055555555,0,25.833333333333332,0,0.598333333333333,0.515833333333333,0.484615384615385,0.678461538461538,0.516363636363636,0.5329273504273502,0.05875454901931317,0.5742501942501942,0.06976516976347229,0.11371794871794805,-0.08012820512820495,0.4225521666666666,0.2908873611111111,25.666666666666668,25.46666666666667,105.97816126592777,-0.0036371660237455,315.04345609191915,91.25018103400063,93.05374005886844
2019-04-01,cotopaxi,Cotopaxi,Tomate Rinon De Invernadero,0.588571428571429,10.7628571428571,1,1,1,0.551155,1.0,0.4855555733695652,5.0,26.041666666666668,23.125,3,3.0,25.643084459515585,23.571428571428573,61,106.03578226462427,0.0005437063448565,0.0032992240998805,0.006777508244683,307.49079787531707,90.14090611015035,89.56092330719511,2,2019,4,2,0.8660254037844387,-0.4999999999999998,0,0.551155,0,26.041666666666668,0,0.632,0.49,0.45875,0.67125,0.585,0.5269166666666665,0.09233645452005305,0.556212962962963,0.09427328717561954,0.17325000000000002,-0.03925000000000001,0.5682598103448275,0.4033452499999999,26.866666666666664,25.041666666666668,105.97816126592777,-0.0036371660237455,315.04345609191915,91.25018103400063,93.05374005886844
2019-04-01,imbabura,Imbabura,Tomate Rinon De Invernadero,0.585,10.6875,1,1,1,0.4615923125,1.0,0.4855555733695652,5.0,24.99545454545454,22.440909090909088,3,3.0,25.643084459515585,23.571428571428573,61,106.03578226462427,0.0005437063448565,0.0032992240998805,0.006777508244683,307.49079787531707,90.14090611015035,89.56092330719511,3,2019,4,2,0.8660254037844387,-0.4999999999999998,0,0.4615923125,0,24.99545454545454,0,0.591666666666667,0.56625,0.573333333333333,0.62375,0.58,0.5770833333333332,0.013116730198927161,0.594047619047619,0.02507203341195703,0.01833333333333398,-0.03208333333333302,0.4519470999999999,0.4464355499999999,24.92222222222222,24.86212121212121,105.97816126592777,-0.0036371660237455,315.04345609191915,91.25018103400063,93.05374005886844
2019-04-01,tungurahua,Tungurahua,Tomate Rinon De Invernadero,0.5774999999999999,13.2225,2,1,1,0.3919324444444444,1.0,0.4855555733695652,5.0,25.895833333333332,23.0,3,3.0,25.643084459515585,23.571428571428573,61,106.03578226462427,0.0005437063448565,0.0032992240998805,0.006777508244683,307.49079787531707,90.14090611015035,89.56092330719511,4,2019,4,2,0.8660254037844387,-0.4999999999999998,0,0.3919324444444444,0,25.895833333333332,0,0.5925,0.5141666666666664,0.48,0.6757692307692305,0.57125,0.5288888888888885,0.057676861655008835,0.5594021950271949,0.07377539264807148,0.11250000000000004,-0.08326923076923043,0.5292987372989709,0.3883132501076454,25.74,25.6875,105.97816126592777,-0.0036371660237455,315.04345609191915,91.25018103400063,93.05374005886844
2019-05-01,azuay,Azuay,Tomate Rinon De Invernadero,0.925,16.875,1,1,1,0.6940009316770186,1.0,0.5110826704192546,4.0,26.735833333333332,24.6575,3,3.0,25.657207375363544,23.75,61,105.5418112743122,-0.0046585311086715,0.0043450441866754,0.0020874039030143,295.1248544439688,88.10622470093224,89.54297254970264,0,2019,5,2,0.49999999999999994,-0.8660254037844387,0,0.6940009316770186,0,26.735833333333332,0,0.81625,0.80875,0.78875,0.767142857142857,0.656666666666667,0.8045833333333333,0.014215601757696747,0.7386673280423279,0.09517630884064177,0.02750000000000008,0.049107142857143016,0.670971304347826,0.5366717104634495,26.852500000000003,26.313888888888886,106.03578226462427,0.0005437063448565,307.49079787531707,90.14090611015035,89.56092330719511
2019-05-01,chimborazo,Chimborazo,Tomate Rinon De Invernadero,0.58,10.6054545454545,1,1,1,0.3521268055555555,1.0,0.5110826704192546,4.0,26.0,24.0,3,3.0,25.657207375363544,23.75,61,105.5418112743122,-0.0046585311086715,0.0043450441866754,0.0020874039030143,295.1248544439688,88.10622470093224,89.54297254970264,1,2019,5,2,0.49999999999999994,-0.8660254037844387,0,0.3521268055555555,0,26.0,0,0.522727272727273,0.598333333333333,0.515833333333333,0.609166666666667,0.46,0.5456313131313129,0.04577126609700555,0.5482944832944833,0.04916972270260206,0.006893939393940007,-0.08643939393939393,0.3521268055555555,0.3559542708333333,25.833333333333332,25.583333333333332,106.03578226462427,0.0005437063448565,307.49079787531707,90.14090611015035,89.56092330719511
2019-05-01,cotopaxi,Cotopaxi,Tomate Rinon De Invernadero,0.625714285714286,11.4285714285714,1,1,1,0.6062705,1.0,0.5110826704192546,4.0,26.666666666666668,23.75,3,3.0,25.657207375363544,23.75,61,105.5418112743122,-0.0046585311086715,0.0043450441866754,0.0020874039030143,295.1248544439688,88.10622470093224,89.54297254970264,2,2019,5,2,0.49999999999999994,-0.8660254037844387,0,0.6062705,0,26.666666666666668,0,0.588571428571429,0.632,0.49,0.6175,0.54,0.5701904761904761,0.07276259037323766,0.5424332010582011,0.07888158562281344,0.09857142857142898,-0.02892857142857108,0.551155,0.4271451249999999,26.041666666666668,25.108333333333334,106.03578226462427,0.0005437063448565,307.49079787531707,90.14090611015035,89.56092330719511
2019-05-01,imbabura,Imbabura,Tomate Rinon De Invernadero,0.577777777777778,10.5366666666667,1,1,1,0.5110826704192546,0.0,0.5110826704192546,4.0,25.05,22.5,3,3.0,25.657207375363544,23.75,61,105.5418112743122,-0.0046585311086715,0.0043450441866754,0.0020874039030143,295.1248544439688,88.10622470093224,89.54297254970264,3,2019,5,2,0.49999999999999994,-0.8660254037844387,1,0.5110826704192546,0,25.05,0,0.585,0.591666666666667,0.56625,0.625,0.615555555555555,0.5809722222222221,0.013178352760562015,0.5875892857142856,0.02045679279151645,0.018749999999999933,-0.040000000000000036,0.4615923125,0.4133662499999999,24.99545454545454,24.993939393939396,106.03578226462427,0.0005437063448565,307.49079787531707,90.14090611015035,89.56092330719511
2019-05-01,tungurahua,Tungurahua,Tomate Rinon De Invernadero,0.597727272727273,13.8190909090909,2,1,1,0.3919324444444444,1.0,0.5110826704192546,4.0,25.866666666666664,22.9,3,3.0,25.657207375363544,23.75,61,105.5418112743122,-0.0046585311086715,0.0043450441866754,0.0020874039030143,295.1248544439688,88.10622470093224,89.54297254970264,4,2019,5,2,0.49999999999999994,-0.8660254037844387,0,0.3919324444444444,0,25.866666666666664,0,0.5774999999999999,0.5925,0.5141666666666664,0.59125,0.5204166666666665,0.5613888888888886,0.04157768276015725,0.5430239898989898,0.04978114647133295,0.06333333333333346,-0.013750000000000151,0.3919324444444444,0.43328433907419567,25.895833333333332,25.6875,106.03578226462427,0.0005437063448565,307.49079787531707,90.14090611015035,89.56092330719511
2019-06-01,azuay,Azuay,Tomate Rinon De Invernadero,0.983333333333333,17.8888888888889,1,1,1,0.643906915601023,1.0,0.5386943653855262,3.0,26.565833333333334,24.3625,3,3.0,25.801735226466146,23.75,62,104.88858111890404,-0.0061893021118459,0.0056402191304452,-0.0041148177822168,261.4060652865648,92.7,93.28674845493016,0,2019,6,2,1.2246467991473532e-16,-1.0,0,0.643906915601023,0,26.565833333333334,0,0.925,0.81625,0.80875,0.573333333333333,0.675555555555556,0.8500000000000001,0.06506006839836566,0.7649768518518519,0.12251409016555855,0.11625000000000008,0.351666666666667,0.6940009316770186,0.6744358721843896,26.735833333333332,27.272222222222222,105.5418112743122,-0.0046585311086715,295.1248544439688,88.10622470093224,89.54297254970264
2019-06-01,chimborazo,Chimborazo,Tomate Rinon De Invernadero,0.630833333333333,11.5275,1,1,1,0.4210211805555555,1.0,0.5386943653855262,3.0,26.041666666666668,23.875,3,3.0,25.801735226466146,23.75,62,104.88858111890404,-0.0061893021118459,0.0056402191304452,-0.0041148177822168,261.4060652865648,92.7,93.28674845493016,1,2019,6,2,1.2246467991473532e-16,-1.0,0,0.4210211805555555,0,26.041666666666668,0,0.58,0.522727272727273,0.598333333333333,0.559090909090909,0.404615384615385,0.5670202020202019,0.03943888267673793,0.5434333721833722,0.04300312273989766,-0.01833333333333309,0.020909090909090988,0.3521268055555555,0.4225521666666666,26.0,25.666666666666668,105.5418112743122,-0.0046585311086715,295.1248544439688,88.10622470093224,89.54297254970264
2019-06-01,cotopaxi,Cotopaxi,Tomate Rinon De Invernadero,0.61,11.1488888888889,1,1,1,0.551155,1.0,0.5386943653855262,3.0,26.23611111111111,23.375,3,3.0,25.801735226466146,23.75,62,104.88858111890404,-0.0061893021118459,0.0056402191304452,-0.0041148177822168,261.4060652865648,92.7,93.28674845493016,2,2019,6,2,1.2246467991473532e-16,-1.0,0,0.551155,0,26.23611111111111,0,0.625714285714286,0.588571428571429,0.632,0.467777777777778,0.469,0.6154285714285715,0.023470346031908618,0.5438022486772488,0.08049967920640733,-0.006285714285714006,0.15793650793650799,0.6062705,0.5682598103448275,26.666666666666668,26.866666666666664,105.5418112743122,-0.0046585311086715,295.1248544439688,88.10622470093224,89.54297254970264
2019-06-01,imbabura,Imbabura,Tomate Rinon De Invernadero,0.61875,11.33375,1,1,1,0.5386943653855262,0.0,0.5386943653855262,3.0,24.975000000000005,22.05,3,3.0,25.801735226466146,23.75,62,104.88858111890404,-0.0061893021118459,0.0056402191304452,-0.0041148177822168,261.4060652865648,92.7,93.28674845493016,3,2019,6,2,1.2246467991473532e-16,-1.0,1,0.5386943653855262,0,24.975000000000005,0,0.577777777777778,0.585,0.591666666666667,0.584285714285714,0.585,0.5848148148148148,0.006946296049472058,0.5797189153439153,0.009137282118826268,-0.013888888888889062,-0.0065079365079360185,0.5110826704192546,0.4519470999999999,25.05,24.92222222222222,105.5418112743122,-0.0046585311086715,295.1248544439688,88.10622470093224,89.54297254970264
2019-06-01,tungurahua,Tungurahua,Tomate Rinon De Invernadero,0.6104166666666665,14.08375,2,1,1,0.5386943653855262,0.0,0.5386943653855262,3.0,26.0,23.0,3,3.0,25.801735226466146,23.75,62,104.88858111890404,-0.0061893021118459,0.0056402191304452,-0.0041148177822168,261.4060652865648,92.7,93.28674845493016,4,2019,6,2,1.2246467991473532e-16,-1.0,1,0.5386943653855262,0,26.0,0,0.597727272727273,0.5774999999999999,0.5925,0.5027272727272725,0.439230769230769,0.589242424242424,0.010499737632846742,0.5441035353535354,0.051089179503294745,0.005227272727272969,0.09500000000000053,0.3919324444444444,0.5292987372989709,25.866666666666664,25.74,105.5418112743122,-0.0046585311086715,295.1248544439688,88.10622470093224,89.54297254970264
2019-07-01,azuay,Azuay,Tomate Rinon De Invernadero,0.838888888888889,15.3333333333333,1,1,1,0.7006100743707093,1.0,0.527432422759344,4.0,26.6835,24.1325,3,3.0,25.733203963793564,23.64030303030304,63,105.43327776789651,0.0051930976964498,0.0093649802827711,0.0010569112634868,229.0259267118532,92.69350742726668,93.19658319319215,0,2019,7,3,-0.4999999999999997,-0.8660254037844388,0,0.7006100743707093,0,26.6835,0,0.983333333333333,0.925,0.81625,0.677777777777778,0.73875,0.9081944444444443,0.08479994158366187,0.8333101851851851,0.10768858769026635,0.16708333333333292,0.3055555555555549,0.643906915601023,0.670971304347826,26.565833333333334,26.852500000000003,104.88858111890404,-0.0061893021118459,261.4060652865648,92.7,93.28674845493016
2019-07-01,chimborazo,Chimborazo,Tomate Rinon De Invernadero,0.570714285714286,10.4514285714286,1,1,1,0.4592958333333333,1.0,0.527432422759344,4.0,26.166666666666668,23.5,3,3.0,25.733203963793564,23.64030303030304,63,105.43327776789651,0.0051930976964498,0.0093649802827711,0.0010569112634868,229.0259267118532,92.69350742726668,93.19658319319215,1,2019,7,3,-0.4999999999999997,-0.8660254037844388,0,0.4592958333333333,0,26.166666666666668,0,0.630833333333333,0.58,0.522727272727273,0.484615384615385,0.466923076923077,0.5778535353535351,0.05408498467966469,0.5553904428904428,0.056182040430290535,0.10810606060605998,0.14621794871794802,0.4210211805555555,0.3521268055555555,26.041666666666668,25.833333333333332,104.88858111890404,-0.0061893021118459,261.4060652865648,92.7,93.28674845493016
2019-07-01,cotopaxi,Cotopaxi,Tomate Rinon De Invernadero,0.49625,9.04125,1,1,1,0.4776676666666666,1.0,0.527432422759344,4.0,27.133333333333336,24.2,3,3.0,25.733203963793564,23.64030303030304,63,105.43327776789651,0.0051930976964498,0.0093649802827711,0.0010569112634868,229.0259267118532,92.69350742726668,93.19658319319215,2,2019,7,3,-0.4999999999999997,-0.8660254037844388,0,0.4776676666666666,0,27.133333333333336,0,0.61,0.625714285714286,0.588571428571429,0.45875,0.55125,0.6080952380952381,0.018644544714726756,0.5675059523809525,0.07434005710339342,0.02142857142857102,0.15125,0.551155,0.551155,26.23611111111111,26.041666666666668,104.88858111890404,-0.0061893021118459,261.4060652865648,92.7,93.28674845493016
2019-07-01,imbabura,Imbabura,Tomate Rinon De Invernadero,0.643333333333333,11.7777777777778,1,1,1,0.4721561166666666,1.0,0.527432422759344,4.0,24.89166666666667,22.425000000000004,3,3.0,25.733203963793564,23.64030303030304,63,105.43327776789651,0.0051930976964498,0.0093649802827711,0.0010569112634868,229.0259267118532,92.69350742726668,93.19658319319215,3,2019,7,3,-0.4999999999999997,-0.8660254037844388,0,0.4721561166666666,0,24.89166666666667,0,0.61875,0.577777777777778,0.585,0.573333333333333,0.611111111111111,0.5938425925925924,0.021870627134950544,0.585462962962963,0.01855831372270375,0.03375000000000006,0.045416666666666994,0.5386943653855262,0.4615923125,24.975000000000005,24.99545454545454,104.88858111890404,-0.0061893021118459,261.4060652865648,92.7,93.28674845493016
2019-07-01,tungurahua,Tungurahua,Tomate Rinon De Invernadero,0.5228571428571425,12.12535714285712,2,1,1,0.527432422759344,0.0,0.527432422759344,4.0,25.583333333333332,23.0,3,3.0,25.733203963793564,23.64030303030304,63,105.43327776789651,0.0051930976964498,0.0093649802827711,0.0010569112634868,229.0259267118532,92.69350742726668,93.19658319319215,4,2019,7,3,-0.4999999999999997,-0.8660254037844388,1,0.527432422759344,0,25.583333333333332,0,0.6104166666666665,0.597727272727273,0.5774999999999999,0.48,0.515,0.5952146464646462,0.016601557281270683,0.5620517676767677,0.0525416469594594,0.032916666666666594,0.13041666666666651,0.5386943653855262,0.3919324444444444,26.0,25.895833333333332,104.88858111890404,-0.0061893021118459,261.4060652865648,92.7,93.28674845493016
2019-08-01,azuay,Azuay,Tomate Rinon De Invernadero,0.748888888888889,13.6666666666667,1,1,1,0.5142233861892582,1.0,0.45052222571398115,4.0,25.75,24.25,3,3.0,25.71081295853017,23.87166666666667,61,105.2203754573183,-0.0020193084677392,-0.000284304512238,-0.0009645314341164,279.30522448364337,91.16784068602642,92.447899447287,0,2019,8,3,-0.8660254037844385,-0.5000000000000004,0,0.5142233861892582,0,25.75,0,0.838888888888889,0.983333333333333,0.925,0.78875,0.682222222222222,0.9157407407407406,0.07266601540086354,0.860162037037037,0.07680992134802402,-0.08611111111111103,0.050138888888889066,0.7006100743707093,0.6940009316770186,26.6835,26.735833333333332,105.43327776789651,0.0051930976964498,229.0259267118532,92.69350742726668,93.19658319319215
2019-08-01,chimborazo,Chimborazo,Tomate Rinon De Invernadero,0.5175,9.445,1,1,1,0.4041803333333332,1.0,0.45052222571398115,4.0,25.833333333333332,23.3,3,3.0,25.71081295853017,23.87166666666667,61,105.2203754573183,-0.0020193084677392,-0.000284304512238,-0.0009645314341164,279.30522448364337,91.16784068602642,92.447899447287,1,2019,8,3,-0.8660254037844385,-0.5000000000000004,0,0.4041803333333332,0,25.833333333333332,0,0.570714285714286,0.630833333333333,0.58,0.515833333333333,0.470769230769231,0.5938492063492061,0.032363951536128,0.5697402597402598,0.04420931159352364,-0.009285714285714008,0.05488095238095292,0.4592958333333333,0.3521268055555555,26.166666666666668,26.0,105.43327776789651,0.0051930976964498,229.0259267118532,92.69350742726668,93.19658319319215
2019-08-01,cotopaxi,Cotopaxi,Tomate Rinon De Invernadero,0.516666666666667,9.44444444444445,1,1,1,0.4592958333333333,1.0,0.45052222571398115,4.0,26.0,23.3,3,3.0,25.71081295853017,23.87166666666667,61,105.2203754573183,-0.0020193084677392,-0.000284304512238,-0.0009645314341164,279.30522448364337,91.16784068602642,92.447899447287,2,2019,8,3,-0.8660254037844385,-0.5000000000000004,0,0.4592958333333333,0,26.0,0,0.49625,0.61,0.625714285714286,0.49,0.47125,0.5773214285714285,0.07064819241733773,0.5737559523809524,0.06426102865984569,-0.12946428571428598,0.006250000000000033,0.4776676666666666,0.6062705,27.133333333333336,26.666666666666668,105.43327776789651,0.0051930976964498,229.0259267118532,92.69350742726668,93.19658319319215
2019-08-01,imbabura,Imbabura,Tomate Rinon De Invernadero,0.582222222222222,10.6677777777778,1,1,1,0.42438935,1.0,0.45052222571398115,4.0,25.079419191919197,22.681818181818183,3,3.0,25.71081295853017,23.87166666666667,61,105.2203754573183,-0.0020193084677392,-0.000284304512238,-0.0009645314341164,279.30522448364337,91.16784068602642,92.447899447287,3,2019,8,3,-0.8660254037844385,-0.5000000000000004,0,0.42438935,0,25.079419191919197,0,0.643333333333333,0.61875,0.577777777777778,0.56625,0.587777777777778,0.6132870370370368,0.03311745294102026,0.5971296296296297,0.028660914941211167,0.06555555555555503,0.07708333333333295,0.4721561166666666,0.5110826704192546,24.89166666666667,25.05,105.43327776789651,0.0051930976964498,229.0259267118532,92.69350742726668,93.19658319319215
2019-08-01,tungurahua,Tungurahua,Tomate Rinon De Invernadero,0.5291666666666666,12.235833333333336,2,1,1,0.45052222571398115,0.0,0.45052222571398115,4.0,25.125,22.375,3,3.0,25.71081295853017,23.87166666666667,61,105.2203754573183,-0.0020193084677392,-0.000284304512238,-0.0009645314341164,279.30522448364337,91.16784068602642,92.447899447287,4,2019,8,3,-0.8660254037844385,-0.5000000000000004,1,0.45052222571398115,0,25.125,0,0.5228571428571425,0.6104166666666665,0.597727272727273,0.5141666666666664,0.5088461538461541,0.5770003607503603,0.04731671176774842,0.5691946248196248,0.04074488167353481,-0.07487012987013053,0.008690476190476026,0.527432422759344,0.3919324444444444,25.583333333333332,25.866666666666664,105.43327776789651,0.0051930976964498,229.0259267118532,92.69350742726668,93.19658319319215
2019-09-01,azuay,Azuay,Tomate Rinon De Invernadero,0.6175,11.25,1,1,1,0.2851628043478261,1.0,0.32470218478260865,3.0,26.733500000000003,24.3825,3,3.0,25.887690948562813,23.90625,64,105.20432183319258,-0.0001525714392858,-0.0035273665129054,-0.001116955713453,268.3937523002859,91.68066500848649,93.654518292222,0,2019,9,3,-1.0,-1.8369701987210297e-16,0,0.2851628043478261,0,26.733500000000003,0,0.748888888888889,0.838888888888889,0.983333333333333,0.80875,0.847777777777778,0.857037037037037,0.1182711538948586,0.8535185185185186,0.08545880472208035,-0.2344444444444439,-0.05986111111111092,0.5142233861892582,0.643906915601023,25.75,26.565833333333334,105.2203754573183,-0.0020193084677392,279.30522448364337,91.16784068602642,92.447899447287
2019-09-01,chimborazo,Chimborazo,Tomate Rinon De Invernadero,0.402923076923077,8.683538461538461,2,1,1,0.2847634166666666,1.0,0.32470218478260865,3.0,25.333333333333332,23.0,3,3.0,25.887690948562813,23.90625,64,105.20432183319258,-0.0001525714392858,-0.0035273665129054,-0.001116955713453,268.3937523002859,91.68066500848649,93.654518292222,1,2019,9,3,-1.0,-1.8369701987210297e-16,0,0.2847634166666666,0,25.333333333333332,0,0.5175,0.570714285714286,0.630833333333333,0.598333333333333,0.715,0.5730158730158729,0.05670171151906805,0.5700180375180375,0.04380625804149757,-0.11333333333333306,-0.08083333333333309,0.4041803333333332,0.4210211805555555,25.833333333333332,26.041666666666668,105.2203754573183,-0.0020193084677392,279.30522448364337,91.16784068602642,92.447899447287
2019-09-01,cotopaxi,Cotopaxi,Tomate Rinon De Invernadero,0.4525,8.25,1,1,1,0.4041803333333332,1.0,0.32470218478260865,3.0,25.666666666666668,22.875,3,3.0,25.887690948562813,23.90625,64,105.20432183319258,-0.0001525714392858,-0.0035273665129054,-0.001116955713453,268.3937523002859,91.68066500848649,93.654518292222,2,2019,9,3,-1.0,-1.8369701987210297e-16,0,0.4041803333333332,0,25.666666666666668,0,0.516666666666667,0.49625,0.61,0.632,0.706666666666667,0.5409722222222223,0.06064516178681203,0.5782003968253969,0.057918921757429104,-0.09333333333333294,-0.11533333333333295,0.4592958333333333,0.551155,26.0,26.23611111111111,105.2203754573183,-0.0020193084677392,279.30522448364337,91.16784068602642,92.447899447287
2019-09-01,imbabura,Imbabura,Tomate Rinon De Invernadero,0.513333333333333,9.37,1,1,1,0.32470218478260865,0.0,0.32470218478260865,3.0,25.235,22.695,3,3.0,25.887690948562813,23.90625,64,105.20432183319258,-0.0001525714392858,-0.0035273665129054,-0.001116955713453,268.3937523002859,91.68066500848649,93.654518292222,3,2019,9,3,-1.0,-1.8369701987210297e-16,1,0.32470218478260865,0,25.235,0,0.582222222222222,0.643333333333333,0.61875,0.591666666666667,0.7825,0.6147685185185182,0.030749489774620147,0.5997916666666666,0.02582015045953344,-0.03652777777777805,-0.009444444444445033,0.42438935,0.5386943653855262,25.079419191919197,24.975000000000005,105.2203754573183,-0.0020193084677392,279.30522448364337,91.16784068602642,92.447899447287
2019-09-01,tungurahua,Tungurahua,Tomate Rinon De Invernadero,0.4403846153846155,10.185769230769225,2,1,1,0.32470218478260865,0.0,0.32470218478260865,3.0,25.333333333333332,22.7,3,3.0,25.887690948562813,23.90625,64,105.20432183319258,-0.0001525714392858,-0.0035273665129054,-0.001116955713453,268.3937523002859,91.68066500848649,93.654518292222,4,2019,9,3,-1.0,-1.8369701987210297e-16,1,0.32470218478260865,0,25.333333333333332,0,0.5291666666666666,0.5228571428571425,0.6104166666666665,0.5925,0.7133333333333335,0.5541468253968249,0.048833121957091635,0.5716946248196247,0.03697942175957604,-0.08124999999999993,-0.06333333333333346,0.45052222571398115,0.5386943653855262,25.125,26.0,105.2203754573183,-0.0020193084677392,279.30522448364337,91.16784068602642,92.447899447287
2019-10-01,azuay,Azuay,Tomate Rinon De Invernadero,0.81625,14.875,1,1,1,0.4094591965973534,1.0,0.3684818275694881,3.0,27.05,25.5,3,3.0,25.796194465626797,24.0525,64,106.29587993373224,0.0103756013205462,0.00500566834594,0.0092470565199178,222.46704860374305,95.0721243139318,94.1923456929418,0,2019,10,4,-0.8660254037844386,0.5000000000000001,0,0.4094591965973534,0,27.05,0,0.6175,0.748888888888889,0.838888888888889,0.81625,0.993333333333334,0.7350925925925927,0.11133738534062054,0.8216435185185184,0.12970772036079165,-0.22138888888888897,-0.19874999999999998,0.2851628043478261,0.7006100743707093,26.733500000000003,26.6835,105.20432183319258,-0.0001525714392858,268.3937523002859,91.68066500848649,93.654518292222
2019-10-01,chimborazo,Chimborazo,Tomate Rinon De Invernadero,0.39618181818181797,8.53709090909091,2,1,1,0.3551887777777777,1.0,0.3684818275694881,3.0,25.333333333333332,23.0,3,3.0,25.796194465626797,24.0525,64,106.29587993373224,0.0103756013205462,0.00500566834594,0.0092470565199178,222.46704860374305,95.0721243139318,94.1923456929418,1,2019,10,4,-0.8660254037844386,0.5000000000000001,0,0.3551887777777777,0,25.333333333333332,0,0.402923076923077,0.5175,0.570714285714286,0.522727272727273,0.678461538461538,0.4970457875457875,0.08574528291542262,0.5374496614496614,0.0779098406861778,-0.16779120879120896,-0.11980419580419605,0.2847634166666666,0.4592958333333333,25.333333333333332,26.166666666666668,105.20432183319258,-0.0001525714392858,268.3937523002859,91.68066500848649,93.654518292222
2019-10-01,cotopaxi,Cotopaxi,Tomate Rinon De Invernadero,0.516,9.466,1,1,1,0.3407975083333333,1.0,0.3684818275694881,3.0,25.541666666666668,22.875,3,3.0,25.796194465626797,24.0525,64,106.29587993373224,0.0103756013205462,0.00500566834594,0.0092470565199178,222.46704860374305,95.0721243139318,94.1923456929418,2,2019,10,4,-0.8660254037844386,0.5000000000000001,0,0.3407975083333333,0,25.541666666666668,0,0.4525,0.516666666666667,0.49625,0.588571428571429,0.67125,0.4884722222222222,0.032782779750178126,0.5482837301587303,0.0697268359835246,-0.04375000000000001,-0.13607142857142895,0.4041803333333332,0.4776676666666666,25.666666666666668,27.133333333333336,105.20432183319258,-0.0001525714392858,268.3937523002859,91.68066500848649,93.654518292222
2019-10-01,imbabura,Imbabura,Tomate Rinon De Invernadero,0.463333333333333,8.5,1,1,1,0.3684818275694881,0.0,0.3684818275694881,3.0,25.05606060606061,22.559090909090905,3,3.0,25.796194465626797,24.0525,64,106.29587993373224,0.0103756013205462,0.00500566834594,0.0092470565199178,222.46704860374305,95.0721243139318,94.1923456929418,3,2019,10,4,-0.8660254037844386,0.5000000000000001,1,0.3684818275694881,0,25.05606060606061,0,0.513333333333333,0.582222222222222,0.643333333333333,0.585,0.62375,0.5796296296296292,0.0650387665339965,0.586736111111111,0.04409023347943904,-0.13,-0.07166666666666699,0.32470218478260865,0.4721561166666666,25.235,24.89166666666667,105.20432183319258,-0.0001525714392858,268.3937523002859,91.68066500848649,93.654518292222
2019-10-01,tungurahua,Tungurahua,Tomate Rinon De Invernadero,0.5125,11.846250000000015,2,1,1,0.3684818275694881,0.0,0.3684818275694881,3.0,25.416666666666668,22.625,3,3.0,25.796194465626797,24.0525,64,106.29587993373224,0.0103756013205462,0.00500566834594,0.0092470565199178,222.46704860374305,95.0721243139318,94.1923456929418,4,2019,10,4,-0.8660254037844386,0.5000000000000001,1,0.3684818275694881,0,25.416666666666668,0,0.4403846153846155,0.5291666666666666,0.5228571428571425,0.5774999999999999,0.6757692307692305,0.4974694749694746,0.04953749507235733,0.5463420607170607,0.06291315930763779,-0.08247252747252698,-0.13711538461538442,0.32470218478260865,0.527432422759344,25.333333333333332,25.583333333333332,105.20432183319258,-0.0001525714392858,268.3937523002859,91.68066500848649,93.654518292222
2019-11-01,azuay,Azuay,Tomate Rinon De Invernadero,0.668888888888889,12.2222222222222,1,1,1,0.4705976549491212,1.0,0.3525259099830404,3.0,26.647222222222222,24.625,3,3.0,25.72090018389204,24.0,63,105.14871003533604,-0.0107922329549496,-0.0043594665898406,-0.0016449728231424,381.9814930290031,88.05678357949337,93.07144350287896,0,2019,11,4,-0.5000000000000004,0.8660254037844384,0,0.4705976549491212,0,26.647222222222222,0,0.81625,0.6175,0.748888888888889,0.925,0.767142857142857,0.7275462962962965,0.10107927739616204,0.8216435185185186,0.12970772036079165,0.06736111111111098,-0.10875000000000001,0.4094591965973534,0.5142233861892582,27.05,25.75,106.29587993373224,0.0103756013205462,222.46704860374305,95.0721243139318,94.1923456929418
2019-11-01,chimborazo,Chimborazo,Tomate Rinon De Invernadero,0.443181818181818,9.559999999999981,2,1,1,0.3398789166666666,1.0,0.3525259099830404,3.0,25.333333333333332,23.0,3,3.0,25.72090018389204,24.0,63,105.14871003533604,-0.0107922329549496,-0.0043594665898406,-0.0016449728231424,381.9814930290031,88.05678357949337,93.07144350287896,1,2019,11,4,-0.5000000000000004,0.8660254037844384,0,0.3398789166666666,0,25.333333333333332,0,0.39618181818181797,0.402923076923077,0.5175,0.58,0.609166666666667,0.43886829836829816,0.06818041887871869,0.5163587523587523,0.09738645954432983,-0.12131818181818199,-0.183818181818182,0.3551887777777777,0.4041803333333332,25.333333333333332,25.833333333333332,106.29587993373224,0.0103756013205462,222.46704860374305,95.0721243139318,94.1923456929418
2019-11-01,cotopaxi,Cotopaxi,Tomate Rinon De Invernadero,0.3625,6.62375,1,1,1,0.2471011583333333,1.0,0.3525259099830404,3.0,26.083333333333332,23.875,3,3.0,25.72090018389204,24.0,63,105.14871003533604,-0.0107922329549496,-0.0043594665898406,-0.0016449728231424,381.9814930290031,88.05678357949337,93.07144350287896,2,2019,11,4,-0.5000000000000004,0.8660254037844384,0,0.2471011583333333,0,26.083333333333332,0,0.516,0.4525,0.516666666666667,0.625714285714286,0.6175,0.4950555555555556,0.03685569959440633,0.5361884920634922,0.0676025593649424,-0.0006666666666670373,-0.10971428571428599,0.3407975083333333,0.4592958333333333,25.541666666666668,26.0,106.29587993373224,0.0103756013205462,222.46704860374305,95.0721243139318,94.1923456929418
2019-11-01,imbabura,Imbabura,Tomate Rinon De Invernadero,0.41125,7.54125,1,1,1,0.3525259099830404,0.0,0.3525259099830404,3.0,25.05151515151515,22.55454545454545,3,3.0,25.72090018389204,24.0,63,105.14871003533604,-0.0107922329549496,-0.0043594665898406,-0.0016449728231424,381.9814930290031,88.05678357949337,93.07144350287896,3,2019,11,4,-0.5000000000000004,0.8660254037844384,1,0.3525259099830404,0,25.05151515151515,0,0.463333333333333,0.513333333333333,0.582222222222222,0.577777777777778,0.625,0.5196296296296291,0.05969400711626835,0.5664583333333332,0.06704900490418768,-0.11888888888888899,-0.11444444444444496,0.3684818275694881,0.42438935,25.05606060606061,25.079419191919197,106.29587993373224,0.0103756013205462,222.46704860374305,95.0721243139318,94.1923456929418
2019-11-01,tungurahua,Tungurahua,Tomate Rinon De Invernadero,0.4322727272727275,10.007272727272705,2,1,1,0.3525259099830404,0.0,0.3525259099830404,3.0,25.229166666666668,23.125,3,3.0,25.72090018389204,24.0,63,105.14871003533604,-0.0107922329549496,-0.0043594665898406,-0.0016449728231424,381.9814930290031,88.05678357949337,93.07144350287896,4,2019,11,4,-0.5000000000000004,0.8660254037844384,1,0.3525259099830404,0,25.229166666666668,0,0.5125,0.4403846153846155,0.5291666666666666,0.597727272727273,0.59125,0.49401709401709376,0.047188732952291264,0.5355087273837272,0.062065496528896244,-0.016666666666666607,-0.08522727272727304,0.3684818275694881,0.45052222571398115,25.416666666666668,25.125,106.29587993373224,0.0103756013205462,222.46704860374305,95.0721243139318,94.1923456929418
2019-12-01,azuay,Azuay,Tomate Rinon De Invernadero,0.613333333333333,11.1666666666667,1,1,1,0.4738052339020362,1.0,0.31981600511374053,5.0,27.066666666666666,25.5,3,3.0,25.727443296643486,23.8125,63,104.66369746374616,-0.0046126345385204,-0.0062500197032039,-0.0062500197032039,520.060189173586,89.98418532777934,91.9598148337314,0,2019,12,4,-2.4492935982947064e-16,1.0,0,0.4738052339020362,0,27.066666666666666,0,0.668888888888889,0.81625,0.6175,0.983333333333333,0.573333333333333,0.7008796296296297,0.10316465598671011,0.7789583333333333,0.13102650724892176,0.05138888888888893,-0.31444444444444397,0.4705976549491212,0.2851628043478261,26.647222222222222,26.733500000000003,105.14871003533604,-0.0107922329549496,381.9814930290031,88.05678357949337,93.07144350287896
2019-12-01,chimborazo,Chimborazo,Tomate Rinon De Invernadero,0.43400000000000005,9.3835,2,1,1,0.3123211666666666,1.0,0.31981600511374053,5.0,25.666666666666668,23.5,3,3.0,25.727443296643486,23.8125,63,104.66369746374616,-0.0046126345385204,-0.0062500197032039,-0.0062500197032039,520.060189173586,89.98418532777934,91.9598148337314,1,2019,12,4,-2.4492935982947064e-16,1.0,0,0.3123211666666666,0,25.666666666666668,0,0.443181818181818,0.39618181818181797,0.402923076923077,0.630833333333333,0.559090909090909,0.4140955710955709,0.025413942423924248,0.493555722055722,0.0955043440489407,0.040258741258741015,-0.187651515151515,0.3398789166666666,0.2847634166666666,25.333333333333332,25.333333333333332,105.14871003533604,-0.0107922329549496,381.9814930290031,88.05678357949337,93.07144350287896
2019-12-01,cotopaxi,Cotopaxi,Tomate Rinon De Invernadero,0.335,6.165,1,1,1,0.2250549583333333,1.0,0.31981600511374053,5.0,25.833333333333332,23.125,3,3.0,25.727443296643486,23.8125,63,104.66369746374616,-0.0046126345385204,-0.0062500197032039,-0.0062500197032039,520.060189173586,89.98418532777934,91.9598148337314,2,2019,12,4,-2.4492935982947064e-16,1.0,0,0.2250549583333333,0,25.833333333333332,0,0.3625,0.516,0.4525,0.61,0.467777777777778,0.4436666666666665,0.0771303010063744,0.49231944444444453,0.08180023798978125,-0.09000000000000002,-0.2475,0.2471011583333333,0.4041803333333332,26.083333333333332,25.666666666666668,105.14871003533604,-0.0107922329549496,381.9814930290031,88.05678357949337,93.07144350287896
2019-12-01,imbabura,Imbabura,Tomate Rinon De Invernadero,0.425,7.75,1,1,1,0.2939493333333333,1.0,0.31981600511374053,5.0,24.847619047619048,22.5,3,3.0,25.727443296643486,23.8125,63,104.66369746374616,-0.0046126345385204,-0.0062500197032039,-0.0062500197032039,520.060189173586,89.98418532777934,91.9598148337314,3,2019,12,4,-2.4492935982947064e-16,1.0,0,0.2939493333333333,0,24.847619047619048,0,0.41125,0.463333333333333,0.513333333333333,0.61875,0.584285714285714,0.46263888888888854,0.051045209627607065,0.5387037037037036,0.09145209173279886,-0.10208333333333297,-0.20750000000000002,0.3525259099830404,0.32470218478260865,25.05151515151515,25.235,105.14871003533604,-0.0107922329549496,381.9814930290031,88.05678357949337,93.07144350287896
2019-12-01,tungurahua,Tungurahua,Tomate Rinon De Invernadero,0.4145,9.582,2,1,1,0.2939493333333333,1.0,0.31981600511374053,5.0,25.166666666666668,22.75,3,3.0,25.727443296643486,23.8125,63,104.66369746374616,-0.0046126345385204,-0.0062500197032039,-0.0062500197032039,520.060189173586,89.98418532777934,91.9598148337314,4,2019,12,4,-2.4492935982947064e-16,1.0,0,0.2939493333333333,0,25.166666666666668,0,0.4322727272727275,0.5125,0.4403846153846155,0.6104166666666665,0.5027272727272725,0.461719114219114,0.04416417612391662,0.5079329698079698,0.06555092554019606,-0.00811188811188801,-0.17814393939393902,0.3525259099830404,0.32470218478260865,25.229166666666668,25.333333333333332,105.14871003533604,-0.0107922329549496,381.9814930290031,88.05678357949337,93.07144350287896
2020-01-01,azuay,Azuay,Tomate Rinon De Invernadero,0.68375,12.5,1,1,1,0.4729891252587991,1.0,0.32745653339803305,4.0,26.844444444444445,25.5,3,3.0,25.533039432095876,23.989166666666662,55,105.75208911946228,0.0103989413912413,-0.0072887699415224,0.0103989413912413,418.72134019438806,88.74053989230713,93.66584494916692,0,2020,1,1,0.49999999999999994,0.8660254037844387,0,0.4729891252587991,0,26.844444444444445,0,0.613333333333333,0.668888888888889,0.81625,0.838888888888889,0.677777777777778,0.6994907407407407,0.10486252145237641,0.7172916666666667,0.09867680714594726,-0.20291666666666708,-0.22555555555555606,0.4738052339020362,0.4094591965973534,27.066666666666666,27.05,104.66369746374616,-0.0046126345385204,520.060189173586,89.98418532777934,91.9598148337314
2020-01-01,chimborazo,Chimborazo,Tomate Rinon De Invernadero,0.4473076923076925,9.6669230769231,2,1,1,0.30313525,1.0,0.32745653339803305,4.0,26.0,24.0,3,3.0,25.533039432095876,23.989166666666662,55,105.75208911946228,0.0103989413912413,-0.0072887699415224,0.0103989413912413,418.72134019438806,88.74053989230713,93.66584494916692,1,2020,1,1,0.49999999999999994,0.8660254037844387,0,0.30313525,0,26.0,0,0.43400000000000005,0.443181818181818,0.39618181818181797,0.570714285714286,0.484615384615385,0.4244545454545452,0.02491157917234901,0.4607501665001665,0.06906506103773723,0.037818181818182084,-0.1367142857142859,0.3123211666666666,0.3551887777777777,25.666666666666668,25.333333333333332,104.66369746374616,-0.0046126345385204,520.060189173586,89.98418532777934,91.9598148337314
2020-01-01,cotopaxi,Cotopaxi,Tomate Rinon De Invernadero,0.302222222222222,5.57333333333333,1,1,1,0.2397524249999999,1.0,0.32745653339803305,4.0,25.8,22.9,3,3.0,25.533039432095876,23.989166666666662,55,105.75208911946228,0.0103989413912413,-0.0072887699415224,0.0103989413912413,418.72134019438806,88.74053989230713,93.66584494916692,2,2020,1,1,0.49999999999999994,0.8660254037844387,0,0.2397524249999999,0,25.8,0,0.335,0.3625,0.516,0.49625,0.45875,0.40449999999999986,0.09753589082999464,0.4464861111111112,0.07969055458923834,-0.181,-0.16125,0.2250549583333333,0.3407975083333333,25.833333333333332,25.541666666666668,104.66369746374616,-0.0046126345385204,520.060189173586,89.98418532777934,91.9598148337314
2020-01-01,imbabura,Imbabura,Tomate Rinon De Invernadero,0.385555555555556,7.05555555555556,1,1,1,0.32745653339803305,0.0,0.32745653339803305,4.0,25.02424242424242,22.54090909090909,3,3.0,25.533039432095876,23.989166666666662,55,105.75208911946228,0.0103989413912413,-0.0072887699415224,0.0103989413912413,418.72134019438806,88.74053989230713,93.66584494916692,3,2020,1,1,0.49999999999999994,0.8660254037844387,1,0.32745653339803305,0,25.02424242424242,0,0.425,0.41125,0.463333333333333,0.643333333333333,0.573333333333333,0.4331944444444442,0.026991296608222665,0.5064120370370367,0.0917409806793446,-0.038333333333333,-0.218333333333333,0.2939493333333333,0.3684818275694881,24.847619047619048,25.05606060606061,104.66369746374616,-0.0046126345385204,520.060189173586,89.98418532777934,91.9598148337314
2020-01-01,tungurahua,Tungurahua,Tomate Rinon De Invernadero,0.394230769230769,9.134230769230781,2,1,1,0.2939493333333333,1.0,0.32745653339803305,4.0,25.291666666666668,23.0,3,3.0,25.533039432095876,23.989166666666662,55,105.75208911946228,0.0103989413912413,-0.0072887699415224,0.0103989413912413,418.72134019438806,88.74053989230713,93.66584494916692,4,2020,1,1,0.49999999999999994,0.8660254037844387,0,0.2939493333333333,0,25.291666666666668,0,0.4145,0.4322727272727275,0.5125,0.5228571428571425,0.48,0.45309090909090893,0.05221156500874151,0.47528019203019206,0.051602727721629923,-0.09799999999999998,-0.10835714285714249,0.2939493333333333,0.3684818275694881,25.166666666666668,25.416666666666668,104.66369746374616,-0.0046126345385204,520.060189173586,89.98418532777934,91.9598148337314
2020-02-01,azuay,Azuay,Tomate Rinon De Invernadero,0.73125,13.375,1,1,1,0.4739400483091787,1.0,0.3701746911030595,3.0,26.444444444444446,25.25,3,3.0,25.478684624238763,24.075000000000003,61,105.23120670754528,-0.0049255046992838,-0.0106597238012291,0.0054222166572672,459.6352801583994,89.30107906197435,97.15054598513125,0,2020,2,1,0.8660254037844386,0.5000000000000001,0,0.4739400483091787,0,26.444444444444446,0,0.68375,0.613333333333333,0.668888888888889,0.748888888888889,0.78875,0.6553240740740739,0.037116436882217434,0.6914351851851852,0.07875706252215915,0.014861111111110992,-0.06513888888888908,0.4729891252587991,0.4705976549491212,26.844444444444445,26.647222222222222,105.75208911946228,0.0103989413912413,418.72134019438806,88.74053989230713,93.66584494916692
2020-02-01,chimborazo,Chimborazo,Tomate Rinon De Invernadero,0.5022727272727275,10.810909090909105,2,1,1,0.3949944166666666,1.0,0.3701746911030595,3.0,26.0,24.0,3,3.0,25.478684624238763,24.075000000000003,61,105.23120670754528,-0.0049255046992838,-0.0106597238012291,0.0054222166572672,459.6352801583994,89.30107906197435,97.15054598513125,1,2020,2,1,0.8660254037844386,0.5000000000000001,0,0.3949944166666666,0,26.0,0,0.4473076923076925,0.43400000000000005,0.443181818181818,0.5175,0.515833333333333,0.44149650349650343,0.006812039550026689,0.4401824009324009,0.04335967711112872,0.004125874125874507,-0.07019230769230744,0.30313525,0.3398789166666666,26.0,25.333333333333332,105.75208911946228,0.0103989413912413,418.72134019438806,88.74053989230713,93.66584494916692
2020-02-01,cotopaxi,Cotopaxi,Tomate Rinon De Invernadero,0.392222222222222,7.20222222222222,1,1,1,0.2415896083333333,1.0,0.3701746911030595,3.0,25.833333333333332,23.125,3,3.0,25.478684624238763,24.075000000000003,61,105.23120670754528,-0.0049255046992838,-0.0106597238012291,0.0054222166572672,459.6352801583994,89.30107906197435,97.15054598513125,2,2020,2,1,0.8660254037844386,0.5000000000000001,0,0.2415896083333333,0,25.833333333333332,0,0.302222222222222,0.335,0.3625,0.516666666666667,0.49,0.3332407407407405,0.030177373449547983,0.4141481481481482,0.09360991866478467,-0.060277777777777986,-0.21444444444444505,0.2397524249999999,0.2471011583333333,25.8,26.083333333333332,105.75208911946228,0.0103989413912413,418.72134019438806,88.74053989230713,93.66584494916692
2020-02-01,imbabura,Imbabura,Tomate Rinon De Invernadero,0.404285714285714,7.42857142857143,1,1,1,0.3701746911030595,0.0,0.3701746911030595,3.0,24.787878787878785,22.34090909090909,3,3.0,25.478684624238763,24.075000000000003,61,105.23120670754528,-0.0049255046992838,-0.0106597238012291,0.0054222166572672,459.6352801583994,89.30107906197435,97.15054598513125,3,2020,2,1,0.8660254037844386,0.5000000000000001,1,0.3701746911030595,0,24.787878787878785,0,0.385555555555556,0.425,0.41125,0.582222222222222,0.56625,0.40726851851851853,0.02002136847155406,0.463449074074074,0.07330209860204938,-0.02569444444444402,-0.196666666666666,0.32745653339803305,0.3525259099830404,25.02424242424242,25.05151515151515,105.75208911946228,0.0103989413912413,418.72134019438806,88.74053989230713,93.66584494916692
2020-02-01,tungurahua,Tungurahua,Tomate Rinon De Invernadero,0.4727272727272725,10.93954545454543,2,1,1,0.3701746911030595,0.0,0.3701746911030595,3.0,25.25,22.875,3,3.0,25.478684624238763,24.075000000000003,61,105.23120670754528,-0.0049255046992838,-0.0106597238012291,0.0054222166572672,459.6352801583994,89.30107906197435,97.15054598513125,4,2020,2,1,0.8660254037844386,0.5000000000000001,1,0.3701746911030595,0,25.25,0,0.394230769230769,0.4145,0.4322727272727275,0.5291666666666666,0.5141666666666664,0.41366783216783193,0.019034626878224208,0.45384246309246307,0.05452007501030688,-0.03804195804195848,-0.13493589743589757,0.2939493333333333,0.3525259099830404,25.291666666666668,25.229166666666668,105.75208911946228,0.0103989413912413,418.72134019438806,88.74053989230713,93.66584494916692
2020-03-01,azuay,Azuay,Tomate Rinon De Invernadero,0.885,17.25,2,2,2,0.665586301905227,1.0,0.4770117861905925,4.0,26.5,26.5,2,2.0,25.320876300381045,23.758333333333333,62,106.34559024229866,0.010589857986238,0.0034670253944952,0.0160694951478763,400.6289700978381,96.61422177486232,99.24394012005274,0,2020,3,1,1.0,6.123233995736766e-17,0,0.665586301905227,0,26.5,0,0.73125,0.68375,0.613333333333333,0.6175,0.80875,0.676111111111111,0.05932831985685559,0.6884953703703703,0.07647981541320428,0.117916666666667,0.1137499999999999,0.4739400483091787,0.4738052339020362,26.444444444444446,27.066666666666666,105.23120670754528,-0.0049255046992838,459.6352801583994,89.30107906197435,97.15054598513125
2020-03-01,chimborazo,Chimborazo,Tomate Rinon De Invernadero,0.631,13.5335,2,1,1,0.5144113333333333,1.0,0.4770117861905925,4.0,25.833333333333332,23.75,3,3.0,25.320876300381045,23.758333333333333,62,106.34559024229866,0.010589857986238,0.0034670253944952,0.0160694951478763,400.6289700978381,96.61422177486232,99.24394012005274,1,2020,3,1,1.0,6.123233995736766e-17,0,0.5144113333333333,0,25.833333333333332,0,0.5022727272727275,0.4473076923076925,0.43400000000000005,0.402923076923077,0.598333333333333,0.4611934731934732,0.03619257528030612,0.4376445221445222,0.03804960058377794,0.06827272727272748,0.09934965034965054,0.3949944166666666,0.3123211666666666,26.0,25.666666666666668,105.23120670754528,-0.0049255046992838,459.6352801583994,89.30107906197435,97.15054598513125
2020-03-01,cotopaxi,Cotopaxi,Tomate Rinon De Invernadero,0.44821428571428545,8.239285714285714,2,2,2,0.3619251166666666,1.0,0.4770117861905925,4.0,25.88888888888889,23.75,3,3.0,25.320876300381045,23.758333333333333,62,106.34559024229866,0.010589857986238,0.0034670253944952,0.0160694951478763,400.6289700978381,96.61422177486232,99.24394012005274,2,2020,3,1,1.0,6.123233995736766e-17,0,0.3619251166666666,0,25.88888888888889,0,0.392222222222222,0.302222222222222,0.335,0.4525,0.632,0.3431481481481478,0.04554990931586836,0.3934074074074074,0.07899837212470577,0.05722222222222195,-0.06027777777777804,0.2415896083333333,0.2250549583333333,25.833333333333332,25.833333333333332,105.23120670754528,-0.0049255046992838,459.6352801583994,89.30107906197435,97.15054598513125
2020-03-01,imbabura,Imbabura,Tomate Rinon De Invernadero,0.575555555555556,10.5177777777778,1,1,1,0.3661243928571429,1.0,0.4770117861905925,4.0,24.75952380952381,22.235714285714284,3,3.0,25.320876300381045,23.758333333333333,62,106.34559024229866,0.010589857986238,0.0034670253944952,0.0160694951478763,400.6289700978381,96.61422177486232,99.24394012005274,3,2020,3,1,1.0,6.123233995736766e-17,0,0.3661243928571429,0,24.75952380952381,0,0.404285714285714,0.385555555555556,0.425,0.513333333333333,0.591666666666667,0.4049470899470899,0.019730537567620977,0.43379298941798927,0.04686647111736575,-0.020714285714285963,-0.10904761904761895,0.3701746911030595,0.2939493333333333,24.787878787878785,24.847619047619048,105.23120670754528,-0.0049255046992838,459.6352801583994,89.30107906197435,97.15054598513125
2020-03-01,tungurahua,Tungurahua,Tomate Rinon De Invernadero,0.5433333333333334,12.59666666666665,2,1,1,0.4770117861905925,0.0,0.4770117861905925,4.0,24.75,22.375,3,3.0,25.320876300381045,23.758333333333333,62,106.34559024229866,0.010589857986238,0.0034670253944952,0.0160694951478763,400.6289700978381,96.61422177486232,99.24394012005274,4,2020,3,1,1.0,6.123233995736766e-17,1,0.4770117861905925,0,24.75,0,0.4727272727272725,0.394230769230769,0.4145,0.4403846153846155,0.5925,0.42715268065268025,0.04074914736616158,0.44443589743589745,0.04245984555269742,0.05822727272727252,0.03234265734265701,0.3701746911030595,0.2939493333333333,25.25,25.166666666666668,105.23120670754528,-0.0049255046992838,459.6352801583994,89.30107906197435,97.15054598513125
2020-04-01,azuay,Azuay,Tomate Rinon De Invernadero,1.09,19.8571428571429,1,1,1,0.7573961796151105,1.0,0.6055970058580786,4.0,25.368493057427134,24.083333333333336,0,0.0,25.368493057427134,24.083333333333336,58,110.8841759451997,0.0426777047601154,0.0457241279974311,0.0594330090775572,302.5898362114367,99.71696273600696,97.43120562605806,0,2020,4,2,0.8660254037844387,-0.4999999999999998,0,0.7573961796151105,1,25.368493057427134,0,0.885,0.73125,0.68375,0.81625,0.81625,0.7666666666666666,0.10519575007258379,0.7330787037037036,0.10088953960978732,0.20125000000000004,0.06874999999999998,0.665586301905227,0.4729891252587991,26.5,26.844444444444445,106.34559024229866,0.010589857986238,400.6289700978381,96.61422177486232,99.24394012005274
2020-04-01,chimborazo,Chimborazo,Tomate Rinon De Invernadero,0.8714285714285714,18.595,2,1,1,0.6246423333333333,1.0,0.6055970058580786,4.0,25.333333333333332,23.0,3,3.0,25.368493057427134,24.083333333333336,58,110.8841759451997,0.0426777047601154,0.0457241279974311,0.0594330090775572,302.5898362114367,99.71696273600696,97.43120562605806,1,2020,4,2,0.8660254037844387,-0.4999999999999998,0,0.6246423333333333,0,25.333333333333332,0,0.631,0.5022727272727275,0.4473076923076925,0.39618181818181797,0.522727272727273,0.5268601398601399,0.09428213839131767,0.47565734265734266,0.08336639063956183,0.1836923076923075,0.23481818181818204,0.5144113333333333,0.30313525,25.833333333333332,26.0,106.34559024229866,0.010589857986238,400.6289700978381,96.61422177486232,99.24394012005274
2020-04-01,cotopaxi,Cotopaxi,Tomate Rinon De Invernadero,0.58325,10.633,2,2,2,0.366518075,1.0,0.6055970058580786,4.0,26.416666666666668,24.625,3,3.0,25.368493057427134,24.083333333333336,58,110.8841759451997,0.0426777047601154,0.0457241279974311,0.0594330090775572,302.5898362114367,99.71696273600696,97.43120562605806,2,2020,4,2,0.8660254037844387,-0.4999999999999998,0,0.366518075,0,26.416666666666668,0,0.44821428571428545,0.392222222222222,0.302222222222222,0.516,0.588571428571429,0.380886243386243,0.07365323457116901,0.39269312169312154,0.07837411840360115,0.14599206349206345,-0.06778571428571456,0.3619251166666666,0.2397524249999999,25.88888888888889,25.8,106.34559024229866,0.010589857986238,400.6289700978381,96.61422177486232,99.24394012005274
2020-04-01,imbabura,Imbabura,Tomate Rinon De Invernadero,0.797777777777778,14.5922222222222,1,1,1,0.6738314354838709,1.0,0.6055970058580786,4.0,24.741818181818186,22.35,3,3.0,25.368493057427134,24.083333333333336,58,110.8841759451997,0.0426777047601154,0.0457241279974311,0.0594330090775572,302.5898362114367,99.71696273600696,97.43120562605806,3,2020,4,2,0.8660254037844387,-0.4999999999999998,0,0.6738314354838709,0,24.741818181818186,0,0.575555555555556,0.404285714285714,0.385555555555556,0.463333333333333,0.585,0.4551322751322752,0.10470926206617423,0.44416335978835986,0.06943633333205228,0.19000000000000006,0.11222222222222306,0.3661243928571429,0.32745653339803305,24.75952380952381,25.02424242424242,106.34559024229866,0.010589857986238,400.6289700978381,96.61422177486232,99.24394012005274
2020-04-01,tungurahua,Tungurahua,Tomate Rinon De Invernadero,0.785,18.0,2,1,1,0.6055970058580786,0.0,0.6055970058580786,4.0,24.833333333333332,22.5,3,3.0,25.368493057427134,24.083333333333336,58,110.8841759451997,0.0426777047601154,0.0457241279974311,0.0594330090775572,302.5898362114367,99.71696273600696,97.43120562605806,4,2020,4,2,0.8660254037844387,-0.4999999999999998,1,0.6055970058580786,0,24.833333333333332,0,0.5433333333333334,0.4727272727272725,0.394230769230769,0.5125,0.5774999999999999,0.4700971250971247,0.07458607050185677,0.4615940170940171,0.058330225340571265,0.14910256410256445,0.03083333333333349,0.4770117861905925,0.2939493333333333,24.75,25.291666666666668,106.34559024229866,0.010589857986238,400.6289700978381,96.61422177486232,99.24394012005274
2020-05-01,azuay,Azuay,Tomate Rinon De Invernadero,0.7675,14.0,1,1,1,0.6631693124368048,1.0,0.5341684635258678,4.0,26.5,26.5,2,2.0,25.396207003438263,23.875,62,109.12959565290556,-0.015823540891545,0.0339939625374479,0.0426690275365659,354.44347710344067,93.05258864813786,96.05889242920492,0,2020,5,2,0.49999999999999994,-0.8660254037844387,0,0.6631693124368048,0,26.5,0,1.09,0.885,0.73125,0.668888888888889,0.925,0.9020833333333335,0.17998408494456758,0.7787037037037036,0.17825767836791576,0.3587500000000001,0.4211111111111111,0.7573961796151105,0.4739400483091787,25.368493057427134,26.444444444444446,110.8841759451997,0.0426777047601154,302.5898362114367,99.71696273600696,97.43120562605806
2020-05-01,chimborazo,Chimborazo,Tomate Rinon De Invernadero,0.658846153846154,14.091153846153851,2,1,1,0.5603409166666666,1.0,0.5341684635258678,4.0,25.333333333333332,23.0,3,3.0,25.396207003438263,23.875,62,109.12959565290556,-0.015823540891545,0.0339939625374479,0.0426690275365659,354.44347710344067,93.05258864813786,96.05889242920492,1,2020,5,2,0.49999999999999994,-0.8660254037844387,0,0.5603409166666666,0,25.333333333333332,0,0.8714285714285714,0.631,0.5022727272727275,0.443181818181818,0.58,0.6682337662337661,0.18737335544192704,0.554865134865135,0.17171198903697552,0.3691558441558439,0.42824675324675343,0.6246423333333333,0.3949944166666666,25.333333333333332,26.0,110.8841759451997,0.0426777047601154,302.5898362114367,99.71696273600696,97.43120562605806
2020-05-01,cotopaxi,Cotopaxi,Tomate Rinon De Invernadero,0.6775,12.37125,2,2,2,0.4638887916666666,1.0,0.5341684635258678,4.0,26.099999999999998,23.2,3,3.0,25.396207003438263,23.875,62,109.12959565290556,-0.015823540891545,0.0339939625374479,0.0426690275365659,354.44347710344067,93.05258864813786,96.05889242920492,2,2020,5,2,0.49999999999999994,-0.8660254037844387,0,0.4638887916666666,0,26.099999999999998,0,0.58325,0.44821428571428545,0.392222222222222,0.3625,0.625714285714286,0.47456216931216905,0.09820163541532946,0.40390145502645486,0.1010604664478816,0.19102777777777807,0.22075000000000006,0.366518075,0.2415896083333333,26.416666666666668,25.833333333333332,110.8841759451997,0.0426777047601154,302.5898362114367,99.71696273600696,97.43120562605806
2020-05-01,imbabura,Imbabura,Tomate Rinon De Invernadero,0.5575,10.1875,1,1,1,0.4492748333333333,1.0,0.5341684635258678,4.0,24.770370370370372,22.33888888888889,3,3.0,25.396207003438263,23.875,62,109.12959565290556,-0.015823540891545,0.0339939625374479,0.0426690275365659,354.44347710344067,93.05258864813786,96.05889242920492,3,2020,5,2,0.49999999999999994,-0.8660254037844387,0,0.4492748333333333,0,24.770370370370372,0,0.797777777777778,0.575555555555556,0.404285714285714,0.41125,0.577777777777778,0.5925396825396826,0.19729507453271775,0.4999041005291007,0.1613322717792823,0.393492063492064,0.386527777777778,0.6738314354838709,0.3701746911030595,24.741818181818186,24.787878787878785,110.8841759451997,0.0426777047601154,302.5898362114367,99.71696273600696,97.43120562605806
2020-05-01,tungurahua,Tungurahua,Tomate Rinon De Invernadero,0.5476923076923075,12.44923076923075,2,1,1,0.5341684635258678,0.0,0.5341684635258678,4.0,24.899999999999995,22.9,3,3.0,25.396207003438263,23.875,62,109.12959565290556,-0.015823540891545,0.0339939625374479,0.0426690275365659,354.44347710344067,93.05258864813786,96.05889242920492,4,2020,5,2,0.49999999999999994,-0.8660254037844387,1,0.5341684635258678,0,24.899999999999995,0,0.785,0.5433333333333334,0.4727272727272725,0.4322727272727275,0.597727272727273,0.6003535353535351,0.16375909632263397,0.5070106837606838,0.1460383819127723,0.31227272727272753,0.35272727272727256,0.6055970058580786,0.3701746911030595,24.833333333333332,25.25,110.8841759451997,0.0426777047601154,302.5898362114367,99.71696273600696,97.43120562605806
2020-06-01,azuay,Azuay,Tomate Rinon De Invernadero,0.87125,17.0625,2,2,2,0.6574535674470456,1.0,0.512595751497178,4.0,26.327777777777772,24.83333333333333,3,3.0,25.258683319882202,23.967058823529413,62,108.2984569522796,-0.0076160705595342,0.0325095048193095,0.0347279866526064,401.48191799130257,93.5649788373941,96.52886841498577,0,2020,6,2,1.2246467991473532e-16,-1.0,0,0.6574535674470456,0,26.327777777777772,0,0.7675,1.09,0.885,0.613333333333333,0.983333333333333,0.9141666666666667,0.1632163696855597,0.7951388888888888,0.17048433185312772,-0.11750000000000005,0.154166666666667,0.6631693124368048,0.665586301905227,26.5,26.5,109.12959565290556,-0.015823540891545,354.44347710344067,93.05258864813786,96.05889242920492
2020-06-01,chimborazo,Chimborazo,Tomate Rinon De Invernadero,0.678076923076923,14.3976923076923,2,1,1,0.4868535833333333,1.0,0.512595751497178,4.0,25.666666666666668,24.0,3,3.0,25.258683319882202,23.967058823529413,62,108.2984569522796,-0.0076160705595342,0.0325095048193095,0.0347279866526064,401.48191799130257,93.5649788373941,96.52886841498577,1,2020,6,2,1.2246467991473532e-16,-1.0,0,0.4868535833333333,0,25.666666666666668,0,0.658846153846154,0.8714285714285714,0.631,0.43400000000000005,0.630833333333333,0.7204249084249083,0.1315120973576154,0.5908091908091909,0.16613974481252847,0.027846153846153965,0.22484615384615392,0.5603409166666666,0.5144113333333333,25.333333333333332,25.833333333333332,109.12959565290556,-0.015823540891545,354.44347710344067,93.05258864813786,96.05889242920492
2020-06-01,cotopaxi,Cotopaxi,Tomate Rinon De Invernadero,0.63625,11.60375,2,2,2,0.4152034333333332,1.0,0.512595751497178,4.0,25.61111111111111,23.33333333333333,3,3.0,25.258683319882202,23.967058823529413,62,108.2984569522796,-0.0076160705595342,0.0325095048193095,0.0347279866526064,401.48191799130257,93.5649788373941,96.52886841498577,2,2020,6,2,1.2246467991473532e-16,-1.0,0,0.4152034333333332,0,25.61111111111111,0,0.6775,0.58325,0.44821428571428545,0.335,0.61,0.5696547619047617,0.11524585705363835,0.45640145502645496,0.14674513465641761,0.22928571428571454,0.34249999999999997,0.4638887916666666,0.3619251166666666,26.099999999999998,25.88888888888889,109.12959565290556,-0.015823540891545,354.44347710344067,93.05258864813786,96.05889242920492
2020-06-01,imbabura,Imbabura,Tomate Rinon De Invernadero,0.598888888888889,10.9633333333333,1,1,1,0.4908724218749999,1.0,0.512595751497178,4.0,24.324242424242424,22.431818181818183,3,3.0,25.258683319882202,23.967058823529413,62,108.2984569522796,-0.0076160705595342,0.0325095048193095,0.0347279866526064,401.48191799130257,93.5649788373941,96.52886841498577,3,2020,6,2,1.2246467991473532e-16,-1.0,0,0.4908724218749999,0,24.324242424242424,0,0.5575,0.797777777777778,0.575555555555556,0.425,0.61875,0.6436111111111112,0.13381711999941767,0.5242791005291007,0.1562263767310497,-0.018055555555556047,0.1325,0.4492748333333333,0.3661243928571429,24.770370370370372,24.75952380952381,109.12959565290556,-0.015823540891545,354.44347710344067,93.05258864813786,96.05889242920492
2020-06-01,tungurahua,Tungurahua,Tomate Rinon De Invernadero,0.6028365384615385,13.866778846153851,2,1,1,0.512595751497178,0.0,0.512595751497178,4.0,24.333333333333332,22.666666666666668,3,3.0,25.258683319882202,23.967058823529413,62,108.2984569522796,-0.0076160705595342,0.0325095048193095,0.0347279866526064,401.48191799130257,93.5649788373941,96.52886841498577,4,2020,6,2,1.2246467991473532e-16,-1.0,1,0.512595751497178,0,24.333333333333332,0,0.5476923076923075,0.785,0.5433333333333334,0.4145,0.6104166666666665,0.62534188034188,0.13828516386055567,0.5262472804972804,0.14176388638872997,0.004358974358974033,0.1331923076923075,0.5341684635258678,0.4770117861905925,24.899999999999995,24.75,109.12959565290556,-0.015823540891545,354.44347710344067,93.05258864813786,96.05889242920492
2020-07-01,azuay,Azuay,Tomate Rinon De Invernadero,0.7844444444444445,15.33333333333335,2,2,2,0.6500034510869565,1.0,0.508167572584541,3.0,26.093333333333334,24.05,3,3.0,25.08945356346163,23.822916666666664,62,106.69834489317346,-0.0147750217698042,0.0119987460511461,0.0194398581239885,390.7403310696489,93.11665820630758,95.74749920387195,0,2020,7,3,-0.4999999999999997,-0.8660254037844388,0,0.6500034510869565,0,26.093333333333334,0,0.87125,0.7675,1.09,0.68375,0.838888888888889,0.9095833333333334,0.16463184938927614,0.8381249999999999,0.14627190006969878,-0.2187500000000001,0.1875,0.6574535674470456,0.7573961796151105,26.327777777777772,25.368493057427134,108.2984569522796,-0.0076160705595342,401.48191799130257,93.5649788373941,96.52886841498577
2020-07-01,chimborazo,Chimborazo,Tomate Rinon De Invernadero,0.6642857142857146,14.1367857142857,2,1,1,0.5327831666666666,1.0,0.508167572584541,3.0,25.666666666666668,24.0,3,3.0,25.08945356346163,23.822916666666664,62,106.69834489317346,-0.0147750217698042,0.0119987460511461,0.0194398581239885,390.7403310696489,93.11665820630758,95.74749920387195,1,2020,7,3,-0.4999999999999997,-0.8660254037844388,0,0.5327831666666666,0,25.666666666666668,0,0.678076923076923,0.658846153846154,0.8714285714285714,0.4473076923076925,0.570714285714286,0.7361172161172159,0.11757690155148993,0.6314886779886781,0.14907024165920132,-0.19335164835164842,0.2307692307692305,0.4868535833333333,0.6246423333333333,25.666666666666668,25.333333333333332,108.2984569522796,-0.0076160705595342,401.48191799130257,93.5649788373941,96.52886841498577
2020-07-01,cotopaxi,Cotopaxi,Tomate Rinon De Invernadero,0.61,11.2,2,2,2,0.3417160999999999,1.0,0.508167572584541,3.0,25.900000000000002,23.8,3,3.0,25.08945356346163,23.822916666666664,62,106.69834489317346,-0.0147750217698042,0.0119987460511461,0.0194398581239885,390.7403310696489,93.11665820630758,95.74749920387195,2,2020,7,3,-0.4999999999999997,-0.8660254037844388,0,0.3417160999999999,0,25.900000000000002,0,0.63625,0.6775,0.58325,0.302222222222222,0.49625,0.6323333333333332,0.04724691347943956,0.5066097883597883,0.14842681574199806,0.052999999999999936,0.334027777777778,0.4152034333333332,0.366518075,25.61111111111111,26.416666666666668,108.2984569522796,-0.0076160705595342,401.48191799130257,93.5649788373941,96.52886841498577
2020-07-01,imbabura,Imbabura,Tomate Rinon De Invernadero,0.597777777777778,10.9077777777778,1,1,1,0.508167572584541,0.0,0.508167572584541,3.0,24.10909090909091,22.568181818181817,3,3.0,25.08945356346163,23.822916666666664,62,106.69834489317346,-0.0147750217698042,0.0119987460511461,0.0194398581239885,390.7403310696489,93.11665820630758,95.74749920387195,3,2020,7,3,-0.4999999999999997,-0.8660254037844388,1,0.508167572584541,0,24.10909090909091,0,0.598888888888889,0.5575,0.797777777777778,0.385555555555556,0.643333333333333,0.6513888888888889,0.12845442819715122,0.5532605820105821,0.1501360230168736,-0.198888888888889,0.21333333333333304,0.4908724218749999,0.6738314354838709,24.324242424242424,24.741818181818186,108.2984569522796,-0.0076160705595342,401.48191799130257,93.5649788373941,96.52886841498577
2020-07-01,tungurahua,Tungurahua,Tomate Rinon De Invernadero,0.6429945054945054,14.830824175824148,2,1,1,0.508167572584541,0.0,0.508167572584541,3.0,24.358333333333334,22.8,3,3.0,25.08945356346163,23.822916666666664,62,106.69834489317346,-0.0147750217698042,0.0119987460511461,0.0194398581239885,390.7403310696489,93.11665820630758,95.74749920387195,4,2020,7,3,-0.4999999999999997,-0.8660254037844388,1,0.508167572584541,0,24.358333333333334,0,0.6028365384615385,0.5476923076923075,0.785,0.394230769230769,0.5228571428571425,0.6451762820512817,0.12419027990360118,0.5576367035742035,0.1326285654529592,-0.18216346153846152,0.2086057692307695,0.512595751497178,0.6055970058580786,24.333333333333332,24.833333333333332,108.2984569522796,-0.0076160705595342,401.48191799130257,93.5649788373941,96.52886841498577
2020-08-01,azuay,Azuay,Tomate Rinon De Invernadero,0.647638888888889,12.68055555555555,2,2,2,0.5656512936124529,1.0,0.44146933675970645,3.0,25.930555555555557,23.275,3,3.0,24.944899133104354,23.546,63,105.72241358330724,-0.0091466396301022,0.0047713014119836,0.0101154091171657,432.9488518134864,89.62465281624871,91.2549764072918,0,2020,8,3,-0.8660254037844385,-0.5000000000000004,0,0.5656512936124529,0,25.930555555555557,0,0.7844444444444445,0.87125,0.7675,0.73125,0.748888888888889,0.8077314814814814,0.05565725644939168,0.8549074074074073,0.12987487053269667,0.01694444444444454,0.053194444444444544,0.6500034510869565,0.6631693124368048,26.093333333333334,26.5,106.69834489317346,-0.0147750217698042,390.7403310696489,93.11665820630758,95.74749920387195
2020-08-01,chimborazo,Chimborazo,Tomate Rinon De Invernadero,0.5033333333333334,10.826250000000016,2,1,1,0.4133662499999999,1.0,0.44146933675970645,3.0,25.666666666666668,24.0,3,3.0,24.944899133104354,23.546,63,105.72241358330724,-0.0091466396301022,0.0047713014119836,0.0101154091171657,432.9488518134864,89.62465281624871,91.2549764072918,1,2020,8,3,-0.8660254037844385,-0.5000000000000004,0,0.4133662499999999,0,25.666666666666668,0,0.6642857142857146,0.678076923076923,0.658846153846154,0.5022727272727275,0.5175,0.667069597069597,0.009913027984315207,0.6676516816516816,0.11867275832433545,0.00543956043956062,0.16201298701298705,0.5327831666666666,0.5603409166666666,25.666666666666668,25.333333333333332,106.69834489317346,-0.0147750217698042,390.7403310696489,93.11665820630758,95.74749920387195
2020-08-01,cotopaxi,Cotopaxi,Tomate Rinon De Invernadero,0.55,10.10375,2,2,2,0.3453904666666667,1.0,0.44146933675970645,3.0,24.129166666666666,22.125,3,3.0,24.944899133104354,23.546,63,105.72241358330724,-0.0091466396301022,0.0047713014119836,0.0101154091171657,432.9488518134864,89.62465281624871,91.2549764072918,2,2020,8,3,-0.8660254037844385,-0.5000000000000004,0,0.3453904666666667,0,24.129166666666666,0,0.61,0.63625,0.6775,0.392222222222222,0.516666666666667,0.6412499999999999,0.03402664397204498,0.5579060846560846,0.11249888599058278,-0.0675,0.21777777777777801,0.3417160999999999,0.4638887916666666,25.900000000000002,26.099999999999998,106.69834489317346,-0.0147750217698042,390.7403310696489,93.11665820630758,95.74749920387195
2020-08-01,imbabura,Imbabura,Tomate Rinon De Invernadero,0.52875,9.66625,1,1,1,0.44146933675970645,0.0,0.44146933675970645,3.0,24.068055555555556,22.52916666666667,3,3.0,24.944899133104354,23.546,63,105.72241358330724,-0.0091466396301022,0.0047713014119836,0.0101154091171657,432.9488518134864,89.62465281624871,91.2549764072918,3,2020,8,3,-0.8660254037844385,-0.5000000000000004,1,0.44146933675970645,0,24.068055555555556,0,0.597777777777778,0.598888888888889,0.5575,0.404285714285714,0.582222222222222,0.5847222222222221,0.02358168100481125,0.5886309523809525,0.12574144365044257,0.04027777777777797,0.19349206349206394,0.508167572584541,0.4492748333333333,24.10909090909091,24.770370370370372,106.69834489317346,-0.0147750217698042,390.7403310696489,93.11665820630758,95.74749920387195
2020-08-01,tungurahua,Tungurahua,Tomate Rinon De Invernadero,0.4841666666666665,11.2318181818182,2,1,1,0.44146933675970645,0.0,0.44146933675970645,3.0,24.333333333333332,22.5,3,3.0,24.944899133104354,23.546,63,105.72241358330724,-0.0091466396301022,0.0047713014119836,0.0101154091171657,432.9488518134864,89.62465281624871,91.2549764072918,4,2020,8,3,-0.8660254037844385,-0.5000000000000004,1,0.44146933675970645,0,24.333333333333332,0,0.6429945054945054,0.6028365384615385,0.5476923076923075,0.4727272727272725,0.5291666666666666,0.5978411172161169,0.047847078296873666,0.5990973262848263,0.10790944113213533,0.09530219780219795,0.17026723276723293,0.508167572584541,0.5341684635258678,24.358333333333334,24.899999999999995,106.69834489317346,-0.0147750217698042,390.7403310696489,93.11665820630758,95.74749920387195
2020-09-01,azuay,Azuay,Tomate Rinon De Invernadero,0.5504166666666666,10.68055555555555,2,2,2,0.4161720748486516,1.0,0.392492380863529,3.0,25.930555555555557,23.275,3,3.0,24.827630783133635,23.339479166666663,62,104.88511580823268,-0.0079197754449181,-0.0030341531545254,0.0021155219035062,389.1476099175865,86.87174832548851,87.77507209241139,0,2020,9,3,-1.0,-1.8369701987210297e-16,0,0.4161720748486516,0,25.930555555555557,0,0.647638888888889,0.7844444444444445,0.87125,0.885,0.6175,0.7677777777777778,0.1127333827507181,0.8409722222222222,0.14889013266478812,-0.22361111111111098,-0.23736111111111102,0.5656512936124529,0.6574535674470456,25.930555555555557,26.327777777777772,105.72241358330724,-0.0091466396301022,432.9488518134864,89.62465281624871,91.2549764072918
2020-09-01,chimborazo,Chimborazo,Tomate Rinon De Invernadero,0.5861538461538465,12.5896153846154,2,1,1,0.4195889677419355,1.0,0.392492380863529,3.0,25.166666666666668,24.0,3,3.0,24.827630783133635,23.339479166666663,62,104.88511580823268,-0.0079197754449181,-0.0030341531545254,0.0021155219035062,389.1476099175865,86.87174832548851,87.77507209241139,1,2020,9,3,-1.0,-1.8369701987210297e-16,0,0.4195889677419355,0,25.166666666666668,0,0.5033333333333334,0.6642857142857146,0.678076923076923,0.631,0.402923076923077,0.6152319902319902,0.09715210456687767,0.6678284493284493,0.1183775750750582,-0.1747435897435896,-0.1276666666666666,0.4133662499999999,0.4868535833333333,25.666666666666668,25.666666666666668,105.72241358330724,-0.0091466396301022,432.9488518134864,89.62465281624871,91.2549764072918
2020-09-01,cotopaxi,Cotopaxi,Tomate Rinon De Invernadero,0.61325,11.225249999999999,2,2,2,0.3417160999999999,1.0,0.392492380863529,3.0,24.854166666666668,22.6875,3,3.0,24.827630783133635,23.339479166666663,62,104.88511580823268,-0.0079197754449181,-0.0030341531545254,0.0021155219035062,389.1476099175865,86.87174832548851,87.77507209241139,2,2020,9,3,-1.0,-1.8369701987210297e-16,0,0.3417160999999999,0,24.854166666666668,0,0.55,0.61,0.63625,0.44821428571428545,0.4525,0.5987499999999999,0.04421184795957238,0.584202380952381,0.07967733611985438,-0.08624999999999994,0.10178571428571459,0.3453904666666667,0.4152034333333332,24.129166666666666,25.61111111111111,105.72241358330724,-0.0091466396301022,432.9488518134864,89.62465281624871,91.2549764072918
2020-09-01,imbabura,Imbabura,Tomate Rinon De Invernadero,0.51,9.355,1,1,1,0.392492380863529,0.0,0.392492380863529,3.0,21.915625,21.915625,2,2.0,24.827630783133635,23.339479166666663,62,104.88511580823268,-0.0079197754449181,-0.0030341531545254,0.0021155219035062,389.1476099175865,86.87174832548851,87.77507209241139,3,2020,9,3,-1.0,-1.8369701987210297e-16,1,0.392492380863529,0,21.915625,0,0.52875,0.597777777777778,0.598888888888889,0.575555555555556,0.513333333333333,0.5751388888888888,0.04017779736664157,0.6093750000000002,0.0959950226172369,-0.07013888888888897,-0.04680555555555599,0.44146933675970645,0.4908724218749999,24.068055555555556,24.324242424242424,105.72241358330724,-0.0091466396301022,432.9488518134864,89.62465281624871,91.2549764072918
2020-09-01,tungurahua,Tungurahua,Tomate Rinon De Invernadero,0.5524038461538461,12.78326923076925,2,1,1,0.392492380863529,0.0,0.392492380863529,3.0,24.2,21.9,3,3.0,24.827630783133635,23.339479166666663,62,104.88511580823268,-0.0079197754449181,-0.0030341531545254,0.0021155219035062,389.1476099175865,86.87174832548851,87.77507209241139,4,2020,9,3,-1.0,-1.8369701987210297e-16,1,0.392492380863529,0,24.2,0,0.4841666666666665,0.6429945054945054,0.6028365384615385,0.5433333333333334,0.4403846153846155,0.5766659035409032,0.08258478792000912,0.6010038919413919,0.10529966149590267,-0.11866987179487198,-0.05916666666666692,0.44146933675970645,0.512595751497178,24.333333333333332,24.333333333333332,105.72241358330724,-0.0091466396301022,432.9488518134864,89.62465281624871,91.2549764072918
2020-10-01,azuay,Azuay,Tomate Rinon De Invernadero,0.4272222222222225,8.333333333333336,2,2,2,0.3540378541374473,1.0,0.3124161822843618,4.0,25.11833333333333,23.025,3,3.0,24.94336865399454,23.512857142857143,63,104.52342143410544,-0.0034484814298012,-0.0166747620014227,-0.0013402548642935,344.49686235739364,84.4552601081578,87.06224856669488,0,2020,10,4,-0.8660254037844386,0.5000000000000001,0,0.3540378541374473,0,25.11833333333333,0,0.5504166666666666,0.647638888888889,0.7844444444444445,1.09,0.81625,0.6608333333333333,0.11757049041341006,0.7852083333333333,0.1869052036989689,-0.23402777777777795,-0.5395833333333335,0.4161720748486516,0.6500034510869565,25.930555555555557,26.093333333333334,104.88511580823268,-0.0079197754449181,389.1476099175865,86.87174832548851,87.77507209241139
2020-10-01,chimborazo,Chimborazo,Tomate Rinon De Invernadero,0.461923076923077,9.935384615384624,2,1,1,0.3398789166666666,1.0,0.3124161822843618,4.0,25.0,24.0,3,3.0,24.94336865399454,23.512857142857143,63,104.52342143410544,-0.0034484814298012,-0.0166747620014227,-0.0013402548642935,344.49686235739364,84.4552601081578,87.06224856669488,1,2020,10,4,-0.8660254037844386,0.5000000000000001,0,0.3398789166666666,0,25.0,0,0.5861538461538465,0.5033333333333334,0.6642857142857146,0.8714285714285714,0.39618181818181797,0.5845909645909647,0.08048757160360363,0.6603540903540904,0.1225116004912028,-0.07813186813186812,-0.28527472527472497,0.4195889677419355,0.5327831666666666,25.166666666666668,25.666666666666668,104.88511580823268,-0.0079197754449181,389.1476099175865,86.87174832548851,87.77507209241139
2020-10-01,cotopaxi,Cotopaxi,Tomate Rinon De Invernadero,0.44425,8.158999999999999,2,2,2,0.3417160999999999,1.0,0.3124161822843618,4.0,24.72,22.5,3,3.0,24.94336865399454,23.512857142857143,63,104.52342143410544,-0.0034484814298012,-0.0166747620014227,-0.0013402548642935,344.49686235739364,84.4552601081578,87.06224856669488,2,2020,10,4,-0.8660254037844386,0.5000000000000001,0,0.3417160999999999,0,24.72,0,0.61325,0.55,0.61,0.58325,0.516,0.5910833333333332,0.035616300107306,0.6117083333333334,0.04371253157466945,0.003249999999999975,0.029999999999999916,0.3417160999999999,0.3417160999999999,24.854166666666668,25.900000000000002,104.88511580823268,-0.0079197754449181,389.1476099175865,86.87174832548851,87.77507209241139
2020-10-01,imbabura,Imbabura,Tomate Rinon De Invernadero,0.33,6.01888888888889,1,1,1,0.2140318583333333,1.0,0.3124161822843618,4.0,23.907575757575756,22.45909090909091,3,3.0,24.94336865399454,23.512857142857143,63,104.52342143410544,-0.0034484814298012,-0.0166747620014227,-0.0013402548642935,344.49686235739364,84.4552601081578,87.06224856669488,3,2020,10,4,-0.8660254037844386,0.5000000000000001,0,0.2140318583333333,0,23.907575757575756,0,0.51,0.52875,0.597777777777778,0.797777777777778,0.463333333333333,0.5455092592592593,0.046226498310935456,0.5984490740740741,0.10401019420696732,-0.08777777777777795,-0.287777777777778,0.392492380863529,0.508167572584541,21.915625,24.10909090909091,104.88511580823268,-0.0079197754449181,389.1476099175865,86.87174832548851,87.77507209241139
2020-10-01,tungurahua,Tungurahua,Tomate Rinon De Invernadero,0.374230769230769,8.71038461538464,2,1,1,0.3124161822843618,0.0,0.3124161822843618,4.0,24.166666666666668,22.0,3,3.0,24.94336865399454,23.512857142857143,63,104.52342143410544,-0.0034484814298012,-0.0166747620014227,-0.0013402548642935,344.49686235739364,84.4552601081578,87.06224856669488,4,2020,10,4,-0.8660254037844386,0.5000000000000001,1,0.3124161822843618,0,24.166666666666668,0,0.5524038461538461,0.4841666666666665,0.6429945054945054,0.785,0.5125,0.5598550061050057,0.07967565773273794,0.602515644078144,0.1043670947272239,-0.09059065934065935,-0.23259615384615395,0.392492380863529,0.508167572584541,24.2,24.358333333333334,104.88511580823268,-0.0079197754449181,389.1476099175865,86.87174832548851,87.77507209241139
2020-11-01,azuay,Azuay,Tomate Rinon De Invernadero,0.45999999999999996,8.9375,2,2,2,0.3548602035152636,1.0,0.27915205787667907,4.0,25.251666666666665,23.275,3,3.0,24.75626568615562,23.15642857142857,62,104.86630769616858,0.003280473001731,-0.0026857423079422,0.0019358214675397,418.63400894933767,83.21833313161638,86.77619790402845,0,2020,11,4,-0.5000000000000004,0.8660254037844384,0,0.3548602035152636,0,25.251666666666665,0,0.4272222222222225,0.5504166666666666,0.647638888888889,0.7675,0.668888888888889,0.5417592592592594,0.11046306968111565,0.6747453703703704,0.16535505701878978,-0.22041666666666648,-0.34027777777777746,0.3540378541374473,0.5656512936124529,25.11833333333333,25.930555555555557,104.52342143410544,-0.0034484814298012,344.49686235739364,84.4552601081578,87.06224856669488
2020-11-01,chimborazo,Chimborazo,Tomate Rinon De Invernadero,0.4308333333333335,9.26375,2,1,1,0.3306929999999999,1.0,0.27915205787667907,4.0,25.0,24.0,3,3.0,24.75626568615562,23.15642857142857,62,104.86630769616858,0.003280473001731,-0.0026857423079422,0.0019358214675397,418.63400894933767,83.21833313161638,86.77619790402845,1,2020,11,4,-0.5000000000000004,0.8660254037844384,0,0.3306929999999999,0,25.0,0,0.461923076923077,0.5861538461538465,0.5033333333333334,0.658846153846154,0.443181818181818,0.5171367521367521,0.06325521151584806,0.5921031746031747,0.09156283831330976,-0.04141025641025642,-0.19692307692307698,0.3398789166666666,0.4133662499999999,25.0,25.666666666666668,104.52342143410544,-0.0034484814298012,344.49686235739364,84.4552601081578,87.06224856669488
2020-11-01,cotopaxi,Cotopaxi,Tomate Rinon De Invernadero,0.3420833333333335,6.318958333333335,2,2,2,0.2011715749999999,1.0,0.27915205787667907,4.0,24.816666666666666,22.875,3,3.0,24.75626568615562,23.15642857142857,62,104.86630769616858,0.003280473001731,-0.0026857423079422,0.0019358214675397,418.63400894933767,83.21833313161638,86.77619790402845,2,2020,11,4,-0.5000000000000004,0.8660254037844384,0,0.2011715749999999,0,24.816666666666666,0,0.44425,0.61325,0.55,0.6775,0.3625,0.5358333333333333,0.08538601075898639,0.5885416666666666,0.08193433600552608,-0.10575000000000007,-0.23325,0.3417160999999999,0.3453904666666667,24.72,24.129166666666666,104.52342143410544,-0.0034484814298012,344.49686235739364,84.4552601081578,87.06224856669488
2020-11-01,imbabura,Imbabura,Tomate Rinon De Invernadero,0.31125,5.6875,1,1,1,0.27915205787667907,0.0,0.27915205787667907,4.0,21.753125,21.753125,2,2.0,24.75626568615562,23.15642857142857,62,104.86630769616858,0.003280473001731,-0.0026857423079422,0.0019358214675397,418.63400894933767,83.21833313161638,86.77619790402845,3,2020,11,4,-0.5000000000000004,0.8660254037844384,1,0.27915205787667907,0,21.753125,0,0.33,0.51,0.52875,0.5575,0.41125,0.4562499999999999,0.10973690126844514,0.5204861111111111,0.09995422370475132,-0.19875000000000004,-0.22749999999999998,0.2140318583333333,0.44146933675970645,23.907575757575756,24.068055555555556,104.52342143410544,-0.0034484814298012,344.49686235739364,84.4552601081578,87.06224856669488
2020-11-01,tungurahua,Tungurahua,Tomate Rinon De Invernadero,0.3341666666666665,7.791666666666665,2,1,1,0.229883452991453,1.0,0.27915205787667907,4.0,24.083333333333332,22.0,3,3.0,24.75626568615562,23.15642857142857,62,104.86630769616858,0.003280473001731,-0.0026857423079422,0.0019358214675397,418.63400894933767,83.21833313161638,86.77619790402845,4,2020,11,4,-0.5000000000000004,0.8660254037844384,0,0.229883452991453,0,24.083333333333332,0,0.374230769230769,0.5524038461538461,0.4841666666666665,0.5476923076923075,0.4322727272727275,0.4702670940170936,0.08989610628353531,0.5340541056166056,0.09503052430219322,-0.10993589743589754,-0.1734615384615385,0.3124161822843618,0.44146933675970645,24.166666666666668,24.333333333333332,104.52342143410544,-0.0034484814298012,344.49686235739364,84.4552601081578,87.06224856669488
2020-12-01,azuay,Azuay,Tomate Rinon De Invernadero,0.5110416666666665,9.895833333333336,2,2,2,0.3951151617795753,1.0,0.3441615488500662,4.0,24.822222222222223,22.925,3,3.0,24.61393637572438,23.320588235294117,60,104.602644241769,-0.0025142818526948,-0.000583327585941,-0.000583327585941,387.45139280747645,82.0385697892736,87.03225511626644,0,2020,12,4,-2.4492935982947064e-16,1.0,0,0.3951151617795753,0,24.822222222222223,0,0.45999999999999996,0.4272222222222225,0.5504166666666666,0.87125,0.613333333333333,0.47921296296296295,0.0638049468682218,0.6234953703703704,0.17802485904289547,-0.09041666666666659,-0.41125,0.3548602035152636,0.4161720748486516,25.251666666666665,25.930555555555557,104.86630769616858,0.003280473001731,418.63400894933767,83.21833313161638,86.77619790402845
2020-12-01,chimborazo,Chimborazo,Tomate Rinon De Invernadero,0.4945833333333335,10.610833333333314,2,1,1,0.4317380833333333,1.0,0.3441615488500662,4.0,25.333333333333332,24.0,3,3.0,24.61393637572438,23.320588235294117,60,104.602644241769,-0.0025142818526948,-0.000583327585941,-0.000583327585941,387.45139280747645,82.0385697892736,87.03225511626644,1,2020,12,4,-2.4492935982947064e-16,1.0,0,0.4317380833333333,0,25.333333333333332,0,0.4308333333333335,0.461923076923077,0.5861538461538465,0.678076923076923,0.43400000000000005,0.49297008547008553,0.08218304557812349,0.554101037851038,0.10469682787797249,-0.15532051282051296,-0.2472435897435895,0.3306929999999999,0.4195889677419355,25.0,25.166666666666668,104.86630769616858,0.003280473001731,418.63400894933767,83.21833313161638,86.77619790402845
2020-12-01,cotopaxi,Cotopaxi,Tomate Rinon De Invernadero,0.41900000000000004,7.6996666666666655,2,2,2,0.2507755249999999,1.0,0.3441615488500662,4.0,24.983333333333334,23.25,3,3.0,24.61393637572438,23.320588235294117,60,104.602644241769,-0.0025142818526948,-0.000583327585941,-0.000583327585941,387.45139280747645,82.0385697892736,87.03225511626644,2,2020,12,4,-2.4492935982947064e-16,1.0,0,0.2507755249999999,0,24.983333333333334,0,0.3420833333333335,0.44425,0.61325,0.63625,0.335,0.4665277777777777,0.13694913221636437,0.5326388888888889,0.11631300761626123,-0.27116666666666644,-0.29416666666666647,0.2011715749999999,0.3417160999999999,24.816666666666666,24.854166666666668,104.86630769616858,0.003280473001731,418.63400894933767,83.21833313161638,86.77619790402845
2020-12-01,imbabura,Imbabura,Tomate Rinon De Invernadero,0.383333333333333,7.03777777777778,1,1,1,0.3441615488500662,0.0,0.3441615488500662,4.0,21.7775,21.7775,2,2.0,24.61393637572438,23.320588235294117,60,104.602644241769,-0.0025142818526948,-0.000583327585941,-0.000583327585941,387.45139280747645,82.0385697892736,87.03225511626644,3,2020,12,4,-2.4492935982947064e-16,1.0,1,0.3441615488500662,0,21.7775,0,0.31125,0.33,0.51,0.598888888888889,0.425,0.38374999999999987,0.10973690126844546,0.4794444444444445,0.12826335874882785,-0.19874999999999998,-0.287638888888889,0.27915205787667907,0.392492380863529,21.753125,21.915625,104.86630769616858,0.003280473001731,418.63400894933767,83.21833313161638,86.77619790402845
2020-12-01,tungurahua,Tungurahua,Tomate Rinon De Invernadero,0.42125,9.777499999999986,2,1,1,0.2990174252873563,1.0,0.3441615488500662,4.0,23.766666666666666,21.7,3,3.0,24.61393637572438,23.320588235294117,60,104.602644241769,-0.0025142818526948,-0.000583327585941,-0.000583327585941,387.45139280747645,82.0385697892736,87.03225511626644,4,2020,12,4,-2.4492935982947064e-16,1.0,0,0.2990174252873563,0,23.766666666666666,0,0.3341666666666665,0.374230769230769,0.5524038461538461,0.6028365384615385,0.4145,0.4202670940170936,0.11617389563712227,0.4984664987789987,0.12435764864075527,-0.21823717948717958,-0.268669871794872,0.229883452991453,0.392492380863529,24.083333333333332,24.2,104.86630769616858,0.003280473001731,418.63400894933767,83.21833313161638,86.77619790402845
2021-01-01,azuay,Azuay,Tomate Rinon De Invernadero,0.6725,13.0625,2,2,2,0.5484924154589371,1.0,0.3769099119433786,6.0,24.847222222222225,22.925,3,3.0,24.213853298847056,22.5625,59,104.96914259188055,0.0035037197459797,-0.007403603409643,0.0035037197459797,370.4872979667096,83.82314185005556,88.2617465529793,0,2021,1,1,0.49999999999999994,0.8660254037844387,0,0.5484924154589371,0,24.847222222222225,0,0.5110416666666665,0.45999999999999996,0.4272222222222225,0.7844444444444445,0.68375,0.466087962962963,0.042240055474907945,0.5634606481481482,0.13274240010349614,0.083819444444444,-0.273402777777778,0.3951151617795753,0.3540378541374473,24.822222222222223,25.11833333333333,104.602644241769,-0.0025142818526948,387.45139280747645,82.0385697892736,87.03225511626644
2021-01-01,chimborazo,Chimborazo,Tomate Rinon De Invernadero,0.47875,10.277500000000014,2,1,1,0.4473541416666666,2.0,0.3769099119433786,6.0,22.1875,22.1875,2,2.0,24.213853298847056,22.5625,59,104.96914259188055,0.0035037197459797,-0.007403603409643,0.0035037197459797,370.4872979667096,83.82314185005556,88.2617465529793,1,2021,1,1,0.49999999999999994,0.8660254037844387,0,0.4473541416666666,0,22.1875,0,0.4945833333333335,0.4308333333333335,0.461923076923077,0.6642857142857146,0.4473076923076925,0.46244658119658116,0.03187822403371878,0.523518772893773,0.08644977303910739,0.032660256410256494,-0.1697023809523811,0.4317380833333333,0.3398789166666666,25.333333333333332,25.0,104.602644241769,-0.0025142818526948,387.45139280747645,82.0385697892736,87.03225511626644
2021-01-01,cotopaxi,Cotopaxi,Tomate Rinon De Invernadero,0.375,6.926875,2,2,2,0.1956600249999999,1.0,0.3769099119433786,6.0,24.645833333333332,22.5625,3,3.0,24.213853298847056,22.5625,59,104.96914259188055,0.0035037197459797,-0.007403603409643,0.0035037197459797,370.4872979667096,83.82314185005556,88.2617465529793,2,2021,1,1,0.49999999999999994,0.8660254037844387,0,0.1956600249999999,0,24.645833333333332,0,0.41900000000000004,0.3420833333333335,0.44425,0.61,0.302222222222222,0.40177777777777773,0.05321616904803141,0.49643055555555554,0.11131563502873941,-0.02524999999999994,-0.19099999999999995,0.2507755249999999,0.3417160999999999,24.983333333333334,24.72,104.602644241769,-0.0025142818526948,387.45139280747645,82.0385697892736,87.03225511626644
2021-01-01,imbabura,Imbabura,Tomate Rinon De Invernadero,0.42375,7.75,1,1,1,0.3235813225806451,1.0,0.3769099119433786,6.0,21.204545454545453,21.204545454545453,2,2.0,24.213853298847056,22.5625,59,104.96914259188055,0.0035037197459797,-0.007403603409643,0.0035037197459797,370.4872979667096,83.82314185005556,88.2617465529793,3,2021,1,1,0.49999999999999994,0.8660254037844387,0,0.3235813225806451,0,21.204545454545453,0,0.383333333333333,0.31125,0.33,0.597777777777778,0.385555555555556,0.3415277777777776,0.03739878315509826,0.4435185185185185,0.11788450571318687,0.05333333333333301,-0.21444444444444494,0.3441615488500662,0.2140318583333333,21.7775,23.907575757575756,104.602644241769,-0.0025142818526948,387.45139280747645,82.0385697892736,87.03225511626644
2021-01-01,tungurahua,Tungurahua,Tomate Rinon De Invernadero,0.4166666666666665,9.660416666666665,2,1,1,0.2990174252873563,1.0,0.3769099119433786,6.0,23.958333333333332,21.875,3,3.0,24.213853298847056,22.5625,59,104.96914259188055,0.0035037197459797,-0.007403603409643,0.0035037197459797,370.4872979667096,83.82314185005556,88.2617465529793,4,2021,1,1,0.49999999999999994,0.8660254037844387,0,0.2990174252873563,0,23.958333333333332,0,0.42125,0.3341666666666665,0.374230769230769,0.6429945054945054,0.394230769230769,0.3765491452991449,0.0435879328118257,0.46820207570207556,0.11567004327185632,0.047019230769231035,-0.22174450549450542,0.2990174252873563,0.3124161822843618,23.766666666666666,24.166666666666668,104.602644241769,-0.0025142818526948,387.45139280747645,82.0385697892736,87.03225511626644
2021-02-01,azuay,Azuay,Tomate Rinon De Invernadero,0.6067857142857145,11.89285714285715,2,2,2,0.5200537465309898,1.0,0.32300300263953124,5.0,24.847222222222225,22.925,3,3.0,24.761153310846474,23.52285714285714,61,105.33495840584128,0.0034849843004149,0.0009859404024923,0.0070009144547023,371.13726571030753,86.55235063984662,89.84503511298021,0,2021,2,1,0.8660254037844386,0.5000000000000001,0,0.5200537465309898,0,24.847222222222225,0,0.6725,0.5110416666666665,0.45999999999999996,0.647638888888889,0.73125,0.5478472222222222,0.11092812623413122,0.5448032407407407,0.09906550645500817,0.21250000000000002,0.024861111111111,0.5484924154589371,0.3548602035152636,24.847222222222225,25.251666666666665,104.96914259188055,0.0035037197459797,370.4872979667096,83.82314185005556,88.2617465529793
2021-02-01,chimborazo,Chimborazo,Tomate Rinon De Invernadero,0.349090909090909,7.50045454545455,2,1,1,0.32426285833333335,2.0,0.32300300263953124,5.0,24.833333333333332,23.5,3,3.0,24.761153310846474,23.52285714285714,61,105.33495840584128,0.0034849843004149,0.0009859404024923,0.0070009144547023,371.13726571030753,86.55235063984662,89.84503511298021,1,2021,2,1,0.8660254037844386,0.5000000000000001,0,0.32426285833333335,0,24.833333333333332,0,0.47875,0.4945833333333335,0.4308333333333335,0.5033333333333334,0.5022727272727275,0.4680555555555555,0.03319328217399042,0.492596153846154,0.052572763514110304,0.047916666666666496,-0.0245833333333334,0.4473541416666666,0.3306929999999999,22.1875,25.0,104.96914259188055,0.0035037197459797,370.4872979667096,83.82314185005556,88.2617465529793
2021-02-01,cotopaxi,Cotopaxi,Tomate Rinon De Invernadero,0.365625,6.709375,2,2,2,0.1956600249999999,1.0,0.32300300263953124,5.0,24.041666666666668,22.125,3,3.0,24.761153310846474,23.52285714285714,61,105.33495840584128,0.0034849843004149,0.0009859404024923,0.0070009144547023,371.13726571030753,86.55235063984662,89.84503511298021,2,2021,2,1,0.8660254037844386,0.5000000000000001,0,0.1956600249999999,0,24.041666666666668,0,0.375,0.41900000000000004,0.3420833333333335,0.55,0.392222222222222,0.3786944444444444,0.038591191904282084,0.4572638888888889,0.1044978922789372,0.03291666666666648,-0.17500000000000004,0.1956600249999999,0.2011715749999999,24.645833333333332,24.816666666666666,104.96914259188055,0.0035037197459797,370.4872979667096,83.82314185005556,88.2617465529793
2021-02-01,imbabura,Imbabura,Tomate Rinon De Invernadero,0.358571428571429,6.59571428571429,1,1,1,0.2507755249999999,1.0,0.32300300263953124,5.0,23.61111111111111,21.625,3,3.0,24.761153310846474,23.52285714285714,61,105.33495840584128,0.0034849843004149,0.0009859404024923,0.0070009144547023,371.13726571030753,86.55235063984662,89.84503511298021,3,2021,2,1,0.8660254037844386,0.5000000000000001,0,0.2507755249999999,0,23.61111111111111,0,0.42375,0.383333333333333,0.31125,0.52875,0.404285714285714,0.3727777777777775,0.05698795762979554,0.41451388888888885,0.09058813106991592,0.11249999999999999,-0.10500000000000004,0.3235813225806451,0.27915205787667907,21.204545454545453,21.753125,104.96914259188055,0.0035037197459797,370.4872979667096,83.82314185005556,88.2617465529793
2021-02-01,tungurahua,Tungurahua,Tomate Rinon De Invernadero,0.34818181818181804,8.098636363636366,2,1,1,0.32300300263953124,0.0,0.32300300263953124,5.0,23.958333333333332,21.875,3,3.0,24.761153310846474,23.52285714285714,61,105.33495840584128,0.0034849843004149,0.0009859404024923,0.0070009144547023,371.13726571030753,86.55235063984662,89.84503511298021,4,2021,2,1,0.8660254037844386,0.5000000000000001,1,0.32300300263953124,0,23.958333333333332,0,0.4166666666666665,0.42125,0.3341666666666665,0.4841666666666665,0.4727272727272725,0.39069444444444407,0.04900810118217937,0.43048076923076906,0.07805628437590038,0.08250000000000002,-0.0675,0.2990174252873563,0.229883452991453,23.958333333333332,24.083333333333332,104.96914259188055,0.0035037197459797,370.4872979667096,83.82314185005556,88.2617465529793
2021-03-01,azuay,Azuay,Tomate Rinon De Invernadero,0.7618055555555555,14.8888888888889,2,2,2,0.5606288473205258,1.0,0.49221275565458134,5.0,25.638388888888887,24.336,3,3.0,24.9373288926599,23.21875,61,105.9182053031571,0.00553706866308,-0.0040188308529559,0.0125767476618223,287.27542389197697,90.15702171365892,92.12291706969788,0,2021,3,1,1.0,6.123233995736766e-17,0,0.5606288473205258,0,25.638388888888887,0,0.6067857142857145,0.6725,0.5110416666666665,0.5504166666666666,0.885,0.5967757936507937,0.08119327086669773,0.5379943783068784,0.09171517398640246,0.09574404761904798,0.05636904761904793,0.5200537465309898,0.3951151617795753,24.847222222222225,24.822222222222223,105.33495840584128,0.0034849843004149,371.13726571030753,86.55235063984662,89.84503511298021
2021-03-01,chimborazo,Chimborazo,Tomate Rinon De Invernadero,0.5721428571428575,12.10749999999998,2,1,1,0.6081076833333333,2.0,0.49221275565458134,5.0,25.150000000000002,22.475,3,3.0,24.9373288926599,23.21875,61,105.9182053031571,0.00553706866308,-0.0040188308529559,0.0125767476618223,287.27542389197697,90.15702171365892,92.12291706969788,1,2021,3,1,1.0,6.123233995736766e-17,0,0.6081076833333333,0,25.150000000000002,0,0.349090909090909,0.47875,0.4945833333333335,0.5861538461538465,0.631,0.4408080808080807,0.07982294971973743,0.4668890831390832,0.0778881565585497,-0.14549242424242448,-0.23706293706293746,0.32426285833333335,0.4317380833333333,24.833333333333332,25.333333333333332,105.33495840584128,0.0034849843004149,371.13726571030753,86.55235063984662,89.84503511298021
2021-03-01,cotopaxi,Cotopaxi,Tomate Rinon De Invernadero,0.478125,8.75,2,2,2,0.2866006,1.0,0.49221275565458134,5.0,25.020833333333332,22.9375,3,3.0,24.9373288926599,23.21875,61,105.9182053031571,0.00553706866308,-0.0040188308529559,0.0125767476618223,287.27542389197697,90.15702171365892,92.12291706969788,2,2021,3,1,1.0,6.123233995736766e-17,0,0.2866006,0,25.020833333333332,0,0.365625,0.375,0.41900000000000004,0.61325,0.44821428571428545,0.3865416666666665,0.028497898314329546,0.4265347222222223,0.09872290210717342,-0.05337500000000006,-0.24762499999999998,0.1956600249999999,0.2507755249999999,24.041666666666668,24.983333333333334,105.33495840584128,0.0034849843004149,371.13726571030753,86.55235063984662,89.84503511298021
2021-03-01,imbabura,Imbabura,Tomate Rinon De Invernadero,0.507777777777778,9.29555555555556,1,1,1,0.3976189642857142,1.0,0.49221275565458134,5.0,23.00909090909091,21.545454545454547,3,3.0,24.9373288926599,23.21875,61,105.9182053031571,0.00553706866308,-0.0040188308529559,0.0125767476618223,287.27542389197697,90.15702171365892,92.12291706969788,3,2021,3,1,1.0,6.123233995736766e-17,0,0.3976189642857142,0,23.00909090909091,0,0.358571428571429,0.42375,0.383333333333333,0.51,0.575555555555556,0.3885515873015872,0.0329011272485576,0.3861507936507937,0.07250369122930221,-0.02476190476190404,-0.15142857142857102,0.2507755249999999,0.3441615488500662,23.61111111111111,21.7775,105.33495840584128,0.0034849843004149,371.13726571030753,86.55235063984662,89.84503511298021
2021-03-01,tungurahua,Tungurahua,Tomate Rinon De Invernadero,0.535357142857143,12.381785714285705,2,1,1,0.49221275565458134,0.0,0.49221275565458134,5.0,24.541666666666668,21.875,3,3.0,24.9373288926599,23.21875,61,105.9182053031571,0.00553706866308,-0.0040188308529559,0.0125767476618223,287.27542389197697,90.15702171365892,92.12291706969788,4,2021,3,1,1.0,6.123233995736766e-17,1,0.49221275565458134,0,24.541666666666668,0,0.34818181818181804,0.4166666666666665,0.42125,0.5524038461538461,0.5433333333333334,0.3953661616161613,0.04092705016379623,0.4078166278166277,0.07908587683888399,-0.07306818181818198,-0.20422202797202804,0.32300300263953124,0.2990174252873563,23.958333333333332,23.766666666666666,105.33495840584128,0.0034849843004149,371.13726571030753,86.55235063984662,89.84503511298021
2021-04-01,azuay,Azuay,Tomate Rinon De Invernadero,0.62375,12.1875,2,2,2,0.4470953603335318,1.0,0.43921877873337295,5.0,25.311111111111114,22.83333333333333,3,3.0,25.84127957519734,23.75,61,106.05573576294096,0.0012984591212645,-0.0435448984591364,0.0138915371758043,237.241878958171,89.75438478349835,86.32613642173338,0,2021,4,2,0.8660254037844387,-0.4999999999999998,0,0.4470953603335318,0,25.311111111111114,0,0.7618055555555555,0.6067857142857145,0.6725,0.4272222222222225,1.09,0.6803637566137567,0.07780852651150921,0.5732258597883598,0.13003688075761088,0.08930555555555553,0.334583333333333,0.5606288473205258,0.5484924154589371,25.638388888888887,24.847222222222225,105.9182053031571,0.00553706866308,287.27542389197697,90.15702171365892,92.12291706969788
2021-04-01,chimborazo,Chimborazo,Tomate Rinon De Invernadero,0.505909090909091,10.523181818181811,2,1,1,0.5291087999999999,2.0,0.43921877873337295,5.0,26.702777777777772,24.58333333333333,3,3.0,25.84127957519734,23.75,61,106.05573576294096,0.0012984591212645,-0.0435448984591364,0.0138915371758043,237.241878958171,89.75438478349835,86.32613642173338,1,2021,4,2,0.8660254037844387,-0.4999999999999998,0,0.5291087999999999,0,26.702777777777772,0,0.5721428571428575,0.349090909090909,0.47875,0.461923076923077,0.8714285714285714,0.4666612554112553,0.11201627645901234,0.4645539183039184,0.07369447731909273,0.0933928571428575,0.11021978021978052,0.6081076833333333,0.4473541416666666,25.150000000000002,22.1875,105.9182053031571,0.00553706866308,287.27542389197697,90.15702171365892,92.12291706969788
2021-04-01,cotopaxi,Cotopaxi,Tomate Rinon De Invernadero,0.4235714285714285,7.772857142857145,2,2,2,0.2222991833333333,1.0,0.43921877873337295,5.0,24.78333333333333,22.65,3,3.0,25.84127957519734,23.75,61,106.05573576294096,0.0012984591212645,-0.0435448984591364,0.0138915371758043,237.241878958171,89.75438478349835,86.32613642173338,2,2021,4,2,0.8660254037844387,-0.4999999999999998,0,0.2222991833333333,0,24.78333333333333,0,0.478125,0.365625,0.375,0.44425,0.58325,0.40624999999999983,0.06242182611074846,0.4040138888888889,0.05193629020964342,0.10312500000000002,0.033875000000000044,0.2866006,0.1956600249999999,25.020833333333332,24.645833333333332,105.9182053031571,0.00553706866308,287.27542389197697,90.15702171365892,92.12291706969788
2021-04-01,imbabura,Imbabura,Tomate Rinon De Invernadero,0.497777777777778,9.11111111111111,1,1,1,0.4684817499999999,1.0,0.43921877873337295,5.0,24.378787878787875,21.818181818181817,3,3.0,25.84127957519734,23.75,61,106.05573576294096,0.0012984591212645,-0.0435448984591364,0.0138915371758043,237.241878958171,89.75438478349835,86.32613642173338,3,2021,4,2,0.8660254037844387,-0.4999999999999998,0,0.4684817499999999,0,24.378787878787875,0,0.507777777777778,0.358571428571429,0.42375,0.33,0.797777777777778,0.4300330687830689,0.07480134608328803,0.38578042328042333,0.07174622013541881,0.08402777777777798,0.17777777777777798,0.3976189642857142,0.3235813225806451,23.00909090909091,21.204545454545453,105.9182053031571,0.00553706866308,287.27542389197697,90.15702171365892,92.12291706969788
2021-04-01,tungurahua,Tungurahua,Tomate Rinon De Invernadero,0.4829166666666665,11.18,2,1,1,0.43921877873337295,0.0,0.43921877873337295,5.0,25.241666666666664,22.3,3,3.0,25.84127957519734,23.75,61,106.05573576294096,0.0012984591212645,-0.0435448984591364,0.0138915371758043,237.241878958171,89.75438478349835,86.32613642173338,4,2021,4,2,0.8660254037844387,-0.4999999999999998,1,0.43921877873337295,0,25.241666666666664,0,0.535357142857143,0.34818181818181804,0.4166666666666665,0.374230769230769,0.785,0.43340187590187557,0.09470322572615508,0.40497551060051046,0.07291853970694523,0.11869047619047646,0.161126373626374,0.49221275565458134,0.2990174252873563,24.541666666666668,23.958333333333332,105.9182053031571,0.00553706866308,287.27542389197697,90.15702171365892,92.12291706969788
2021-05-01,azuay,Azuay,Tomate Rinon De Invernadero,0.8775,17.125,2,2,2,0.6915979086406164,1.0,0.5420406192281233,5.0,25.394444444444446,22.92,3,3.0,26.374303465402594,24.775,68,105.6528980999749,-0.0037983580998059,-0.0318584297149651,0.0100404140432479,340.2938001843754,88.43143185191153,87.0871117251322,0,2021,5,2,0.49999999999999994,-0.8660254037844387,0,0.6915979086406164,0,25.394444444444446,0,0.62375,0.7618055555555555,0.6067857142857145,0.45999999999999996,0.7675,0.6641137566137566,0.08502771567443701,0.6059804894179893,0.10894621037409402,0.016964285714285543,0.16375000000000006,0.4470953603335318,0.5200537465309898,25.311111111111114,24.847222222222225,106.05573576294096,0.0012984591212645,237.241878958171,89.75438478349835,86.32613642173338
2021-05-01,chimborazo,Chimborazo,Tomate Rinon De Invernadero,0.66875,13.8891666666667,2,1,1,0.63727296875,2.0,0.5420406192281233,5.0,27.037777777777777,25.08333333333333,3,3.0,26.374303465402594,24.775,68,105.6528980999749,-0.0037983580998059,-0.0318584297149651,0.0100404140432479,340.2938001843754,88.43143185191153,87.0871117251322,1,2021,5,2,0.49999999999999994,-0.8660254037844387,0,0.63727296875,0,27.037777777777777,0,0.505909090909091,0.5721428571428575,0.349090909090909,0.4308333333333335,0.658846153846154,0.4757142857142857,0.11455058960130722,0.47188492063492077,0.07554501616975252,0.15681818181818197,0.07507575757575746,0.5291087999999999,0.32426285833333335,26.702777777777772,24.833333333333332,106.05573576294096,0.0012984591212645,237.241878958171,89.75438478349835,86.32613642173338
2021-05-01,cotopaxi,Cotopaxi,Tomate Rinon De Invernadero,0.5725,10.51333333333335,2,2,2,0.2755775,1.0,0.5420406192281233,5.0,25.395833333333332,22.875,3,3.0,26.374303465402594,24.775,68,105.6528980999749,-0.0037983580998059,-0.0318584297149651,0.0100404140432479,340.2938001843754,88.43143185191153,87.0871117251322,2,2021,5,2,0.49999999999999994,-0.8660254037844387,0,0.2755775,0,25.395833333333332,0,0.4235714285714285,0.478125,0.365625,0.3420833333333335,0.6775,0.42244047619047603,0.05625852637571029,0.4005674603174603,0.049354182609789354,0.05794642857142851,0.08148809523809497,0.2222991833333333,0.1956600249999999,24.78333333333333,24.041666666666668,106.05573576294096,0.0012984591212645,237.241878958171,89.75438478349835,86.32613642173338
2021-05-01,imbabura,Imbabura,Tomate Rinon De Invernadero,0.57625,10.5425,1,1,1,0.4684817499999999,1.0,0.5420406192281233,5.0,23.874074074074077,21.30555555555556,3,3.0,26.374303465402594,24.775,68,105.6528980999749,-0.0037983580998059,-0.0318584297149651,0.0100404140432479,340.2938001843754,88.43143185191153,87.0871117251322,3,2021,5,2,0.49999999999999994,-0.8660254037844387,0,0.4684817499999999,0,23.874074074074077,0,0.497777777777778,0.507777777777778,0.358571428571429,0.31125,0.5575,0.45470899470899484,0.08340757589776628,0.41374338624338636,0.07807430886745631,0.139206349206349,0.18652777777777796,0.4684817499999999,0.2507755249999999,24.378787878787875,23.61111111111111,106.05573576294096,0.0012984591212645,237.241878958171,89.75438478349835,86.32613642173338
2021-05-01,tungurahua,Tungurahua,Tomate Rinon De Invernadero,0.6045833333333335,13.9995833333333,2,1,1,0.5420406192281233,0.0,0.5420406192281233,5.0,26.25,23.75,3,3.0,26.374303465402594,24.775,68,105.6528980999749,-0.0037983580998059,-0.0318584297149651,0.0100404140432479,340.2938001843754,88.43143185191153,87.0871117251322,4,2021,5,2,0.49999999999999994,-0.8660254037844387,1,0.5420406192281233,0,26.25,0,0.4829166666666665,0.535357142857143,0.34818181818181804,0.3341666666666665,0.5476923076923075,0.45548520923520885,0.09655575686845251,0.4230898268398267,0.07713155143661485,0.13473484848484846,0.14875,0.43921877873337295,0.32300300263953124,25.241666666666664,23.958333333333332,106.05573576294096,0.0012984591212645,237.241878958171,89.75438478349835,86.32613642173338
2021-06-01,azuay,Azuay,Tomate Rinon De Invernadero,0.847777777777778,16.69444444444445,2,2,2,0.6353687453416149,1.0,0.5665804933540373,5.0,25.394444444444446,22.92,3,3.0,27.350031166180994,25.76956043956044,68,104.54157517471404,-0.0105186222550114,-0.0346900766944534,-0.0005838195343683,236.78632196497148,90.00517401347898,89.92839182028855,0,2021,6,2,1.2246467991473532e-16,-1.0,0,0.6353687453416149,0,25.394444444444446,0,0.8775,0.62375,0.7618055555555555,0.5110416666666665,0.87125,0.7543518518518518,0.1270391038191668,0.6755638227513229,0.12861406100710285,0.11569444444444443,0.36645833333333344,0.6915979086406164,0.5606288473205258,25.394444444444446,25.638388888888887,105.6528980999749,-0.0037983580998059,340.2938001843754,88.43143185191153,87.0871117251322
2021-06-01,chimborazo,Chimborazo,Tomate Rinon De Invernadero,0.7153846153846155,14.846923076923101,2,1,1,0.6613859999999999,2.0,0.5665804933540373,5.0,27.328000000000003,24.7,3,3.0,27.350031166180994,25.76956043956044,68,104.54157517471404,-0.0105186222550114,-0.0346900766944534,-0.0005838195343683,236.78632196497148,90.00517401347898,89.92839182028855,1,2021,6,2,1.2246467991473532e-16,-1.0,0,0.6613859999999999,0,27.328000000000003,0,0.66875,0.505909090909091,0.5721428571428575,0.4945833333333335,0.678076923076923,0.582267316017316,0.08189120171919756,0.5115376984126985,0.10599228017258325,0.09660714285714245,0.17416666666666647,0.63727296875,0.6081076833333333,27.037777777777777,25.150000000000002,105.6528980999749,-0.0037983580998059,340.2938001843754,88.43143185191153,87.0871117251322
2021-06-01,cotopaxi,Cotopaxi,Tomate Rinon De Invernadero,0.580625,10.6675,2,2,2,0.29211215,1.0,0.5665804933540373,5.0,25.0625,22.5625,3,3.0,27.350031166180994,25.76956043956044,68,104.54157517471404,-0.0105186222550114,-0.0346900766944534,-0.0005838195343683,236.78632196497148,90.00517401347898,89.92839182028855,2,2021,6,2,1.2246467991473532e-16,-1.0,0,0.29211215,0,25.0625,0,0.5725,0.4235714285714285,0.478125,0.41900000000000004,0.63625,0.4913988095238094,0.0753463692648491,0.43897023809523805,0.07677361754105212,0.09437499999999999,0.15349999999999997,0.2755775,0.2866006,25.395833333333332,25.020833333333332,105.6528980999749,-0.0037983580998059,340.2938001843754,88.43143185191153,87.0871117251322
2021-06-01,imbabura,Imbabura,Tomate Rinon De Invernadero,0.66875,12.1875,1,1,1,0.5826495714285714,1.0,0.5665804933540373,5.0,26.295238095238094,23.27142857142857,3,3.0,27.350031166180994,25.76956043956044,68,104.54157517471404,-0.0105186222550114,-0.0346900766944534,-0.0005838195343683,236.78632196497148,90.00517401347898,89.92839182028855,3,2021,6,2,1.2246467991473532e-16,-1.0,0,0.5826495714285714,0,26.295238095238094,0,0.57625,0.497777777777778,0.507777777777778,0.383333333333333,0.598888888888889,0.5272685185185185,0.04271286862399839,0.45791005291005304,0.08327944182088856,0.06847222222222205,0.192916666666667,0.4684817499999999,0.3976189642857142,23.874074074074077,23.00909090909091,105.6528980999749,-0.0037983580998059,340.2938001843754,88.43143185191153,87.0871117251322
2021-06-01,tungurahua,Tungurahua,Tomate Rinon De Invernadero,0.6569230769230769,15.160769230769251,2,1,1,0.5665804933540373,0.0,0.5665804933540373,5.0,27.483333333333334,24.5,3,3.0,27.350031166180994,25.76956043956044,68,104.54157517471404,-0.0105186222550114,-0.0346900766944534,-0.0005838195343683,236.78632196497148,90.00517401347898,89.92839182028855,4,2021,6,2,1.2246467991473532e-16,-1.0,1,0.5665804933540373,0,27.483333333333334,0,0.6045833333333335,0.4829166666666665,0.535357142857143,0.42125,0.6028365384615385,0.5409523809523807,0.061026014628615156,0.4681592712842712,0.09229454662550564,0.0692261904761905,0.18333333333333346,0.5420406192281233,0.49221275565458134,26.25,24.541666666666668,105.6528980999749,-0.0037983580998059,340.2938001843754,88.43143185191153,87.0871117251322
2021-07-01,azuay,Azuay,Tomate Rinon De Invernadero,0.7916666666666665,15.4777777777778,2,2,2,0.6793707978484984,1.0,0.5117450004756381,4.0,30.841944444444447,28.53333333333333,3,3.0,29.702016676385117,27.9375,64,105.79508630751828,0.0119905514213776,-0.0084655351173397,0.0113997315688616,214.3918877442821,90.12552687131276,90.21534976886625,0,2021,7,3,-0.4999999999999997,-0.8660254037844388,0,0.6793707978484984,0,30.841944444444447,0,0.847777777777778,0.8775,0.62375,0.6725,0.7844444444444445,0.7830092592592592,0.13872089376987448,0.7316865079365079,0.11523840952775367,0.22402777777777794,0.17527777777777798,0.6353687453416149,0.4470953603335318,25.394444444444446,25.311111111111114,104.54157517471404,-0.0105186222550114,236.78632196497148,90.00517401347898,89.92839182028855
2021-07-01,chimborazo,Chimborazo,Tomate Rinon De Invernadero,0.606923076923077,12.615,2,1,1,0.551155,1.0,0.5117450004756381,4.0,29.49277777777778,27.00333333333333,3,3.0,29.702016676385117,27.9375,64,105.79508630751828,0.0119905514213776,-0.0084655351173397,0.0113997315688616,214.3918877442821,90.12552687131276,90.21534976886625,1,2021,7,3,-0.4999999999999997,-0.8660254037844388,0,0.551155,0,29.49277777777778,0,0.7153846153846155,0.66875,0.505909090909091,0.47875,0.6642857142857146,0.6300145687645687,0.10997874368858948,0.5483379120879122,0.13365058771691185,0.20947552447552453,0.2366346153846155,0.6613859999999999,0.5291087999999999,27.328000000000003,26.702777777777772,104.54157517471404,-0.0105186222550114,236.78632196497148,90.00517401347898,89.92839182028855
2021-07-01,cotopaxi,Cotopaxi,Tomate Rinon De Invernadero,0.62,11.366,2,2,2,0.3196698999999999,1.0,0.5117450004756381,4.0,25.45,23.25,3,3.0,29.702016676385117,27.9375,64,105.79508630751828,0.0119905514213776,-0.0084655351173397,0.0113997315688616,214.3918877442821,90.12552687131276,90.21534976886625,2,2021,7,3,-0.4999999999999997,-0.8660254037844388,0,0.3196698999999999,0,25.45,0,0.580625,0.5725,0.4235714285714285,0.375,0.61,0.525565476190476,0.08842280937935543,0.46590773809523806,0.09464082573066783,0.15705357142857146,0.20562499999999995,0.29211215,0.2222991833333333,25.0625,24.78333333333333,104.54157517471404,-0.0105186222550114,236.78632196497148,90.00517401347898,89.92839182028855
2021-07-01,imbabura,Imbabura,Tomate Rinon De Invernadero,0.655555555555555,12.0,1,1,1,0.496784304054054,1.0,0.5117450004756381,4.0,29.379166666666666,28.14375,3,3.0,29.702016676385117,27.9375,64,105.79508630751828,0.0119905514213776,-0.0084655351173397,0.0113997315688616,214.3918877442821,90.12552687131276,90.21534976886625,3,2021,7,3,-0.4999999999999997,-0.8660254037844388,0,0.496784304054054,0,29.379166666666666,0,0.66875,0.57625,0.497777777777778,0.42375,0.597777777777778,0.5809259259259258,0.08558196892658024,0.5054794973544975,0.1095372183940624,0.17097222222222197,0.24499999999999994,0.5826495714285714,0.4684817499999999,26.295238095238094,24.378787878787875,104.54157517471404,-0.0105186222550114,236.78632196497148,90.00517401347898,89.92839182028855
2021-07-01,tungurahua,Tungurahua,Tomate Rinon De Invernadero,0.5784615384615386,13.39115384615385,2,1,1,0.5117450004756381,0.0,0.5117450004756381,4.0,28.791666666666668,25.875,3,3.0,29.702016676385117,27.9375,64,105.79508630751828,0.0119905514213776,-0.0084655351173397,0.0113997315688616,214.3918877442821,90.12552687131276,90.21534976886625,4,2021,7,3,-0.4999999999999997,-0.8660254037844388,1,0.5117450004756381,0,28.791666666666668,0,0.6569230769230769,0.6045833333333335,0.4829166666666665,0.4166666666666665,0.6429945054945054,0.5814743589743586,0.08927528339089102,0.5074381174381174,0.11555582610997768,0.17400641025641045,0.24025641025641042,0.5665804933540373,0.43921877873337295,27.483333333333334,25.241666666666664,104.54157517471404,-0.0105186222550114,236.78632196497148,90.00517401347898,89.92839182028855
2021-08-01,azuay,Azuay,Tomate Rinon De Invernadero,0.7441666666666665,14.58333333333335,2,2,2,0.6230447826086956,1.0,0.5186049039855072,4.0,31.55027777777778,29.78333333333333,3,3.0,32.444991063512205,30.093214285714282,66,105.6524247730372,-0.0013484703256103,-0.0006620054149151,0.0100358890435106,267.4470313204882,90.1531704052227,88.39180890367169,0,2021,8,3,-0.8660254037844385,-0.5000000000000004,0,0.6230447826086956,0,31.55027777777778,0,0.7916666666666665,0.847777777777778,0.8775,0.6067857142857145,0.647638888888889,0.8389814814814814,0.043587514257834,0.751547619047619,0.11324950283740819,-0.08583333333333343,0.18488095238095203,0.6793707978484984,0.6915979086406164,30.841944444444447,25.394444444444446,105.79508630751828,0.0119905514213776,214.3918877442821,90.12552687131276,90.21534976886625
2021-08-01,chimborazo,Chimborazo,Tomate Rinon De Invernadero,0.6204166666666665,12.8825,2,1,1,0.6085669791666666,2.0,0.5186049039855072,4.0,31.566190476190474,28.867142857142856,3,3.0,32.444991063512205,30.093214285714282,66,105.6524247730372,-0.0013484703256103,-0.0006620054149151,0.0100358890435106,267.4470313204882,90.1531704052227,88.39180890367169,1,2021,8,3,-0.8660254037844385,-0.5000000000000004,0,0.6085669791666666,0,31.566190476190474,0,0.606923076923077,0.7153846153846155,0.66875,0.349090909090909,0.5033333333333334,0.6636858974358973,0.05440781361574842,0.5697000915750916,0.13050983544601788,-0.061826923076922946,0.257832167832168,0.551155,0.63727296875,29.49277777777778,27.037777777777777,105.79508630751828,0.0119905514213776,214.3918877442821,90.12552687131276,90.21534976886625
2021-08-01,cotopaxi,Cotopaxi,Tomate Rinon De Invernadero,0.48375,8.89625,2,2,2,0.2342408749999999,1.0,0.5186049039855072,4.0,29.516666666666666,27.0,3,3.0,32.444991063512205,30.093214285714282,66,105.6524247730372,-0.0013484703256103,-0.0006620054149151,0.0100358890435106,267.4470313204882,90.1531704052227,88.39180890367169,2,2021,8,3,-0.8660254037844385,-0.5000000000000004,0,0.2342408749999999,0,29.516666666666666,0,0.62,0.580625,0.5725,0.365625,0.55,0.5910416666666665,0.02540556451515456,0.5067410714285714,0.1002601327962218,0.04749999999999999,0.254375,0.3196698999999999,0.2755775,25.45,25.395833333333332,105.79508630751828,0.0119905514213776,214.3918877442821,90.12552687131276,90.21534976886625
2021-08-01,imbabura,Imbabura,Tomate Rinon De Invernadero,0.59125,10.83375,1,1,1,0.5186049039855072,0.0,0.5186049039855072,4.0,31.096999999999998,29.64,3,3.0,32.444991063512205,30.093214285714282,66,105.6524247730372,-0.0013484703256103,-0.0006620054149151,0.0100358890435106,267.4470313204882,90.1531704052227,88.39180890367169,3,2021,8,3,-0.8660254037844385,-0.5000000000000004,1,0.5186049039855072,0,31.096999999999998,0,0.655555555555555,0.66875,0.57625,0.358571428571429,0.52875,0.6335185185185183,0.05003284672122016,0.5441137566137567,0.11565421535233501,0.07930555555555496,0.296984126984126,0.496784304054054,0.4684817499999999,29.379166666666666,23.874074074074077,105.79508630751828,0.0119905514213776,214.3918877442821,90.12552687131276,90.21534976886625
2021-08-01,tungurahua,Tungurahua,Tomate Rinon De Invernadero,0.5270833333333335,12.270416666666666,2,1,1,0.5186049039855072,0.0,0.5186049039855072,4.0,30.347222222222225,27.666666666666668,3,3.0,32.444991063512205,30.093214285714282,66,105.6524247730372,-0.0013484703256103,-0.0006620054149151,0.0100358890435106,267.4470313204882,90.1531704052227,88.39180890367169,4,2021,8,3,-0.8660254037844385,-0.5000000000000004,1,0.5186049039855072,0,30.347222222222225,0,0.5784615384615386,0.6569230769230769,0.6045833333333335,0.34818181818181804,0.4841666666666665,0.6133226495726494,0.0399541611185415,0.5344039294039294,0.10881882622842462,-0.02612179487179489,0.23027972027972055,0.5117450004756381,0.5420406192281233,28.791666666666668,26.25,105.79508630751828,0.0119905514213776,214.3918877442821,90.12552687131276,90.21534976886625
2021-09-01,azuay,Azuay,Tomate Rinon De Invernadero,0.7575,14.75,2,2,2,0.6026505180388528,1.0,0.5639806049906024,6.0,34.920833333333334,31.9,3,3.0,34.278640825084004,31.89318181818182,66,105.359652826097,-0.0027710859222531,0.0045243504210039,0.0072369928104116,243.73984571452408,90.32938273911368,86.00309850672903,0,2021,9,3,-1.0,-1.8369701987210297e-16,0,0.6026505180388528,0,34.920833333333334,0,0.7441666666666665,0.7916666666666665,0.847777777777778,0.7618055555555555,0.5504166666666666,0.794537037037037,0.05186516032913726,0.7744444444444444,0.0895322636515346,-0.10361111111111143,-0.01763888888888898,0.6230447826086956,0.6353687453416149,31.55027777777778,25.394444444444446,105.6524247730372,-0.0013484703256103,267.4470313204882,90.1531704052227,88.39180890367169
2021-09-01,chimborazo,Chimborazo,Tomate Rinon De Invernadero,0.656538461538462,13.59,2,1,1,0.6246423333333333,2.0,0.5639806049906024,6.0,34.11571428571429,31.285714285714285,3,3.0,34.278640825084004,31.89318181818182,66,105.359652826097,-0.0027710859222531,0.0045243504210039,0.0072369928104116,243.73984571452408,90.32938273911368,86.00309850672903,1,2021,9,3,-1.0,-1.8369701987210297e-16,0,0.6246423333333333,0,34.11571428571429,0,0.6204166666666665,0.606923076923077,0.7153846153846155,0.5721428571428575,0.5861538461538465,0.6475747863247862,0.05911132657016591,0.6149210511710512,0.07320960894955898,-0.094967948717949,0.048273809523809,0.6085669791666666,0.6613859999999999,31.566190476190474,27.328000000000003,105.6524247730372,-0.0013484703256103,267.4470313204882,90.1531704052227,88.39180890367169
2021-09-01,cotopaxi,Cotopaxi,Tomate Rinon De Invernadero,0.5795,10.622250000000001,2,2,2,0.4666445666666666,1.0,0.5639806049906024,6.0,30.933333333333334,27.0,3,3.0,34.278640825084004,31.89318181818182,66,105.359652826097,-0.0027710859222531,0.0045243504210039,0.0072369928104116,243.73984571452408,90.32938273911368,86.00309850672903,2,2021,9,3,-1.0,-1.8369701987210297e-16,0,0.4666445666666666,0,30.933333333333334,0,0.48375,0.62,0.580625,0.478125,0.61325,0.5614583333333332,0.07011801807191717,0.5264285714285714,0.07556418325381448,-0.09687499999999993,0.005624999999999991,0.2342408749999999,0.29211215,29.516666666666666,25.0625,105.6524247730372,-0.0013484703256103,267.4470313204882,90.1531704052227,88.39180890367169
2021-09-01,imbabura,Imbabura,Tomate Rinon De Invernadero,0.653333333333333,11.9255555555556,1,1,1,0.5180857,1.0,0.5639806049906024,6.0,30.340277777777775,28.891666666666666,3,3.0,34.278640825084004,31.89318181818182,66,105.359652826097,-0.0027710859222531,0.0045243504210039,0.0072369928104116,243.73984571452408,90.32938273911368,86.00309850672903,3,2021,9,3,-1.0,-1.8369701987210297e-16,0,0.5180857,0,30.340277777777775,0,0.59125,0.655555555555555,0.66875,0.507777777777778,0.51,0.6385185185185183,0.04146393581476957,0.5828935185185186,0.07162700327206507,-0.0774999999999999,0.08347222222222206,0.5186049039855072,0.5826495714285714,31.096999999999998,26.295238095238094,105.6524247730372,-0.0013484703256103,267.4470313204882,90.1531704052227,88.39180890367169
2021-09-01,tungurahua,Tungurahua,Tomate Rinon De Invernadero,0.651538461538461,16.41,1,1,1,0.5472181785714285,1.0,0.5639806049906024,6.0,34.175000000000004,31.75,3,3.0,34.278640825084004,31.89318181818182,66,105.359652826097,-0.0027710859222531,0.0045243504210039,0.0072369928104116,243.73984571452408,90.32938273911368,86.00309850672903,4,2021,9,3,-1.0,-1.8369701987210297e-16,0,0.5472181785714285,0,34.175000000000004,0,0.5270833333333335,0.5784615384615386,0.6569230769230769,0.535357142857143,0.5524038461538461,0.5874893162393161,0.06538895420915375,0.5642208485958486,0.0620456430491046,-0.12983974358974348,-0.008273809523809517,0.5186049039855072,0.5665804933540373,30.347222222222225,27.483333333333334,105.6524247730372,-0.0013484703256103,267.4470313204882,90.1531704052227,88.39180890367169
2021-10-01,azuay,Azuay,Tomate Rinon De Invernadero,0.870625,16.9375,2,2,2,0.6559086832298135,1.0,0.5573640520574534,4.0,41.11805555555555,43.3625,3,3.0,38.64179545155801,38.24102564102564,66,105.53965125391971,0.0017084189535068,0.0097225081792307,0.0089577755796022,361.35029964462535,90.71588485521067,85.28322796427891,0,2021,10,4,-0.8660254037844386,0.5000000000000001,0,0.6559086832298135,0,41.11805555555555,0,0.7575,0.7441666666666665,0.7916666666666665,0.62375,0.4272222222222225,0.7644444444444444,0.02449962206813734,0.7737268518518517,0.08967096991027926,-0.03416666666666657,0.13374999999999992,0.6026505180388528,0.6793707978484984,34.920833333333334,30.841944444444447,105.359652826097,-0.0027710859222531,243.73984571452408,90.32938273911368,86.00309850672903
2021-10-01,chimborazo,Chimborazo,Tomate Rinon De Invernadero,0.6479166666666665,13.41708333333335,2,1,1,0.5952474,2.0,0.5573640520574534,4.0,39.43809523809524,37.04285714285714,3,3.0,38.64179545155801,38.24102564102564,66,105.53965125391971,0.0017084189535068,0.0097225081792307,0.0089577755796022,361.35029964462535,90.71588485521067,85.28322796427891,1,2021,10,4,-0.8660254037844386,0.5000000000000001,0,0.5952474,0,39.43809523809524,0,0.656538461538462,0.6204166666666665,0.606923076923077,0.505909090909091,0.461923076923077,0.6279594017094017,0.025653289001162143,0.6289869852369853,0.07143271822803489,0.04961538461538495,0.15062937062937098,0.6246423333333333,0.551155,34.11571428571429,29.49277777777778,105.359652826097,-0.0027710859222531,243.73984571452408,90.32938273911368,86.00309850672903
2021-10-01,cotopaxi,Cotopaxi,Tomate Rinon De Invernadero,0.567638888888889,10.418611111111101,2,2,2,0.383052725,1.0,0.5573640520574534,4.0,30.666666666666668,26.5,3,3.0,38.64179545155801,38.24102564102564,66,105.53965125391971,0.0017084189535068,0.0097225081792307,0.0089577755796022,361.35029964462535,90.71588485521067,85.28322796427891,2,2021,10,4,-0.8660254037844386,0.5000000000000001,0,0.383052725,0,30.666666666666668,0,0.5795,0.48375,0.62,0.4235714285714285,0.44425,0.5610833333333333,0.06996710536626269,0.5433244047619047,0.07391921991981638,-0.04049999999999998,0.15592857142857153,0.4666445666666666,0.3196698999999999,30.933333333333334,25.45,105.359652826097,-0.0027710859222531,243.73984571452408,90.32938273911368,86.00309850672903
2021-10-01,imbabura,Imbabura,Tomate Rinon De Invernadero,0.6075,11.145,1,1,1,0.5573640520574534,0.0,0.5573640520574534,4.0,39.54533333333333,36.50000000000001,3,3.0,38.64179545155801,38.24102564102564,66,105.53965125391971,0.0017084189535068,0.0097225081792307,0.0089577755796022,361.35029964462535,90.71588485521067,85.28322796427891,3,2021,10,4,-0.8660254037844386,0.5000000000000001,1,0.5573640520574534,0,39.54533333333333,0,0.653333333333333,0.59125,0.655555555555555,0.497777777777778,0.33,0.6333796296296292,0.03650224427961738,0.6071527777777777,0.06548352622446323,-0.0022222222222220145,0.155555555555555,0.5180857,0.496784304054054,30.340277777777775,29.379166666666666,105.359652826097,-0.0027710859222531,243.73984571452408,90.32938273911368,86.00309850672903
2021-10-01,tungurahua,Tungurahua,Tomate Rinon De Invernadero,0.685833333333333,17.235,1,1,1,0.5573640520574534,0.0,0.5573640520574534,4.0,38.388888888888886,36.125,3,3.0,38.64179545155801,38.24102564102564,66,105.53965125391971,0.0017084189535068,0.0097225081792307,0.0089577755796022,361.35029964462535,90.71588485521067,85.28322796427891,4,2021,10,4,-0.8660254037844386,0.5000000000000001,1,0.5573640520574534,0,38.388888888888886,0,0.651538461538461,0.5270833333333335,0.5784615384615386,0.4829166666666665,0.374230769230769,0.5856944444444441,0.06254203331246413,0.5835844017094017,0.06897808056596197,0.07307692307692237,0.16862179487179446,0.5472181785714285,0.5117450004756381,34.175000000000004,28.791666666666668,105.359652826097,-0.0027710859222531,243.73984571452408,90.32938273911368,86.00309850672903
2021-11-01,azuay,Azuay,Tomate Rinon De Invernadero,0.744375,14.5625,2,2,2,0.5735722440392705,1.0,0.4231042235098176,4.0,48.492,47.775,3,3.0,46.87135936743492,47.05704545454546,64,105.4875104139525,-0.0004940402905232,0.0059237588452503,0.0084593097870291,345.87800545193625,91.21073124862598,88.27,0,2021,11,4,-0.5000000000000004,0.8660254037844384,0,0.5735722440392705,0,48.492,0,0.870625,0.7575,0.7441666666666665,0.8775,0.45999999999999996,0.7907638888888888,0.06948231606222116,0.8148726851851852,0.0582112216711392,0.12645833333333345,-0.0068749999999999645,0.6559086832298135,0.6230447826086956,41.11805555555555,31.55027777777778,105.53965125391971,0.0017084189535068,361.35029964462535,90.71588485521067,85.28322796427891
2021-11-01,chimborazo,Chimborazo,Tomate Rinon De Invernadero,0.5268181818181815,11.000454545454565,2,1,1,0.4367903374999999,2.0,0.4231042235098176,4.0,45.73904761904762,44.315714285714286,3,3.0,46.87135936743492,47.05704545454546,64,105.4875104139525,-0.0004940402905232,0.0059237588452503,0.0084593097870291,345.87800545193625,91.21073124862598,88.27,1,2021,11,4,-0.5000000000000004,0.8660254037844384,0,0.4367903374999999,0,45.73904761904762,0,0.6479166666666665,0.656538461538462,0.6204166666666665,0.66875,0.4308333333333335,0.6416239316239315,0.01886517696521451,0.6526549145299146,0.03837266128894203,0.02749999999999997,-0.02083333333333348,0.5952474,0.6085669791666666,39.43809523809524,31.566190476190474,105.53965125391971,0.0017084189535068,361.35029964462535,90.71588485521067,85.28322796427891
2021-11-01,cotopaxi,Cotopaxi,Tomate Rinon De Invernadero,0.50875,9.323125000000001,2,2,2,0.245263975,1.0,0.4231042235098176,4.0,43.69583333333333,41.55,3,3.0,46.87135936743492,47.05704545454546,64,105.4875104139525,-0.0004940402905232,0.0059237588452503,0.0084593097870291,345.87800545193625,91.21073124862598,88.27,2,2021,11,4,-0.5000000000000004,0.8660254037844384,0,0.245263975,0,43.69583333333333,0,0.567638888888889,0.5795,0.48375,0.5725,0.3420833333333335,0.5436296296296295,0.05219529693980228,0.5673356481481482,0.04496984622151859,0.08388888888888901,-0.004861111111110983,0.383052725,0.2342408749999999,30.666666666666668,29.516666666666666,105.53965125391971,0.0017084189535068,361.35029964462535,90.71588485521067,85.28322796427891
2021-11-01,imbabura,Imbabura,Tomate Rinon De Invernadero,0.5025,9.1875,1,1,1,0.4231042235098176,0.0,0.4231042235098176,4.0,44.318999999999996,47.095000000000006,3,3.0,46.87135936743492,47.05704545454546,64,105.4875104139525,-0.0004940402905232,0.0059237588452503,0.0084593097870291,345.87800545193625,91.21073124862598,88.27,3,2021,11,4,-0.5000000000000004,0.8660254037844384,1,0.4231042235098176,0,44.318999999999996,0,0.6075,0.653333333333333,0.59125,0.57625,0.31125,0.6173611111111109,0.03219497171460206,0.6254398148148147,0.038655391941248916,0.016249999999999987,0.03125,0.5573640520574534,0.5186049039855072,39.54533333333333,31.096999999999998,105.53965125391971,0.0017084189535068,361.35029964462535,90.71588485521067,85.28322796427891
2021-11-01,tungurahua,Tungurahua,Tomate Rinon De Invernadero,0.520909090909091,13.0590909090909,1,1,1,0.4231042235098176,0.0,0.4231042235098176,4.0,43.138888888888886,43.66666666666666,3,3.0,46.87135936743492,47.05704545454546,64,105.4875104139525,-0.0004940402905232,0.0059237588452503,0.0084593097870291,345.87800545193625,91.21073124862598,88.27,4,2021,11,4,-0.5000000000000004,0.8660254037844384,1,0.4231042235098176,0,43.138888888888886,0,0.685833333333333,0.651538461538461,0.5270833333333335,0.6045833333333335,0.3341666666666665,0.6214850427350421,0.08353320663862138,0.617403846153846,0.058733636354712515,0.1587499999999995,0.08124999999999949,0.5573640520574534,0.5186049039855072,38.388888888888886,30.347222222222225,105.53965125391971,0.0017084189535068,361.35029964462535,90.71588485521067,85.28322796427891
2021-12-01,azuay,Azuay,Tomate Rinon De Invernadero,0.622142857142857,12.14285714285715,2,2,2,0.4739400483091787,1.0,0.37718842845493916,5.0,53.16388888888889,54.2,3,3.0,50.02883402933884,51.19166666666666,61,105.73397757888316,0.0023364582590248,0.0108155328702714,0.0108155328702714,345.3860928719633,92.84514594516622,91.16867793875424,0,2021,12,4,-2.4492935982947064e-16,1.0,0,0.4739400483091787,0,53.16388888888889,0,0.744375,0.870625,0.7575,0.847777777777778,0.5110416666666665,0.7908333333333334,0.06941252738759303,0.7926851851851852,0.054839335809778164,-0.013124999999999942,-0.10340277777777795,0.5735722440392705,0.6026505180388528,48.492,34.920833333333334,105.4875104139525,-0.0004940402905232,345.87800545193625,91.21073124862598,88.27
2021-12-01,chimborazo,Chimborazo,Tomate Rinon De Invernadero,0.51,10.63916666666665,2,1,1,0.460214425,2.0,0.37718842845493916,5.0,49.36571428571429,48.66571428571428,3,3.0,50.02883402933884,51.19166666666666,61,105.73397757888316,0.0023364582590248,0.0108155328702714,0.0108155328702714,345.3860928719633,92.84514594516622,91.16867793875424,1,2021,12,4,-2.4492935982947064e-16,1.0,0,0.460214425,0,49.36571428571429,0,0.5268181818181815,0.6479166666666665,0.656538461538462,0.7153846153846155,0.4945833333333335,0.6104244366744366,0.0725333593942815,0.6289996114996115,0.06257906523194705,-0.12972027972028044,-0.188566433566434,0.4367903374999999,0.6246423333333333,45.73904761904762,34.11571428571429,105.4875104139525,-0.0004940402905232,345.87800545193625,91.21073124862598,88.27
2021-12-01,cotopaxi,Cotopaxi,Tomate Rinon De Invernadero,0.36516666666666653,6.752833333333335,2,2,2,0.184636925,1.0,0.37718842845493916,5.0,49.14166666666667,48.1875,3,3.0,50.02883402933884,51.19166666666666,61,105.73397757888316,0.0023364582590248,0.0108155328702714,0.0108155328702714,345.3860928719633,92.84514594516622,91.16867793875424,2,2021,12,4,-2.4492935982947064e-16,1.0,0,0.184636925,0,49.14166666666667,0,0.50875,0.567638888888889,0.5795,0.580625,0.41900000000000004,0.5519629629629629,0.037890521443056366,0.5567106481481482,0.05067484432107111,-0.07074999999999998,-0.07187499999999991,0.245263975,0.4666445666666666,43.69583333333333,30.933333333333334,105.4875104139525,-0.0004940402905232,345.87800545193625,91.21073124862598,88.27
2021-12-01,imbabura,Imbabura,Tomate Rinon De Invernadero,0.444444444444445,8.12888888888889,1,1,1,0.3069363189655172,1.0,0.37718842845493916,5.0,44.321666666666665,46.76875,3,3.0,50.02883402933884,51.19166666666666,61,105.73397757888316,0.0023364582590248,0.0108155328702714,0.0108155328702714,345.3860928719633,92.84514594516622,91.16867793875424,3,2021,12,4,-2.4492935982947064e-16,1.0,0,0.3069363189655172,0,44.321666666666665,0,0.5025,0.6075,0.653333333333333,0.66875,0.383333333333333,0.5877777777777776,0.07732656819068401,0.613148148148148,0.062063268362496433,-0.15083333333333304,-0.16625,0.4231042235098176,0.5180857,44.318999999999996,30.340277777777775,105.4875104139525,-0.0004940402905232,345.87800545193625,91.21073124862598,88.27
2021-12-01,tungurahua,Tungurahua,Tomate Rinon De Invernadero,0.519166666666667,13.0691666666667,1,1,1,0.37718842845493916,0.0,0.37718842845493916,5.0,42.888888888888886,42.5,3,3.0,50.02883402933884,51.19166666666666,61,105.73397757888316,0.0023364582590248,0.0108155328702714,0.0108155328702714,345.3860928719633,92.84514594516622,91.16867793875424,4,2021,12,4,-2.4492935982947064e-16,1.0,1,0.37718842845493916,0,42.888888888888886,0,0.520909090909091,0.685833333333333,0.651538461538461,0.6569230769230769,0.42125,0.6194269619269613,0.08702506960800112,0.6034581390831391,0.07103263470235395,-0.13062937062936997,-0.13601398601398595,0.4231042235098176,0.5472181785714285,43.138888888888886,34.175000000000004,105.4875104139525,-0.0004940402905232,345.87800545193625,91.21073124862598,88.27
2022-01-01,azuay,Azuay,Tomate Rinon De Invernadero,0.744,13.6,1,1,1,0.4739400483091787,0.0,0.4739400483091787,0.0,52.26334365079365,52.56357142857143,0,0.0,52.26334365079365,52.56357142857143,30,107.81061711347644,0.0196402290176211,0.0270696173316715,0.0196402290176211,314.1075183610775,94.0418644522278,91.16867793875424,0,2022,1,1,0.49999999999999994,0.8660254037844387,1,0.4739400483091787,1,52.26334365079365,0,0.622142857142857,0.744375,0.870625,0.7916666666666665,0.6725,0.7457142857142857,0.12424648523957486,0.7550793650793649,0.08074784135916441,-0.24848214285714298,-0.16952380952380952,0.4739400483091787,0.6559086832298135,53.16388888888889,41.11805555555555,105.73397757888316,0.0023364582590248,345.3860928719633,92.84514594516622,91.16867793875424
2022-01-01,chimborazo,Chimborazo,Tomate Rinon De Invernadero,0.6022222222222224,12.51,2,1,1,0.460214425,0.0,0.460214425,0.0,52.61666666666667,52.25,3,3.0,52.26334365079365,52.56357142857143,30,107.81061711347644,0.0196402290176211,0.0270696173316715,0.0196402290176211,314.1075183610775,94.0418644522278,91.16867793875424,1,2022,1,1,0.49999999999999994,0.8660254037844387,1,0.460214425,0,52.61666666666667,0,0.51,0.5268181818181815,0.6479166666666665,0.606923076923077,0.47875,0.5615782828282825,0.07524260895786301,0.5947688422688423,0.06204637345500014,-0.13791666666666647,-0.096923076923077,0.460214425,0.5952474,49.36571428571429,39.43809523809524,105.73397757888316,0.0023364582590248,345.3860928719633,92.84514594516622,91.16867793875424
2022-01-01,cotopaxi,Cotopaxi,Tomate Rinon De Invernadero,0.379166666666667,6.98583333333333,2,2,2,0.184636925,0.0,0.184636925,0.0,52.26334365079365,52.56357142857143,0,0.0,52.26334365079365,52.56357142857143,30,107.81061711347644,0.0196402290176211,0.0270696173316715,0.0196402290176211,314.1075183610775,94.0418644522278,91.16867793875424,2,2022,1,1,0.49999999999999994,0.8660254037844387,1,0.184636925,1,52.26334365079365,0,0.36516666666666653,0.50875,0.567638888888889,0.62,0.375,0.4805185185185184,0.10414659189277932,0.520800925925926,0.09079631154583845,-0.2024722222222225,-0.25483333333333347,0.184636925,0.383052725,49.14166666666667,30.666666666666668,105.73397757888316,0.0023364582590248,345.3860928719633,92.84514594516622,91.16867793875424
2022-01-01,imbabura,Imbabura,Tomate Rinon De Invernadero,0.426666666666667,7.83333333333333,1,1,1,0.3069363189655172,0.0,0.3069363189655172,0.0,52.26334365079365,52.56357142857143,0,0.0,52.26334365079365,52.56357142857143,30,107.81061711347644,0.0196402290176211,0.0270696173316715,0.0196402290176211,314.1075183610775,94.0418644522278,91.16867793875424,3,2022,1,1,0.49999999999999994,0.8660254037844387,1,0.3069363189655172,1,52.26334365079365,0,0.444444444444445,0.5025,0.6075,0.655555555555555,0.42375,0.5181481481481482,0.08264639710678821,0.5757638888888889,0.08513885490301877,-0.16305555555555507,-0.21111111111111003,0.3069363189655172,0.5573640520574534,44.321666666666665,39.54533333333333,105.73397757888316,0.0023364582590248,345.3860928719633,92.84514594516622,91.16867793875424
2022-01-01,tungurahua,Tungurahua,Tomate Rinon De Invernadero,0.686,17.302,1,1,1,0.37718842845493916,0.0,0.37718842845493916,0.0,46.333333333333336,47.0,3,3.0,52.26334365079365,52.56357142857143,30,107.81061711347644,0.0196402290176211,0.0270696173316715,0.0196402290176211,314.1075183610775,94.0418644522278,91.16867793875424,4,2022,1,1,0.49999999999999994,0.8660254037844387,1,0.37718842845493916,0,46.333333333333336,0,0.519166666666667,0.520909090909091,0.685833333333333,0.5784615384615386,0.4166666666666665,0.5753030303030301,0.09572601488904994,0.5804987373737373,0.07254229655390894,-0.16666666666666596,-0.059294871794871584,0.37718842845493916,0.5573640520574534,42.888888888888886,38.388888888888886,105.73397757888316,0.0023364582590248,345.3860928719633,92.84514594516622,91.16867793875424
2022-02-01,azuay,Azuay,Tomate Rinon De Invernadero,0.74875,13.625,1,1,1,0.38773597833462325,0.0,0.38773597833462325,4.0,51.5599312018391,51.04653846153846,0,0.0,51.5599312018391,51.04653846153846,38,108.1420307640297,0.0030740353726426,0.026649009983686,0.0227746391489906,329.69630813083336,94.2332391459856,92.71937565632958,0,2022,2,1,0.8660254037844386,0.5000000000000001,1,0.38773597833462325,1,51.5599312018391,0,0.744,0.622142857142857,0.744375,0.7441666666666665,0.6067857142857145,0.7035059523809523,0.07046275687405901,0.7471349206349206,0.07874834084443993,-0.0003750000000000142,-0.0001666666666665373,0.4739400483091787,0.5735722440392705,52.26334365079365,48.492,107.81061711347644,0.0196402290176211,314.1075183610775,94.0418644522278,91.16867793875424
2022-02-01,chimborazo,Chimborazo,Tomate Rinon De Invernadero,0.495,10.372727272727296,2,1,1,0.4140061358359133,2.0,0.38773597833462325,4.0,48.57222222222222,50.36666666666667,3,3.0,51.5599312018391,51.04653846153846,38,108.1420307640297,0.0030740353726426,0.026649009983686,0.0227746391489906,329.69630813083336,94.2332391459856,92.71937565632958,1,2022,2,1,0.8660254037844386,0.5000000000000001,0,0.4140061358359133,0,48.57222222222222,0,0.6022222222222224,0.51,0.5268181818181815,0.6204166666666665,0.349090909090909,0.5463468013468011,0.04911476156332161,0.5939853664853665,0.061891690462397654,0.07540404040404092,-0.01819444444444407,0.460214425,0.4367903374999999,52.61666666666667,45.73904761904762,107.81061711347644,0.0196402290176211,314.1075183610775,94.0418644522278,91.16867793875424
2022-02-01,cotopaxi,Cotopaxi,Tomate Rinon De Invernadero,0.40714285714285703,7.505357142857145,2,2,2,0.3858084999999999,1.0,0.38773597833462325,4.0,54.51111111111111,54.63333333333333,3,3.0,51.5599312018391,51.04653846153846,38,108.1420307640297,0.0030740353726426,0.026649009983686,0.0227746391489906,329.69630813083336,94.2332391459856,92.71937565632958,2,2022,2,1,0.8660254037844386,0.5000000000000001,0,0.3858084999999999,0,54.51111111111111,0,0.379166666666667,0.36516666666666653,0.50875,0.48375,0.365625,0.41769444444444437,0.07916650584779304,0.48066203703703714,0.09140336497416547,-0.12958333333333305,-0.10458333333333303,0.184636925,0.245263975,52.26334365079365,43.69583333333333,107.81061711347644,0.0196402290176211,314.1075183610775,94.0418644522278,91.16867793875424
2022-02-01,imbabura,Imbabura,Tomate Rinon De Invernadero,0.507142857142857,9.28571428571429,1,1,1,0.3371231416666665,1.0,0.38773597833462325,4.0,50.699999999999996,50.68888888888889,3,3.0,51.5599312018391,51.04653846153846,38,108.1420307640297,0.0030740353726426,0.026649009983686,0.0227746391489906,329.69630813083336,94.2332391459856,92.71937565632958,3,2022,2,1,0.8660254037844386,0.5000000000000001,0,0.3371231416666665,0,50.699999999999996,0,0.426666666666667,0.444444444444445,0.5025,0.59125,0.358571428571429,0.45787037037037054,0.039659364926054375,0.5376157407407408,0.09313936593420206,-0.07583333333333292,-0.16458333333333303,0.3069363189655172,0.4231042235098176,52.26334365079365,44.318999999999996,107.81061711347644,0.0196402290176211,314.1075183610775,94.0418644522278,91.16867793875424
2022-02-01,tungurahua,Tungurahua,Tomate Rinon De Invernadero,0.518888888888889,13.0555555555556,1,1,1,0.38773597833462325,0.0,0.38773597833462325,4.0,51.5599312018391,51.04653846153846,0,0.0,51.5599312018391,51.04653846153846,38,108.1420307640297,0.0030740353726426,0.026649009983686,0.0227746391489906,329.69630813083336,94.2332391459856,92.71937565632958,4,2022,2,1,0.8660254037844386,0.5000000000000001,1,0.38773597833462325,1,51.5599312018391,0,0.686,0.519166666666667,0.520909090909091,0.5270833333333335,0.34818181818181804,0.5753585858585857,0.09582223595267246,0.5984218142968143,0.08427439713763747,0.16509090909090907,0.1589166666666666,0.37718842845493916,0.4231042235098176,46.333333333333336,43.138888888888886,107.81061711347644,0.0196402290176211,314.1075183610775,94.0418644522278,91.16867793875424
2022-03-01,azuay,Azuay,Tomate Rinon De Invernadero,0.8575,15.625,1,1,1,0.4475436011979166,0.0,0.4475436011979166,4.0,53.427803525550544,53.50091666666666,0,0.0,53.427803525550544,53.50091666666666,40,108.20394858132713,0.0005725601494623,0.0215802682043924,0.0233602391492482,179.07707367707349,95.97762848829085,100.60970286451266,0,2022,3,1,1.0,6.123233995736766e-17,1,0.4475436011979166,1,53.427803525550544,0,0.74875,0.744,0.622142857142857,0.7575,0.7618055555555555,0.7049642857142856,0.0717647712875852,0.7478988095238095,0.07873601808713529,0.12660714285714303,-0.008749999999999925,0.38773597833462325,0.4739400483091787,51.5599312018391,53.16388888888889,108.1420307640297,0.0030740353726426,329.69630813083336,94.2332391459856,92.71937565632958
2022-03-01,chimborazo,Chimborazo,Tomate Rinon De Invernadero,0.5800000000000001,12.064230769230786,2,1,1,0.529659955,2.0,0.4475436011979166,4.0,51.8125,51.875,3,3.0,53.427803525550544,53.50091666666666,40,108.20394858132713,0.0005725601494623,0.0215802682043924,0.0233602391492482,179.07707367707349,95.97762848829085,100.60970286451266,1,2022,3,1,1.0,6.123233995736766e-17,0,0.529659955,0,51.8125,0,0.495,0.6022222222222224,0.51,0.656538461538462,0.5721428571428575,0.5357407407407407,0.05806109312594759,0.5730825887075888,0.07159726136867474,-0.015000000000000013,-0.16153846153846196,0.4140061358359133,0.460214425,48.57222222222222,49.36571428571429,108.1420307640297,0.0030740353726426,329.69630813083336,94.2332391459856,92.71937565632958
2022-03-01,cotopaxi,Cotopaxi,Tomate Rinon De Invernadero,0.398888888888889,7.31322222222222,2,2,2,0.2709845416666666,1.0,0.4475436011979166,4.0,54.514166666666675,55.4175,3,3.0,53.427803525550544,53.50091666666666,40,108.20394858132713,0.0005725601494623,0.0215802682043924,0.0233602391492482,179.07707367707349,95.97762848829085,100.60970286451266,2,2022,3,1,1.0,6.123233995736766e-17,0,0.2709845416666666,0,54.514166666666675,0,0.40714285714285703,0.379166666666667,0.36516666666666653,0.5795,0.478125,0.3838253968253967,0.021372364556660313,0.46789417989418,0.09611482807967993,0.0419761904761905,-0.172357142857143,0.3858084999999999,0.184636925,54.51111111111111,49.14166666666667,108.1420307640297,0.0030740353726426,329.69630813083336,94.2332391459856,92.71937565632958
2022-03-01,imbabura,Imbabura,Tomate Rinon De Invernadero,0.588888888888889,10.76,1,1,1,0.4598699531249999,1.0,0.4475436011979166,4.0,51.55454545454546,51.36363636363637,3,3.0,53.427803525550544,53.50091666666666,40,108.20394858132713,0.0005725601494623,0.0215802682043924,0.0233602391492482,179.07707367707349,95.97762848829085,100.60970286451266,3,2022,3,1,1.0,6.123233995736766e-17,0,0.4598699531249999,0,51.55454545454546,0,0.507142857142857,0.426666666666667,0.444444444444445,0.653333333333333,0.507777777777778,0.45941798941798956,0.04227599313081361,0.5235978835978837,0.08971919347424084,0.06269841269841203,-0.14619047619047598,0.3371231416666665,0.3069363189655172,50.699999999999996,44.321666666666665,108.1420307640297,0.0030740353726426,329.69630813083336,94.2332391459856,92.71937565632958
2022-03-01,tungurahua,Tungurahua,Tomate Rinon De Invernadero,0.606363636363636,15.2409090909091,1,1,1,0.4475436011979166,0.0,0.4475436011979166,4.0,53.427803525550544,53.50091666666666,0,0.0,53.427803525550544,53.50091666666666,40,108.20394858132713,0.0005725601494623,0.0215802682043924,0.0233602391492482,179.07707367707349,95.97762848829085,100.60970286451266,4,2022,3,1,1.0,6.123233995736766e-17,1,0.4475436011979166,1,53.427803525550544,0,0.518888888888889,0.686,0.519166666666667,0.651538461538461,0.535357142857143,0.5746851851851851,0.09640155749813589,0.5970560735560735,0.0857157931022065,-0.00027777777777804324,-0.132649572649572,0.38773597833462325,0.37718842845493916,51.5599312018391,42.888888888888886,108.1420307640297,0.0030740353726426,329.69630813083336,94.2332391459856,92.71937565632958
2022-04-01,azuay,Azuay,Tomate Rinon De Invernadero,0.87125,15.875,1,1,1,0.48102534144825265,0.0,0.48102534144825265,4.0,54.11004745133318,54.43258064516129,0,0.0,54.11004745133318,54.43258064516129,36,108.71860080267848,0.0047563164570147,0.0251081661975325,0.0282276642961685,204.96368521707427,98.53853237190296,102.1451008707699,0,2022,4,2,0.8660254037844387,-0.4999999999999998,1,0.48102534144825265,1,54.11004745133318,0,0.8575,0.74875,0.744,0.870625,0.62375,0.7834166666666667,0.064201992440526,0.7645654761904762,0.090829922547209,0.11350000000000005,-0.013124999999999942,0.4475436011979166,0.4739400483091787,53.427803525550544,52.26334365079365,108.20394858132713,0.0005725601494623,179.07707367707349,95.97762848829085,100.60970286451266
2022-04-01,chimborazo,Chimborazo,Tomate Rinon De Invernadero,0.593636363636364,12.33363636363635,2,1,1,0.5612595083333334,2.0,0.48102534144825265,4.0,53.87944444444444,54.03333333333333,3,3.0,54.11004745133318,54.43258064516129,36,108.71860080267848,0.0047563164570147,0.0251081661975325,0.0282276642961685,204.96368521707427,98.53853237190296,102.1451008707699,1,2022,4,2,0.8660254037844387,-0.4999999999999998,0,0.5612595083333334,0,53.87944444444444,0,0.5800000000000001,0.495,0.6022222222222224,0.6479166666666665,0.505909090909091,0.559074074074074,0.0565912715572056,0.5603261784511785,0.05956081099299781,-0.022222222222222365,-0.0679166666666664,0.529659955,0.460214425,51.8125,52.61666666666667,108.20394858132713,0.0005725601494623,179.07707367707349,95.97762848829085,100.60970286451266
2022-04-01,cotopaxi,Cotopaxi,Tomate Rinon De Invernadero,0.5042857142857144,9.23857142857143,2,2,2,0.3342488387096773,1.0,0.48102534144825265,4.0,52.95952380952381,52.82857142857143,3,3.0,54.11004745133318,54.43258064516129,36,108.71860080267848,0.0047563164570147,0.0251081661975325,0.0282276642961685,204.96368521707427,98.53853237190296,102.1451008707699,2,2022,4,2,0.8660254037844387,-0.4999999999999998,0,0.3342488387096773,0,52.95952380952381,0,0.398888888888889,0.40714285714285703,0.379166666666667,0.567638888888889,0.4235714285714285,0.3950661375661375,0.014374521875430854,0.43779232804232815,0.08131352049899102,0.01972222222222203,-0.16875,0.2709845416666666,0.184636925,54.514166666666675,52.26334365079365,108.20394858132713,0.0005725601494623,179.07707367707349,95.97762848829085,100.60970286451266
2022-04-01,imbabura,Imbabura,Tomate Rinon De Invernadero,0.61375,11.23,1,1,1,0.4673335104166666,1.0,0.48102534144825265,4.0,53.11629629629629,52.86111111111111,3,3.0,54.11004745133318,54.43258064516129,36,108.71860080267848,0.0047563164570147,0.0251081661975325,0.0282276642961685,204.96368521707427,98.53853237190296,102.1451008707699,3,2022,4,2,0.8660254037844387,-0.4999999999999998,0,0.4673335104166666,0,53.11629629629629,0,0.588888888888889,0.507142857142857,0.426666666666667,0.6075,0.497777777777778,0.5075661375661377,0.0811119394443075,0.512857142857143,0.07346715697811255,0.162222222222222,-0.018611111111111023,0.4598699531249999,0.3069363189655172,51.55454545454546,52.26334365079365,108.20394858132713,0.0005725601494623,179.07707367707349,95.97762848829085,100.60970286451266
2022-04-01,tungurahua,Tungurahua,Tomate Rinon De Invernadero,0.644545454545455,16.1809090909091,1,1,1,0.48102534144825265,0.0,0.48102534144825265,4.0,54.11004745133318,54.43258064516129,0,0.0,54.11004745133318,54.43258064516129,36,108.71860080267848,0.0047563164570147,0.0251081661975325,0.0282276642961685,204.96368521707427,98.53853237190296,102.1451008707699,4,2022,4,2,0.8660254037844387,-0.4999999999999998,1,0.48102534144825265,1,54.11004745133318,0,0.606363636363636,0.518888888888889,0.686,0.685833333333333,0.4829166666666665,0.6037508417508414,0.08358618836844088,0.589526936026936,0.08187082336126661,-0.07963636363636406,-0.07946969696969697,0.4475436011979166,0.37718842845493916,53.427803525550544,46.333333333333336,108.20394858132713,0.0005725601494623,179.07707367707349,95.97762848829085,100.60970286451266
2022-05-01,azuay,Azuay,Tomate Rinon De Invernadero,0.85125,15.5,1,1,1,0.5942675688888889,0.0,0.5942675688888889,3.0,54.33897167605394,54.70799999999999,0,0.0,54.33897167605394,54.70799999999999,45,109.84816676089956,0.0103898132415372,0.0397080320215621,0.0389107576979876,268.7214063635081,101.06768934677072,103.8232458384688,0,2022,5,2,0.49999999999999994,-0.8660254037844387,1,0.5942675688888889,1,54.33897167605394,0,0.87125,0.8575,0.74875,0.744375,0.8775,0.8258333333333333,0.06710920826036652,0.7646696428571428,0.09097612222474111,0.12249999999999994,0.12687499999999996,0.48102534144825265,0.38773597833462325,54.11004745133318,51.5599312018391,108.71860080267848,0.0047563164570147,204.96368521707427,98.53853237190296,102.1451008707699
2022-05-01,chimborazo,Chimborazo,Tomate Rinon De Invernadero,0.675909090909091,14.0609090909091,2,1,1,0.6709393533333332,2.0,0.5942675688888889,3.0,53.65138888888888,53.86666666666667,3,3.0,54.33897167605394,54.70799999999999,45,109.84816676089956,0.0103898132415372,0.0397080320215621,0.0389107576979876,268.7214063635081,101.06768934677072,103.8232458384688,1,2022,5,2,0.49999999999999994,-0.8660254037844387,0,0.6709393533333332,0,53.65138888888888,0,0.593636363636364,0.5800000000000001,0.495,0.5268181818181815,0.66875,0.5562121212121213,0.053447922698378496,0.5512794612794614,0.04622524698138803,0.09863636363636397,0.06681818181818244,0.5612595083333334,0.4140061358359133,53.87944444444444,48.57222222222222,108.71860080267848,0.0047563164570147,204.96368521707427,98.53853237190296,102.1451008707699
2022-05-01,cotopaxi,Cotopaxi,Tomate Rinon De Invernadero,0.67625,12.33791666666665,2,2,2,0.440924,1.0,0.5942675688888889,3.0,53.040625000000006,53.040625000000006,2,2.0,54.33897167605394,54.70799999999999,45,109.84816676089956,0.0103898132415372,0.0397080320215621,0.0389107576979876,268.7214063635081,101.06768934677072,103.8232458384688,2,2022,5,2,0.49999999999999994,-0.8660254037844387,0,0.440924,0,53.040625000000006,0,0.5042857142857144,0.398888888888889,0.40714285714285703,0.50875,0.5725,0.4367724867724867,0.05861364103111563,0.4272334656084656,0.06316921192281603,0.09714285714285742,-0.004464285714285587,0.3342488387096773,0.3858084999999999,52.95952380952381,54.51111111111111,108.71860080267848,0.0047563164570147,204.96368521707427,98.53853237190296,102.1451008707699
2022-05-01,imbabura,Imbabura,Tomate Rinon De Invernadero,0.751428571428572,13.7614285714286,1,1,1,0.5942675688888889,0.0,0.5942675688888889,3.0,53.28285714285713,53.021428571428565,3,3.0,54.33897167605394,54.70799999999999,45,109.84816676089956,0.0103898132415372,0.0397080320215621,0.0389107576979876,268.7214063635081,101.06768934677072,103.8232458384688,3,2022,5,2,0.49999999999999994,-0.8660254037844387,1,0.5942675688888889,0,53.28285714285713,0,0.61375,0.588888888888889,0.507142857142857,0.5025,0.57625,0.5699272486772485,0.05577569880044518,0.5138988095238096,0.07510353329884314,0.10660714285714301,0.11125000000000007,0.4673335104166666,0.3371231416666665,53.11629629629629,50.699999999999996,108.71860080267848,0.0047563164570147,204.96368521707427,98.53853237190296,102.1451008707699
2022-05-01,tungurahua,Tungurahua,Tomate Rinon De Invernadero,0.75,18.866,1,1,1,0.5942675688888889,0.0,0.5942675688888889,3.0,54.33897167605394,54.70799999999999,0,0.0,54.33897167605394,54.70799999999999,45,109.84816676089956,0.0103898132415372,0.0397080320215621,0.0389107576979876,268.7214063635081,101.06768934677072,103.8232458384688,4,2022,5,2,0.49999999999999994,-0.8660254037844387,1,0.5942675688888889,1,54.33897167605394,0,0.644545454545455,0.606363636363636,0.518888888888889,0.520909090909091,0.6045833333333335,0.5899326599326598,0.06441953013650216,0.582645622895623,0.07346040972473057,0.12565656565656602,0.12363636363636399,0.48102534144825265,0.38773597833462325,54.11004745133318,51.5599312018391,108.71860080267848,0.0047563164570147,204.96368521707427,98.53853237190296,102.1451008707699
2022-06-01,azuay,Azuay,Tomate Rinon De Invernadero,1.00125,18.25,1,1,1,0.44300758203921564,0.0,0.44300758203921564,3.0,54.78329083804659,55.49499999999999,0,0.0,54.78329083804659,55.49499999999999,42,112.1407601857628,0.0208705660955945,0.0726905539575875,0.0605934133339478,25.63,106.43832854608016,106.7479257166828,0,2022,6,2,1.2246467991473532e-16,-1.0,1,0.44300758203921564,1,54.78329083804659,0,0.85125,0.87125,0.8575,0.622142857142857,0.847777777777778,0.86,0.010231690964832195,0.7824821428571428,0.09650269307334476,-0.006250000000000089,0.22910714285714295,0.5942675688888889,0.4475436011979166,54.33897167605394,53.427803525550544,109.84816676089956,0.0103898132415372,268.7214063635081,101.06768934677072,103.8232458384688
2022-06-01,chimborazo,Chimborazo,Tomate Rinon De Invernadero,0.5764285714285715,11.88071428571425,2,1,1,0.4570177259999999,2.0,0.44300758203921564,3.0,54.144999999999996,54.144999999999996,2,2.0,54.78329083804659,55.49499999999999,42,112.1407601857628,0.0208705660955945,0.0726905539575875,0.0605934133339478,25.63,106.43832854608016,106.7479257166828,1,2022,6,2,1.2246467991473532e-16,-1.0,0,0.4570177259999999,0,54.144999999999996,0,0.675909090909091,0.593636363636364,0.5800000000000001,0.51,0.7153846153846155,0.6165151515151516,0.05188658430513965,0.5761279461279463,0.0662017741236518,0.09590909090909094,0.165909090909091,0.6709393533333332,0.529659955,53.65138888888888,51.8125,109.84816676089956,0.0103898132415372,268.7214063635081,101.06768934677072,103.8232458384688
2022-06-01,cotopaxi,Cotopaxi,Tomate Rinon De Invernadero,0.6558333333333335,11.97333333333335,2,2,2,0.414987294117647,1.0,0.44300758203921564,3.0,54.78125,54.78125,2,2.0,54.78329083804659,55.49499999999999,42,112.1407601857628,0.0208705660955945,0.0726905539575875,0.0605934133339478,25.63,106.43832854608016,106.7479257166828,2,2022,6,2,1.2246467991473532e-16,-1.0,0,0.414987294117647,0,54.78125,0,0.67625,0.5042857142857144,0.398888888888889,0.36516666666666653,0.580625,0.5264748677248677,0.1400055905560832,0.45515013227513235,0.11886125864153194,0.277361111111111,0.3110833333333335,0.440924,0.2709845416666666,53.040625000000006,54.514166666666675,109.84816676089956,0.0103898132415372,268.7214063635081,101.06768934677072,103.8232458384688
2022-06-01,imbabura,Imbabura,Tomate Rinon De Invernadero,0.765,14.0,1,1,1,0.44300758203921564,0.0,0.44300758203921564,3.0,51.06666666666666,50.75,3,3.0,54.78329083804659,55.49499999999999,42,112.1407601857628,0.0208705660955945,0.0726905539575875,0.0605934133339478,25.63,106.43832854608016,106.7479257166828,3,2022,6,2,1.2246467991473532e-16,-1.0,1,0.44300758203921564,0,51.06666666666666,0,0.751428571428572,0.61375,0.588888888888889,0.444444444444445,0.66875,0.6513558201058203,0.08755247214898616,0.555386904761905,0.12179128558555728,0.16253968253968298,0.306984126984127,0.5942675688888889,0.4598699531249999,53.28285714285713,51.55454545454546,109.84816676089956,0.0103898132415372,268.7214063635081,101.06768934677072,103.8232458384688
2022-06-01,tungurahua,Tungurahua,Tomate Rinon De Invernadero,0.7,17.6,1,1,1,0.44300758203921564,0.0,0.44300758203921564,3.0,54.78329083804659,55.49499999999999,0,0.0,54.78329083804659,55.49499999999999,42,112.1407601857628,0.0208705660955945,0.0726905539575875,0.0605934133339478,25.63,106.43832854608016,106.7479257166828,4,2022,6,2,1.2246467991473532e-16,-1.0,1,0.44300758203921564,1,54.78329083804659,0,0.75,0.644545454545455,0.606363636363636,0.519166666666667,0.6569230769230769,0.6669696969696967,0.07439748803484948,0.6208274410774411,0.09212072481356233,0.143636363636364,0.230833333333333,0.5942675688888889,0.4475436011979166,54.33897167605394,53.427803525550544,109.84816676089956,0.0103898132415372,268.7214063635081,101.06768934677072,103.8232458384688
2022-07-01,azuay,Azuay,Tomate Rinon De Invernadero,0.744444444444445,13.5555555555556,1,1,1,0.4313386956521739,1.0,0.3583545907971014,5.0,55.45277777777778,57.333333333333336,3,3.0,55.313870293814375,55.97727272727273,52,112.3300535059745,0.0016879974765475,0.0617700445884681,0.0623836923392986,192.48418600759345,100.1090178137248,103.398558525028,0,2022,7,3,-0.4999999999999997,-0.8660254037844388,0,0.4313386956521739,0,55.45277777777778,0,1.00125,0.85125,0.87125,0.744,0.7916666666666665,0.9079166666666666,0.081445278152469,0.8456666666666667,0.09461589013832032,0.13,0.25725,0.44300758203921564,0.48102534144825265,54.78329083804659,54.11004745133318,112.1407601857628,0.0208705660955945,25.63,106.43832854608016,106.7479257166828
2022-07-01,chimborazo,Chimborazo,Tomate Rinon De Invernadero,0.42423076923076897,8.859230769230791,2,1,1,0.34171609999999997,2.0,0.3583545907971014,5.0,54.980555555555554,54.075,3,3.0,55.313870293814375,55.97727272727273,52,112.3300535059745,0.0016879974765475,0.0617700445884681,0.0623836923392986,192.48418600759345,100.1090178137248,103.398558525028,1,2022,7,3,-0.4999999999999997,-0.8660254037844388,0,0.34171609999999997,0,54.980555555555554,0,0.5764285714285715,0.675909090909091,0.593636363636364,0.6022222222222224,0.606923076923077,0.6153246753246754,0.05316841719428832,0.5871993746993748,0.05797430537469575,-0.01720779220779245,-0.025793650793650924,0.4570177259999999,0.5612595083333334,54.144999999999996,53.87944444444444,112.1407601857628,0.0208705660955945,25.63,106.43832854608016,106.7479257166828
2022-07-01,cotopaxi,Cotopaxi,Tomate Rinon De Invernadero,0.372777777777778,6.83013888888889,2,2,2,0.3049724333333333,1.0,0.3583545907971014,5.0,55.68541666666667,56.30500000000001,3,3.0,55.313870293814375,55.97727272727273,52,112.3300535059745,0.0016879974765475,0.0617700445884681,0.0623836923392986,192.48418600759345,100.1090178137248,103.398558525028,2,2022,7,3,-0.4999999999999997,-0.8660254037844388,0,0.3049724333333333,0,55.68541666666667,0,0.6558333333333335,0.67625,0.5042857142857144,0.379166666666667,0.62,0.6121230158730158,0.09394611636287951,0.5035945767195769,0.13321826597589181,0.15154761904761904,0.2766666666666665,0.414987294117647,0.3342488387096773,54.78125,52.95952380952381,112.1407601857628,0.0208705660955945,25.63,106.43832854608016,106.7479257166828
2022-07-01,imbabura,Imbabura,Tomate Rinon De Invernadero,0.455,8.33375,1,1,1,0.372029625,1.0,0.3583545907971014,5.0,53.960151515151516,53.435,3,3.0,55.313870293814375,55.97727272727273,52,112.3300535059745,0.0016879974765475,0.0617700445884681,0.0623836923392986,192.48418600759345,100.1090178137248,103.398558525028,3,2022,7,3,-0.4999999999999997,-0.8660254037844388,0,0.372029625,0,53.960151515151516,0,0.765,0.751428571428572,0.61375,0.426666666666667,0.655555555555555,0.710059523809524,0.08368207215814198,0.6088128306878308,0.13316833636466485,0.15125,0.338333333333333,0.44300758203921564,0.4673335104166666,51.06666666666666,53.11629629629629,112.1407601857628,0.0208705660955945,25.63,106.43832854608016,106.7479257166828
2022-07-01,tungurahua,Tungurahua,Tomate Rinon De Invernadero,0.587,13.3015,2,1,1,0.3583545907971014,0.0,0.3583545907971014,5.0,55.313870293814375,55.97727272727273,0,0.0,55.313870293814375,55.97727272727273,52,112.3300535059745,0.0016879974765475,0.0617700445884681,0.0623836923392986,192.48418600759345,100.1090178137248,103.398558525028,4,2022,7,3,-0.4999999999999997,-0.8660254037844388,1,0.3583545907971014,1,55.313870293814375,0,0.7,0.75,0.644545454545455,0.686,0.5784615384615386,0.6981818181818179,0.05275077845965195,0.6509663299663301,0.08113495546641757,0.05545454545454498,0.013999999999999901,0.44300758203921564,0.48102534144825265,54.78329083804659,54.11004745133318,112.1407601857628,0.0208705660955945,25.63,106.43832854608016,106.7479257166828
2022-08-01,azuay,Azuay,Tomate Rinon De Invernadero,0.77375,14.125,1,1,1,0.3929974782608695,1.0,0.37368788265217384,5.0,56.25,56.25,2,2.0,56.12462462962653,57.333333333333336,47,111.91780618532256,-0.003669964606845,0.0593018231786413,0.0584847817895239,110.42277895468828,98.28856404456582,102.93974502000182,0,2022,8,3,-0.8660254037844385,-0.5000000000000004,0,0.3929974782608695,0,56.25,0,0.744444444444445,1.00125,0.85125,0.74875,0.7441666666666665,0.8656481481481483,0.1290067957265087,0.8457407407407408,0.09452050314298642,-0.10680555555555493,-0.004305555555555007,0.4313386956521739,0.5942675688888889,55.45277777777778,54.33897167605394,112.3300535059745,0.0016879974765475,192.48418600759345,100.1090178137248,103.398558525028
2022-08-01,chimborazo,Chimborazo,Tomate Rinon De Invernadero,0.550769230769231,11.473846153846175,2,1,1,0.3794702175,2.0,0.37368788265217384,5.0,56.00277777777777,57.333333333333336,3,3.0,56.12462462962653,57.333333333333336,47,111.91780618532256,-0.003669964606845,0.0593018231786413,0.0584847817895239,110.42277895468828,98.28856404456582,102.93974502000182,1,2022,8,3,-0.8660254037844385,-0.5000000000000004,0,0.3794702175,0,56.00277777777777,0,0.42423076923076897,0.5764285714285715,0.675909090909091,0.495,0.6204166666666665,0.5588561438561437,0.12675601389597205,0.5575341325341326,0.08701496570446376,-0.25167832167832205,-0.07076923076923103,0.34171609999999997,0.6709393533333332,54.980555555555554,53.65138888888888,112.3300535059745,0.0016879974765475,192.48418600759345,100.1090178137248,103.398558525028
2022-08-01,cotopaxi,Cotopaxi,Tomate Rinon De Invernadero,0.41125,7.553333333333335,2,2,2,0.3123211666666666,1.0,0.37368788265217384,5.0,57.866666666666674,58.18000000000001,3,3.0,56.12462462962653,57.333333333333336,47,111.91780618532256,-0.003669964606845,0.0593018231786413,0.0584847817895239,110.42277895468828,98.28856404456582,102.93974502000182,2,2022,8,3,-0.8660254037844385,-0.5000000000000004,0,0.3123211666666666,0,57.866666666666674,0,0.372777777777778,0.6558333333333335,0.67625,0.40714285714285703,0.48375,0.568287037037037,0.1696234444630899,0.502529761904762,0.1344317366173793,-0.30347222222222203,-0.03436507936507904,0.3049724333333333,0.440924,55.68541666666667,53.040625000000006,112.3300535059745,0.0016879974765475,192.48418600759345,100.1090178137248,103.398558525028
2022-08-01,imbabura,Imbabura,Tomate Rinon De Invernadero,0.495,9.0825,1,1,1,0.4041803333333332,1.0,0.37368788265217384,5.0,57.47596825396826,58.85333333333334,3,3.0,56.12462462962653,57.333333333333336,47,111.91780618532256,-0.003669964606845,0.0593018231786413,0.0584847817895239,110.42277895468828,98.28856404456582,102.93974502000182,3,2022,8,3,-0.8660254037844385,-0.5000000000000004,0,0.4041803333333332,0,57.47596825396826,0,0.455,0.765,0.751428571428572,0.507142857142857,0.59125,0.6571428571428573,0.1751923141544053,0.6135350529100531,0.12571109304348996,-0.296428571428572,-0.05214285714285699,0.372029625,0.5942675688888889,53.960151515151516,53.28285714285713,112.3300535059745,0.0016879974765475,192.48418600759345,100.1090178137248,103.398558525028
2022-08-01,tungurahua,Tungurahua,Tomate Rinon De Invernadero,0.545,13.7516666666667,1,1,1,0.37368788265217384,0.0,0.37368788265217384,5.0,56.12462462962653,57.333333333333336,0,0.0,56.12462462962653,57.333333333333336,47,111.91780618532256,-0.003669964606845,0.0593018231786413,0.0584847817895239,110.42277895468828,98.28856404456582,102.93974502000182,4,2022,8,3,-0.8660254037844385,-0.5000000000000004,1,0.37368788265217384,1,56.12462462962653,0,0.587,0.7,0.75,0.518888888888889,0.5270833333333335,0.6789999999999997,0.08350449089719782,0.6344663299663299,0.08263805216245229,-0.16300000000000003,0.06811111111111101,0.3583545907971014,0.5942675688888889,55.313870293814375,54.33897167605394,112.3300535059745,0.0016879974765475,192.48418600759345,100.1090178137248,103.398558525028
2022-09-01,azuay,Azuay,Tomate Rinon De Invernadero,0.927777777777778,16.8888888888889,1,1,1,0.5061040695652174,1.0,0.5371527433383307,5.0,54.91666666666667,54.91666666666667,2,2.0,55.957039018080685,56.42916666666667,54,112.88100219314993,0.0086062802752979,0.0713873780456328,0.0675943984887423,104.24323942595734,100.15837631663705,102.42912160522202,0,2022,9,3,-1.0,-1.8369701987210297e-16,0,0.5061040695652174,0,54.91666666666667,0,0.77375,0.744444444444445,1.00125,0.8575,0.7575,0.8398148148148149,0.1405727326277612,0.8499074074074073,0.08982418813249896,-0.22749999999999992,-0.08374999999999999,0.3929974782608695,0.44300758203921564,56.25,54.78329083804659,111.91780618532256,-0.003669964606845,110.42277895468828,98.28856404456582,102.93974502000182
2022-09-01,chimborazo,Chimborazo,Tomate Rinon De Invernadero,0.614642857142857,12.71392857142855,2,1,1,0.6139993402298849,2.0,0.5371527433383307,5.0,55.637499999999996,56.225,3,3.0,55.957039018080685,56.42916666666667,54,112.88100219314993,0.0086062802752979,0.0713873780456328,0.0675943984887423,104.24323942595734,100.15837631663705,102.42912160522202,1,2022,9,3,-1.0,-1.8369701987210297e-16,0,0.6139993402298849,0,55.637499999999996,0,0.550769230769231,0.42423076923076897,0.5764285714285715,0.5800000000000001,0.656538461538462,0.517142857142857,0.08148062653727113,0.5668290043290044,0.081822856949313,-0.0256593406593405,-0.02923076923076906,0.3794702175,0.4570177259999999,56.00277777777777,54.144999999999996,111.91780618532256,-0.003669964606845,110.42277895468828,98.28856404456582,102.93974502000182
2022-09-01,cotopaxi,Cotopaxi,Tomate Rinon De Invernadero,0.5465,10.016,2,2,2,0.4831792166666666,1.0,0.5371527433383307,5.0,57.86916666666667,58.9375,3,3.0,55.957039018080685,56.42916666666667,54,112.88100219314993,0.0086062802752979,0.0713873780456328,0.0675943984887423,104.24323942595734,100.15837631663705,102.42912160522202,2,2022,9,3,-1.0,-1.8369701987210297e-16,0,0.4831792166666666,0,57.86916666666667,0,0.41125,0.372777777777778,0.6558333333333335,0.398888888888889,0.5795,0.47995370370370366,0.15352609243926982,0.5032142857142858,0.13385811962378724,-0.24458333333333349,0.01236111111111099,0.3123211666666666,0.414987294117647,57.866666666666674,54.78125,111.91780618532256,-0.003669964606845,110.42277895468828,98.28856404456582,102.93974502000182
2022-09-01,imbabura,Imbabura,Tomate Rinon De Invernadero,0.575,10.534,1,1,1,0.4684817499999999,1.0,0.5371527433383307,5.0,56.64388888888889,59.70333333333334,3,3.0,55.957039018080685,56.42916666666667,54,112.88100219314993,0.0086062802752979,0.0713873780456328,0.0675943984887423,104.24323942595734,100.15837631663705,102.42912160522202,3,2022,9,3,-1.0,-1.8369701987210297e-16,0,0.4684817499999999,0,56.64388888888889,0,0.495,0.455,0.765,0.588888888888889,0.653333333333333,0.5716666666666665,0.1686218649325578,0.6115112433862435,0.12784606305180982,-0.27,-0.09388888888888902,0.4041803333333332,0.44300758203921564,57.47596825396826,51.06666666666666,111.91780618532256,-0.003669964606845,110.42277895468828,98.28856404456582,102.93974502000182
2022-09-01,tungurahua,Tungurahua,Tomate Rinon De Invernadero,0.584615384615385,14.6930769230769,1,1,1,0.5371527433383307,0.0,0.5371527433383307,5.0,52.666666666666664,53.0,3,3.0,55.957039018080685,56.42916666666667,54,112.88100219314993,0.0086062802752979,0.0713873780456328,0.0675943984887423,104.24323942595734,100.15837631663705,102.42912160522202,4,2022,9,3,-1.0,-1.8369701987210297e-16,1,0.5371527433383307,0,52.666666666666664,0,0.545,0.587,0.7,0.606363636363636,0.651538461538461,0.6106666666666664,0.08016441438277792,0.6388181818181818,0.07573332945330355,-0.15499999999999992,-0.061363636363635954,0.37368788265217384,0.44300758203921564,56.12462462962653,54.78329083804659,111.91780618532256,-0.003669964606845,110.42277895468828,98.28856404456582,102.93974502000182
2022-10-01,azuay,Azuay,Tomate Rinon De Invernadero,0.8225,15.0,1,1,1,0.454123435495367,1.0,0.4295691430574067,5.0,55.68333333333333,57.55,3,3.0,56.135622063492065,56.8125,50,113.31522576621752,0.0038467374016097,0.0736744381842839,0.071701153791158,306.4828905755133,99.79,102.15492781,0,2022,10,4,-0.8660254037844386,0.5000000000000001,0,0.454123435495367,0,55.68333333333333,0,0.927777777777778,0.77375,0.744444444444445,0.87125,0.870625,0.8153240740740744,0.09848390987422852,0.8616203703703705,0.09542002932238491,0.18333333333333302,0.056527777777778065,0.5061040695652174,0.4313386956521739,54.91666666666667,55.45277777777778,112.88100219314993,0.0086062802752979,104.24323942595734,100.15837631663705,102.42912160522202
2022-10-01,chimborazo,Chimborazo,Tomate Rinon De Invernadero,0.517727272727273,10.74318181818182,2,1,1,0.51588108,2.0,0.4295691430574067,5.0,57.21527777777778,58.475,3,3.0,56.135622063492065,56.8125,50,113.31522576621752,0.0038467374016097,0.0736744381842839,0.071701153791158,306.4828905755133,99.79,102.15492781,1,2022,10,4,-0.8660254037844386,0.5000000000000001,0,0.51588108,0,57.21527777777778,0,0.614642857142857,0.550769230769231,0.42423076923076897,0.593636363636364,0.6479166666666665,0.5298809523809522,0.09690939550054146,0.572602813852814,0.08412795936212247,0.19041208791208808,0.021006493506493085,0.6139993402298849,0.34171609999999997,55.637499999999996,54.980555555555554,112.88100219314993,0.0086062802752979,104.24323942595734,100.15837631663705,102.42912160522202
2022-10-01,cotopaxi,Cotopaxi,Tomate Rinon De Invernadero,0.400625,7.342499999999999,2,2,2,0.2847634166666666,1.0,0.4295691430574067,5.0,58.07750000000001,58.9375,3,3.0,56.135622063492065,56.8125,50,113.31522576621752,0.0038467374016097,0.0736744381842839,0.071701153791158,306.4828905755133,99.79,102.15492781,2,2022,10,4,-0.8660254037844386,0.5000000000000001,0,0.2847634166666666,0,58.07750000000001,0,0.5465,0.41125,0.372777777777778,0.5042857142857144,0.567638888888889,0.4435092592592591,0.09124334211011957,0.5278161375661377,0.12405509977206582,0.173722222222222,0.04221428571428554,0.4831792166666666,0.3049724333333333,57.86916666666667,55.68541666666667,112.88100219314993,0.0086062802752979,104.24323942595734,100.15837631663705,102.42912160522202
2022-10-01,imbabura,Imbabura,Tomate Rinon De Invernadero,0.45,8.23714285714286,1,1,1,0.3771967031249999,1.0,0.4295691430574067,5.0,56.24142857142857,59.21,3,3.0,56.135622063492065,56.8125,50,113.31522576621752,0.0038467374016097,0.0736744381842839,0.071701153791158,306.4828905755133,99.79,102.15492781,3,2022,10,4,-0.8660254037844386,0.5000000000000001,0,0.3771967031249999,0,56.24142857142857,0,0.575,0.495,0.455,0.61375,0.6075,0.5083333333333332,0.061101009266082175,0.6091964285714287,0.12846184566172236,0.11999999999999994,-0.03875000000000006,0.4684817499999999,0.372029625,56.64388888888889,53.960151515151516,112.88100219314993,0.0086062802752979,104.24323942595734,100.15837631663705,102.42912160522202
2022-10-01,tungurahua,Tungurahua,Tomate Rinon De Invernadero,0.530909090909091,13.3945454545455,1,1,1,0.4295691430574067,0.0,0.4295691430574067,5.0,55.25,55.25,2,2.0,56.135622063492065,56.8125,50,113.31522576621752,0.0038467374016097,0.0736744381842839,0.071701153791158,306.4828905755133,99.79,102.15492781,4,2022,10,4,-0.8660254037844386,0.5000000000000001,1,0.4295691430574067,0,55.25,0,0.584615384615385,0.545,0.587,0.644545454545455,0.685833333333333,0.572205128205128,0.02359048215121433,0.6351934731934733,0.07808136855700616,-0.0023846153846149853,-0.059930069930069996,0.5371527433383307,0.3583545907971014,52.666666666666664,55.313870293814375,112.88100219314993,0.0086062802752979,104.24323942595734,100.15837631663705,102.42912160522202
2022-11-01,azuay,Azuay,Tomate Rinon De Invernadero,0.878571428571429,16.0,1,1,1,0.555947652173913,1.0,0.4746830014209465,6.0,55.68333333333333,57.55,3,3.0,56.453244301450184,57.225,51,113.471147394109,0.0013759989166253,0.0756832439103665,0.0731758134177209,312.4697975599329,100.86,102.2431738191,0,2022,11,4,-0.5000000000000004,0.8660254037844384,0,0.555947652173913,0,55.68333333333333,0,0.8225,0.927777777777778,0.77375,0.85125,0.744375,0.8413425925925927,0.07872370388579188,0.8534953703703705,0.09650542973380835,0.04874999999999996,-0.028749999999999942,0.454123435495367,0.3929974782608695,55.68333333333333,56.25,113.31522576621752,0.0038467374016097,306.4828905755133,99.79,102.15492781
2022-11-01,chimborazo,Chimborazo,Tomate Rinon De Invernadero,0.5884545454545456,12.31627272727273,2,1,1,0.5473756514285713,2.0,0.4746830014209465,6.0,56.4,57.225,3,3.0,56.453244301450184,57.225,51,113.471147394109,0.0013759989166253,0.0756832439103665,0.0731758134177209,312.4697975599329,100.86,102.2431738191,1,2022,11,4,-0.5000000000000004,0.8660254037844384,0,0.5473756514285713,0,56.4,0,0.517727272727273,0.614642857142857,0.550769230769231,0.675909090909091,0.5268181818181815,0.5610464535464535,0.04926838343870739,0.5599512987012988,0.08601873925572781,-0.033041958041957975,-0.15818181818181798,0.51588108,0.3794702175,57.21527777777778,56.00277777777777,113.31522576621752,0.0038467374016097,306.4828905755133,99.79,102.15492781
2022-11-01,cotopaxi,Cotopaxi,Tomate Rinon De Invernadero,0.4466666666666665,8.1675,2,2,2,0.3297744083333333,1.0,0.4746830014209465,6.0,58.07750000000001,58.9375,3,3.0,56.453244301450184,57.225,51,113.471147394109,0.0013759989166253,0.0756832439103665,0.0731758134177209,312.4697975599329,100.86,102.2431738191,2,2022,11,4,-0.5000000000000004,0.8660254037844384,0,0.3297744083333333,0,58.07750000000001,0,0.400625,0.5465,0.41125,0.67625,0.50875,0.4527916666666665,0.08132749509442541,0.5105393518518518,0.13474518143903633,-0.010624999999999996,-0.275625,0.2847634166666666,0.3123211666666666,58.07750000000001,57.866666666666674,113.31522576621752,0.0038467374016097,306.4828905755133,99.79,102.15492781
2022-11-01,imbabura,Imbabura,Tomate Rinon De Invernadero,0.451428571428571,8.33285714285714,1,1,1,0.3858084999999999,1.0,0.4746830014209465,6.0,55.479629629629635,56.388888888888886,3,3.0,56.453244301450184,57.225,51,113.471147394109,0.0013759989166253,0.0756832439103665,0.0731758134177209,312.4697975599329,100.86,102.2431738191,3,2022,11,4,-0.5000000000000004,0.8660254037844384,0,0.3858084999999999,0,55.479629629629635,0,0.45,0.575,0.495,0.751428571428572,0.5025,0.5066666666666665,0.06331139971074613,0.581904761904762,0.1437817696333975,-0.044999999999999984,-0.301428571428572,0.3771967031249999,0.4041803333333332,56.24142857142857,57.47596825396826,113.31522576621752,0.0038467374016097,306.4828905755133,99.79,102.15492781
2022-11-01,tungurahua,Tungurahua,Tomate Rinon De Invernadero,0.598,15.1,1,1,1,0.4818161451612903,1.0,0.4746830014209465,6.0,57.0,57.0,2,2.0,56.453244301450184,57.225,51,113.471147394109,0.0013759989166253,0.0756832439103665,0.0731758134177209,312.4697975599329,100.86,102.2431738191,4,2022,11,4,-0.5000000000000004,0.8660254037844384,0,0.4818161451612903,0,57.0,0,0.530909090909091,0.584615384615385,0.545,0.75,0.520909090909091,0.5535081585081584,0.027845701047329148,0.6162540792540794,0.0884523256394686,-0.014090909090909043,-0.219090909090909,0.4295691430574067,0.37368788265217384,55.25,56.12462462962653,113.31522576621752,0.0038467374016097,306.4828905755133,99.79,102.15492781
2022-12-01,azuay,Azuay,Tomate Rinon De Invernadero,0.8,14.625,1,1,1,0.5408850310559006,1.0,0.4872397190890761,6.0,53.083333333333336,54.7,3,3.0,55.703014699492336,58.05,53,113.76573631990507,0.0025961571074355,0.0759619464332532,0.0759619464332532,362.45641130370376,99.66657566507234,101.67341805325532,0,2022,12,4,-2.4492935982947064e-16,1.0,0,0.5408850310559006,0,53.083333333333336,0,0.878571428571429,0.8225,0.927777777777778,1.00125,0.622142857142857,0.8762830687830689,0.05267618120505062,0.8580489417989421,0.09702148913597156,-0.04920634920634903,-0.12267857142857097,0.555947652173913,0.5061040695652174,55.68333333333333,54.91666666666667,113.471147394109,0.0013759989166253,312.4697975599329,100.86,102.2431738191
2022-12-01,chimborazo,Chimborazo,Tomate Rinon De Invernadero,0.6215454545454545,12.89863636363635,2,1,1,0.5357923462643678,2.0,0.4872397190890761,6.0,56.26111111111111,57.89166666666667,3,3.0,55.703014699492336,58.05,53,113.76573631990507,0.0025961571074355,0.0759619464332532,0.0759619464332532,362.45641130370376,99.66657566507234,101.67341805325532,1,2022,12,4,-2.4492935982947064e-16,1.0,0,0.5357923462643678,0,56.26111111111111,0,0.5884545454545456,0.517727272727273,0.614642857142857,0.5764285714285715,0.51,0.5736082251082251,0.050134494577318243,0.5453755411255412,0.0679523756230081,-0.026188311688311483,0.012025974025974051,0.5473756514285713,0.6139993402298849,56.4,55.637499999999996,113.471147394109,0.0013759989166253,312.4697975599329,100.86,102.2431738191
2022-12-01,cotopaxi,Cotopaxi,Tomate Rinon De Invernadero,0.455625,8.374375,2,2,2,0.3169141249999999,1.0,0.4872397190890761,6.0,56.8025,58.7,3,3.0,55.703014699492336,58.05,53,113.76573631990507,0.0025961571074355,0.0759619464332532,0.0759619464332532,362.45641130370376,99.66657566507234,101.67341805325532,2,2022,12,4,-2.4492935982947064e-16,1.0,0,0.3169141249999999,0,56.8025,0,0.4466666666666665,0.400625,0.5465,0.6558333333333335,0.36516666666666653,0.46459722222222194,0.07457216319209599,0.472275462962963,0.10827397605230252,-0.0998333333333335,-0.209166666666667,0.3297744083333333,0.4831792166666666,58.07750000000001,57.86916666666667,113.471147394109,0.0013759989166253,312.4697975599329,100.86,102.2431738191
2022-12-01,imbabura,Imbabura,Tomate Rinon De Invernadero,0.658571428571429,12.0471428571429,1,1,1,0.4837916111111111,1.0,0.4872397190890761,6.0,54.775,54.75,3,3.0,55.703014699492336,58.05,53,113.76573631990507,0.0025961571074355,0.0759619464332532,0.0759619464332532,362.45641130370376,99.66657566507234,101.67341805325532,3,2022,12,4,-2.4492935982947064e-16,1.0,0,0.4837916111111111,0,54.775,0,0.451428571428571,0.45,0.575,0.765,0.444444444444445,0.4921428571428568,0.07175994562371783,0.5319047619047619,0.12381575075915897,-0.12357142857142894,-0.313571428571429,0.3858084999999999,0.4684817499999999,55.479629629629635,56.64388888888889,113.471147394109,0.0013759989166253,312.4697975599329,100.86,102.2431738191
2022-12-01,tungurahua,Tungurahua,Tomate Rinon De Invernadero,0.5229999999999999,12.094000000000001,2,1,1,0.5102628548387096,1.0,0.4872397190890761,6.0,55.703014699492336,58.05,0,0.0,55.703014699492336,58.05,53,113.76573631990507,0.0025961571074355,0.0759619464332532,0.0759619464332532,362.45641130370376,99.66657566507234,101.67341805325532,4,2022,12,4,-2.4492935982947064e-16,1.0,0,0.5102628548387096,1,55.703014699492336,0,0.598,0.530909090909091,0.584615384615385,0.7,0.519166666666667,0.571174825174825,0.03550752031919573,0.5909207459207461,0.0595208248963774,0.013384615384614995,-0.10199999999999998,0.4818161451612903,0.5371527433383307,57.0,52.666666666666664,113.471147394109,0.0013759989166253,312.4697975599329,100.86,102.2431738191
2023-01-01,azuay,Azuay,Tomate Rinon De Invernadero,0.835,15.25,1,1,1,0.5751182608695652,1.0,0.44670694343857825,6.0,54.17222222222222,58.38333333333333,3,3.0,53.88144558795502,56.23571428571428,53,113.85759294140176,0.0008074190390539,0.056088871298831,0.0008074190390539,339.200977541764,97.3536941216633,103.18500625178298,0,2023,1,1,0.49999999999999994,0.8660254037844387,0,0.5751182608695652,0,54.17222222222222,0,0.8,0.878571428571429,0.8225,0.744444444444445,0.744,0.8336904761904762,0.04046340834588595,0.8245072751322753,0.06808630248179832,-0.022499999999999964,0.055555555555555025,0.5408850310559006,0.454123435495367,53.083333333333336,55.68333333333333,113.76573631990507,0.0025961571074355,362.45641130370376,99.66657566507234,101.67341805325532
2023-01-01,chimborazo,Chimborazo,Tomate Rinon De Invernadero,0.556,11.5335,2,1,1,0.4853313457142856,2.0,0.44670694343857825,6.0,54.56111111111111,56.125,3,3.0,53.88144558795502,56.23571428571428,53,113.85759294140176,0.0008074190390539,0.056088871298831,0.0008074190390539,339.200977541764,97.3536941216633,103.18500625178298,1,2023,1,1,0.49999999999999994,0.8660254037844387,0,0.4853313457142856,0,54.56111111111111,0,0.6215454545454545,0.5884545454545456,0.517727272727273,0.42423076923076897,0.6022222222222224,0.5759090909090908,0.05303390463960504,0.5528950216450217,0.0742777709139834,0.10381818181818148,0.19731468531468555,0.5357923462643678,0.51588108,56.26111111111111,57.21527777777778,113.76573631990507,0.0025961571074355,362.45641130370376,99.66657566507234,101.67341805325532
2023-01-01,cotopaxi,Cotopaxi,Tomate Rinon De Invernadero,0.39660714285714305,7.2791071428571446,2,2,2,0.2902749666666666,1.0,0.44670694343857825,6.0,55.51083333333333,57.45,3,3.0,53.88144558795502,56.23571428571428,53,113.85759294140176,0.0008074190390539,0.056088871298831,0.0008074190390539,339.200977541764,97.3536941216633,103.18500625178298,2,2023,1,1,0.49999999999999994,0.8660254037844387,0,0.2902749666666666,0,55.51083333333333,0,0.455625,0.4466666666666665,0.400625,0.372777777777778,0.379166666666667,0.43430555555555533,0.029510130479657247,0.43890740740740747,0.06085959711252796,0.05499999999999999,0.08284722222222202,0.3169141249999999,0.2847634166666666,56.8025,58.07750000000001,113.76573631990507,0.0025961571074355,362.45641130370376,99.66657566507234,101.67341805325532
2023-01-01,imbabura,Imbabura,Tomate Rinon De Invernadero,0.467142857142857,8.52571428571429,1,1,1,0.4363310416666666,1.0,0.44670694343857825,6.0,50.83467592592592,53.182500000000005,3,3.0,53.88144558795502,56.23571428571428,53,113.85759294140176,0.0008074190390539,0.056088871298831,0.0008074190390539,339.200977541764,97.3536941216633,103.18500625178298,3,2023,1,1,0.49999999999999994,0.8660254037844387,0,0.4363310416666666,0,50.83467592592592,0,0.658571428571429,0.451428571428571,0.45,0.455,0.426666666666667,0.5199999999999999,0.12000850310010176,0.5141666666666667,0.08541067259539079,0.20857142857142902,0.20357142857142901,0.4837916111111111,0.3771967031249999,54.775,56.24142857142857,113.76573631990507,0.0025961571074355,362.45641130370376,99.66657566507234,101.67341805325532
2023-01-01,tungurahua,Tungurahua,Tomate Rinon De Invernadero,0.503333333333333,12.7033333333333,1,1,1,0.4078546999999999,1.0,0.44670694343857825,6.0,53.88144558795502,56.23571428571428,0,0.0,53.88144558795502,56.23571428571428,53,113.85759294140176,0.0008074190390539,0.056088871298831,0.0008074190390539,339.200977541764,97.3536941216633,103.18500625178298,4,2023,1,1,0.49999999999999994,0.8660254037844387,0,0.4078546999999999,1,53.88144558795502,0,0.5229999999999999,0.598,0.530909090909091,0.587,0.686,0.5506363636363633,0.04120829973370341,0.561420745920746,0.0322709994814844,-0.007909090909091088,-0.06400000000000006,0.5102628548387096,0.4295691430574067,55.703014699492336,55.25,113.76573631990507,0.0025961571074355,362.45641130370376,99.66657566507234,101.67341805325532
2023-02-01,azuay,Azuay,Tomate Rinon De Invernadero,0.767142857142857,14.0,1,1,1,0.5271917391304347,1.0,0.4045087419166345,6.0,54.17222222222222,58.38333333333333,3,3.0,53.74155703494573,56.22472222222222,60,113.79934454922125,-0.0005115898788629,0.05231373726961,0.0002954160927826,312.83965805591106,97.12,102.08,0,2023,2,1,0.8660254037844386,0.5000000000000001,0,0.5271917391304347,0,54.17222222222222,0,0.835,0.8,0.878571428571429,0.77375,0.74875,0.837857142857143,0.039363559238441335,0.8395998677248678,0.05569927331414729,-0.04357142857142904,0.061249999999999916,0.5751182608695652,0.555947652173913,54.17222222222222,55.68333333333333,113.85759294140176,0.0008074190390539,339.200977541764,97.3536941216633,103.18500625178298
2023-02-01,chimborazo,Chimborazo,Tomate Rinon De Invernadero,0.487727272727273,10.136818181818189,2,1,1,0.42418671948529396,2.0,0.4045087419166345,6.0,54.316435185185185,56.4225,3,3.0,53.74155703494573,56.22472222222222,60,113.79934454922125,-0.0005115898788629,0.05231373726961,0.0002954160927826,312.83965805591106,97.12,102.08,1,2023,2,1,0.8660254037844386,0.5000000000000001,0,0.42418671948529396,0,54.316435185185185,0,0.556,0.6215454545454545,0.5884545454545456,0.550769230769231,0.495,0.5886666666666666,0.03277324212600024,0.5748565601065602,0.04036640254328205,-0.032454545454545514,0.005230769230769039,0.4853313457142856,0.5473756514285713,54.56111111111111,56.4,113.85759294140176,0.0008074190390539,339.200977541764,97.3536941216633,103.18500625178298
2023-02-01,cotopaxi,Cotopaxi,Tomate Rinon De Invernadero,0.3664285714285715,6.730714285714285,2,2,2,0.2792518666666666,1.0,0.4045087419166345,6.0,53.61944444444444,55.85833333333333,3,3.0,53.74155703494573,56.22472222222222,60,113.79934454922125,-0.0005115898788629,0.05231373726961,0.0002954160927826,312.83965805591106,97.12,102.08,2,2023,2,1,0.8660254037844386,0.5000000000000001,0,0.2792518666666666,0,53.61944444444444,0,0.39660714285714305,0.455625,0.4466666666666665,0.41125,0.40714285714285703,0.4329662698412697,0.0318049134618245,0.4428789682539683,0.05628676131421831,-0.05005952380952344,-0.014642857142856958,0.2902749666666666,0.3297744083333333,55.51083333333333,58.07750000000001,113.85759294140176,0.0008074190390539,339.200977541764,97.3536941216633,103.18500625178298
2023-02-01,imbabura,Imbabura,Tomate Rinon De Invernadero,0.498571428571429,9.14285714285714,1,1,1,0.3882048260869565,1.0,0.4045087419166345,6.0,50.30295238095238,51.442857142857136,3,3.0,53.74155703494573,56.22472222222222,60,113.79934454922125,-0.0005115898788629,0.05231373726961,0.0002954160927826,312.83965805591106,97.12,102.08,3,2023,2,1,0.8660254037844386,0.5000000000000001,0,0.3882048260869565,0,50.30295238095238,0,0.467142857142857,0.658571428571429,0.451428571428571,0.495,0.507142857142857,0.5257142857142856,0.11532562594671057,0.5161904761904762,0.08385807576344728,0.015714285714286014,-0.02785714285714297,0.4363310416666666,0.3858084999999999,50.83467592592592,55.479629629629635,113.85759294140176,0.0008074190390539,339.200977541764,97.3536941216633,103.18500625178298
2023-02-01,tungurahua,Tungurahua,Tomate Rinon De Invernadero,0.502727272727273,12.6672727272727,1,1,1,0.3840305806451612,1.0,0.4045087419166345,6.0,53.74155703494573,56.22472222222222,0,0.0,53.74155703494573,56.22472222222222,60,113.79934454922125,-0.0005115898788629,0.05231373726961,0.0002954160927826,312.83965805591106,97.12,102.08,4,2023,2,1,0.8660254037844386,0.5000000000000001,0,0.3840305806451612,1,53.74155703494573,0,0.503333333333333,0.5229999999999999,0.598,0.545,0.518888888888889,0.5414444444444441,0.049955906483550305,0.5474763014763014,0.03677023555631317,-0.09466666666666701,-0.041666666666667074,0.4078546999999999,0.4818161451612903,53.88144558795502,57.0,113.85759294140176,0.0008074190390539,339.200977541764,97.3536941216633,103.18500625178298
2023-03-01,azuay,Azuay,Tomate Rinon De Invernadero,1.0275,18.75,1,1,1,0.5171019450800914,1.0,0.629981800580242,6.0,53.04939305031886,54.71666666666667,0,0.0,53.04939305031886,54.71666666666667,62,114.61119378382196,0.0071340413937934,0.0592145230049445,0.0074315649972105,329.0336,98.75085466952608,106.9850666114509,0,2023,3,1,1.0,6.123233995736766e-17,0,0.5171019450800914,1,53.04939305031886,0,0.767142857142857,0.835,0.8,0.927777777777778,0.8575,0.8007142857142856,0.03393421005777067,0.8384986772486772,0.057303722076197335,-0.03285714285714303,-0.16063492063492102,0.5271917391304347,0.5408850310559006,54.17222222222222,53.083333333333336,113.79934454922125,-0.0005115898788629,312.83965805591106,97.12,102.08
2023-03-01,chimborazo,Chimborazo,Tomate Rinon De Invernadero,0.73,15.1288461538462,2,1,1,0.6750748905102041,2.0,0.629981800580242,6.0,51.570099206349205,53.50571428571429,3,3.0,53.04939305031886,54.71666666666667,62,114.61119378382196,0.0071340413937934,0.0592145230049445,0.0074315649972105,329.0336,98.75085466952608,106.9850666114509,1,2023,3,1,1.0,6.123233995736766e-17,0,0.6750748905102041,0,51.570099206349205,0,0.487727272727273,0.556,0.6215454545454545,0.614642857142857,0.5800000000000001,0.555090909090909,0.06691372266577442,0.5643495670995672,0.053844524593973216,-0.1338181818181815,-0.12691558441558404,0.42418671948529396,0.5357923462643678,54.316435185185185,56.26111111111111,113.79934454922125,-0.0005115898788629,312.83965805591106,97.12,102.08
2023-03-01,cotopaxi,Cotopaxi,Tomate Rinon De Invernadero,0.6475,11.85375,2,2,2,0.6044333166666667,1.0,0.629981800580242,6.0,53.598333333333336,55.95,3,3.0,53.04939305031886,54.71666666666667,62,114.61119378382196,0.0071340413937934,0.0592145230049445,0.0074315649972105,329.0336,98.75085466952608,106.9850666114509,2,2023,3,1,1.0,6.123233995736766e-17,0,0.6044333166666667,0,53.598333333333336,0,0.3664285714285715,0.39660714285714305,0.455625,0.5465,0.398888888888889,0.406220238095238,0.045368595057787474,0.4354087301587302,0.06379724491695812,-0.08919642857142851,-0.1800714285714285,0.2792518666666666,0.3169141249999999,53.61944444444444,56.8025,113.79934454922125,-0.0005115898788629,312.83965805591106,97.12,102.08
2023-03-01,imbabura,Imbabura,Tomate Rinon De Invernadero,0.668888888888889,12.1855555555556,1,1,1,0.5779253857142856,1.0,0.629981800580242,6.0,49.6,51.60714285714285,3,3.0,53.04939305031886,54.71666666666667,62,114.61119378382196,0.0071340413937934,0.0592145230049445,0.0074315649972105,329.0336,98.75085466952608,106.9850666114509,3,2023,3,1,1.0,6.123233995736766e-17,0,0.5779253857142856,0,49.6,0,0.498571428571429,0.467142857142857,0.658571428571429,0.575,0.588888888888889,0.5414285714285716,0.10265853841841216,0.5167857142857143,0.08369008670233687,-0.16000000000000003,-0.07642857142857096,0.3882048260869565,0.4837916111111111,50.30295238095238,54.775,113.79934454922125,-0.0005115898788629,312.83965805591106,97.12,102.08
2023-03-01,tungurahua,Tungurahua,Tomate Rinon De Invernadero,0.7,17.64,1,1,1,0.7302803749999999,1.0,0.629981800580242,6.0,52.3125,52.25,3,3.0,53.04939305031886,54.71666666666667,62,114.61119378382196,0.0071340413937934,0.0592145230049445,0.0074315649972105,329.0336,98.75085466952608,106.9850666114509,4,2023,3,1,1.0,6.123233995736766e-17,0,0.7302803749999999,0,52.3125,0,0.502727272727273,0.503333333333333,0.5229999999999999,0.584615384615385,0.606363636363636,0.5096868686868684,0.011533491508895415,0.540430846930847,0.041130922773021134,-0.020272727272726887,-0.08188811188811196,0.3840305806451612,0.5102628548387096,53.74155703494573,55.703014699492336,113.79934454922125,-0.0005115898788629,312.83965805591106,97.12,102.08
2023-04-01,azuay,Azuay,Tomate Rinon De Invernadero,0.868333333333333,15.8333333333333,1,1,1,0.68894375,1.0,0.5702732855532213,6.0,48.01894642561446,48.276250000000005,0,0.0,48.01894642561446,48.276250000000005,61,114.37099379455267,-0.0020957812351414,0.0519910387931974,0.0053202088276003,314.72125643870584,99.49,104.08101441415631,0,2023,4,2,0.8660254037844387,-0.4999999999999998,0,0.68894375,1,48.01894642561446,0,1.0275,0.767142857142857,0.835,0.8225,0.87125,0.8765476190476189,0.1350596680936913,0.8551190476190476,0.09220835619606828,0.19250000000000012,0.20500000000000007,0.5171019450800914,0.5751182608695652,53.04939305031886,54.17222222222222,114.61119378382196,0.0071340413937934,329.0336,98.75085466952608,106.9850666114509
2023-04-01,chimborazo,Chimborazo,Tomate Rinon De Invernadero,0.613,12.749500000000001,2,1,1,0.5696318152380953,2.0,0.5702732855532213,6.0,49.9274537037037,52.09333333333333,3,3.0,48.01894642561446,48.276250000000005,61,114.37099379455267,-0.0020957812351414,0.0519910387931974,0.0053202088276003,314.72125643870584,99.49,104.08101441415631,1,2023,4,2,0.8660254037844387,-0.4999999999999998,0,0.5696318152380953,0,49.9274537037037,0,0.73,0.487727272727273,0.556,0.517727272727273,0.593636363636364,0.5912424242424242,0.12492213552811186,0.5835757575757577,0.08624260738071017,0.17399999999999993,0.21227272727272695,0.6750748905102041,0.4853313457142856,51.570099206349205,54.56111111111111,114.61119378382196,0.0071340413937934,329.0336,98.75085466952608,106.9850666114509
2023-04-01,cotopaxi,Cotopaxi,Tomate Rinon De Invernadero,0.5610714285714284,10.285714285714299,2,2,2,0.4418425916666667,1.0,0.5702732855532213,6.0,48.50910714285715,48.32875,3,3.0,48.01894642561446,48.276250000000005,61,114.37099379455267,-0.0020957812351414,0.0519910387931974,0.0053202088276003,314.72125643870584,99.49,104.08101441415631,2,2023,4,2,0.8660254037844387,-0.4999999999999998,0,0.4418425916666667,0,48.50910714285715,0,0.6475,0.3664285714285715,0.39660714285714305,0.400625,0.5042857142857144,0.47017857142857133,0.15430441768247252,0.4522420634920635,0.10128347558831265,0.2508928571428569,0.24687499999999996,0.6044333166666667,0.2902749666666666,53.598333333333336,55.51083333333333,114.61119378382196,0.0071340413937934,329.0336,98.75085466952608,106.9850666114509
2023-04-01,imbabura,Imbabura,Tomate Rinon De Invernadero,0.64625,11.75,1,1,1,0.5673654411764706,1.0,0.5702732855532213,6.0,48.7238425925926,50.46875,3,3.0,48.01894642561446,48.276250000000005,61,114.37099379455267,-0.0020957812351414,0.0519910387931974,0.0053202088276003,314.72125643870584,99.49,104.08101441415631,3,2023,4,2,0.8660254037844387,-0.4999999999999998,0,0.5673654411764706,0,48.7238425925926,0,0.668888888888889,0.498571428571429,0.467142857142857,0.45,0.61375,0.5448677248677248,0.10854895494376732,0.5324338624338625,0.10324479500833383,0.20174603174603195,0.21888888888888897,0.5779253857142856,0.4363310416666666,49.6,50.83467592592592,114.61119378382196,0.0071340413937934,329.0336,98.75085466952608,106.9850666114509
2023-04-01,tungurahua,Tungurahua,Tomate Rinon De Invernadero,0.64,16.099,1,1,1,0.5842243,1.0,0.5702732855532213,6.0,44.25,43.583333333333336,3,3.0,48.01894642561446,48.276250000000005,61,114.37099379455267,-0.0020957812351414,0.0519910387931974,0.0053202088276003,314.72125643870584,99.49,104.08101441415631,4,2023,4,2,0.8660254037844387,-0.4999999999999998,0,0.5842243,0,44.25,0,0.7,0.502727272727273,0.503333333333333,0.530909090909091,0.644545454545455,0.5686868686868684,0.11372091130838627,0.5596616161616161,0.0771360750497058,0.196666666666667,0.16909090909090896,0.7302803749999999,0.4078546999999999,52.3125,53.88144558795502,114.61119378382196,0.0071340413937934,329.0336,98.75085466952608,106.9850666114509
2023-05-01,azuay,Azuay,Tomate Rinon De Invernadero,0.805714285714286,14.7142857142857,1,1,1,0.5579138684503901,1.0,0.5025266165869697,6.0,45.95738812840556,44.25,0,0.0,45.95738812840556,44.25,65,114.75454350227972,0.0033535575323933,0.0446650762234348,0.0086916079863814,232.33,98.92251943062216,100.64878647200568,0,2023,5,2,0.49999999999999994,-0.8660254037844387,0,0.5579138684503901,1,45.95738812840556,0,0.868333333333333,1.0275,0.767142857142857,0.878571428571429,0.85125,0.88765873015873,0.13125000449915333,0.8627579365079364,0.09085417337748371,0.10119047619047594,-0.010238095238096045,0.68894375,0.5271917391304347,48.01894642561446,54.17222222222222,114.37099379455267,-0.0020957812351414,314.72125643870584,99.49,104.08101441415631
2023-05-01,chimborazo,Chimborazo,Tomate Rinon De Invernadero,0.54875,11.444583333333334,2,1,1,0.5267204616666665,2.0,0.5025266165869697,6.0,46.821,48.86,3,3.0,45.95738812840556,44.25,65,114.75454350227972,0.0033535575323933,0.0446650762234348,0.0086916079863814,232.33,98.92251943062216,100.64878647200568,1,2023,5,2,0.49999999999999994,-0.8660254037844387,0,0.5267204616666665,0,46.821,0,0.613,0.73,0.487727272727273,0.5884545454545456,0.675909090909091,0.6102424242424241,0.1211599016303898,0.5994545454545456,0.0802569427495451,0.12527272727272698,0.024545454545454426,0.5696318152380953,0.42418671948529396,49.9274537037037,54.316435185185185,114.37099379455267,-0.0020957812351414,314.72125643870584,99.49,104.08101441415631
2023-05-01,cotopaxi,Cotopaxi,Tomate Rinon De Invernadero,0.44375,8.145624999999999,2,2,2,0.35825075,1.0,0.5025266165869697,6.0,46.201666666666675,45.42857142857143,3,3.0,45.95738812840556,44.25,65,114.75454350227972,0.0033535575323933,0.0446650762234348,0.0086916079863814,232.33,98.92251943062216,100.64878647200568,2,2023,5,2,0.49999999999999994,-0.8660254037844387,0,0.35825075,0,46.201666666666675,0,0.5610714285714284,0.6475,0.3664285714285715,0.4466666666666665,0.67625,0.5249999999999998,0.14396578746071598,0.4789831349206349,0.10600067187465183,0.19464285714285695,0.11440476190476195,0.4418425916666667,0.2792518666666666,48.50910714285715,53.61944444444444,114.37099379455267,-0.0020957812351414,314.72125643870584,99.49,104.08101441415631
2023-05-01,imbabura,Imbabura,Tomate Rinon De Invernadero,0.605,11.0,1,1,1,0.5150674702380952,1.0,0.5025266165869697,6.0,45.392857142857146,43.97857142857144,3,3.0,45.95738812840556,44.25,65,114.75454350227972,0.0033535575323933,0.0446650762234348,0.0086916079863814,232.33,98.92251943062216,100.64878647200568,3,2023,5,2,0.49999999999999994,-0.8660254037844387,0,0.5150674702380952,0,45.392857142857146,0,0.64625,0.668888888888889,0.498571428571429,0.451428571428571,0.751428571428572,0.6045701058201058,0.09249280786300697,0.5651421957671959,0.10299242647846182,0.147678571428571,0.19482142857142898,0.5673654411764706,0.3882048260869565,48.7238425925926,50.30295238095238,114.37099379455267,-0.0020957812351414,314.72125643870584,99.49,104.08101441415631
2023-05-01,tungurahua,Tungurahua,Tomate Rinon De Invernadero,0.584,14.698,1,1,1,0.5304866874999999,1.0,0.5025266165869697,6.0,45.944444444444436,45.66666666666666,3,3.0,45.95738812840556,44.25,65,114.75454350227972,0.0033535575323933,0.0446650762234348,0.0086916079863814,232.33,98.92251943062216,100.64878647200568,4,2023,5,2,0.49999999999999994,-0.8660254037844387,0,0.5304866874999999,0,45.944444444444436,0,0.64,0.7,0.502727272727273,0.598,0.75,0.6142424242424241,0.1011272552929516,0.5778434343434343,0.08172386127118042,0.137272727272727,0.04200000000000004,0.5842243,0.3840305806451612,44.25,53.74155703494573,114.37099379455267,-0.0020957812351414,314.72125643870584,99.49,104.08101441415631
2023-06-01,azuay,Azuay,Tomate Rinon De Invernadero,1.11666666666667,20.3333333333333,1,1,1,0.8237370923913043,1.0,0.6754645367874396,6.0,42.799054115964566,42.97922077922078,0,0.0,42.799054115964566,42.97922077922078,56,116.830773633579,0.0180927923891573,0.0418225580069826,0.0269416558343642,230.884941414758,110.01,106.39872791688548,0,2023,6,2,1.2246467991473532e-16,-1.0,0,0.8237370923913043,1,42.799054115964566,0,0.805714285714286,0.868333333333333,1.0275,0.8,1.00125,0.900515873015873,0.11434164884511473,0.8506150793650793,0.09315752442782506,-0.22178571428571403,0.005714285714286005,0.5579138684503901,0.5171019450800914,45.95738812840556,53.04939305031886,114.75454350227972,0.0033535575323933,232.33,98.92251943062216,100.64878647200568
2023-06-01,chimborazo,Chimborazo,Tomate Rinon De Invernadero,0.7946153846153845,16.45423076923075,2,1,1,0.69624655375,2.0,0.6754645367874396,6.0,42.14484848484849,43.00272727272727,3,3.0,42.799054115964566,42.97922077922078,56,116.830773633579,0.0180927923891573,0.0418225580069826,0.0269416558343642,230.884941414758,110.01,106.39872791688548,1,2023,6,2,1.2246467991473532e-16,-1.0,0,0.69624655375,0,42.14484848484849,0,0.54875,0.613,0.73,0.6215454545454545,0.5764285714285715,0.6305833333333332,0.09189543423551397,0.5928371212121212,0.08293743835644499,-0.18125000000000002,-0.07279545454545455,0.5267204616666665,0.6750748905102041,46.821,51.570099206349205,114.75454350227972,0.0033535575323933,232.33,98.92251943062216,100.64878647200568
2023-06-01,cotopaxi,Cotopaxi,Tomate Rinon De Invernadero,0.6186666666666665,11.320222222222199,2,2,2,0.5419690833333333,1.0,0.6754645367874396,6.0,42.98904761904762,42.955714285714286,3,3.0,42.799054115964566,42.97922077922078,56,116.830773633579,0.0180927923891573,0.0418225580069826,0.0269416558343642,230.884941414758,110.01,106.39872791688548,2,2023,6,2,1.2246467991473532e-16,-1.0,0,0.5419690833333333,0,42.98904761904762,0,0.44375,0.5610714285714284,0.6475,0.455625,0.6558333333333335,0.5507738095238093,0.10226458988104231,0.47849702380952386,0.10618504041647284,-0.20375,-0.011875000000000024,0.35825075,0.6044333166666667,46.201666666666675,53.598333333333336,114.75454350227972,0.0033535575323933,232.33,98.92251943062216,100.64878647200568
2023-06-01,imbabura,Imbabura,Tomate Rinon De Invernadero,0.663333333333333,12.1111111111111,1,1,1,0.5849758749999999,1.0,0.6754645367874396,6.0,44.80446428571429,43.54285714285714,3,3.0,42.799054115964566,42.97922077922078,56,116.830773633579,0.0180927923891573,0.0418225580069826,0.0269416558343642,230.884941414758,110.01,106.39872791688548,3,2023,6,2,1.2246467991473532e-16,-1.0,0,0.5849758749999999,0,44.80446428571429,0,0.605,0.64625,0.668888888888889,0.658571428571429,0.765,0.6400462962962962,0.03239308545966266,0.5907374338624339,0.08690725916599831,-0.063888888888889,-0.05357142857142905,0.5150674702380952,0.5779253857142856,45.392857142857146,49.6,114.75454350227972,0.0033535575323933,232.33,98.92251943062216,100.64878647200568
2023-06-01,tungurahua,Tungurahua,Tomate Rinon De Invernadero,0.710833333333333,17.8891666666667,1,1,1,0.7096120625,1.0,0.6754645367874396,6.0,39.27777777777778,39.333333333333336,3,3.0,42.799054115964566,42.97922077922078,56,116.830773633579,0.0180927923891573,0.0418225580069826,0.0269416558343642,230.884941414758,110.01,106.39872791688548,4,2023,6,2,1.2246467991473532e-16,-1.0,0,0.7096120625,0,39.27777777777778,0,0.584,0.64,0.7,0.5229999999999999,0.7,0.641333333333333,0.058011493114155516,0.575510101010101,0.08123164038760411,-0.11599999999999999,0.061000000000000054,0.5304866874999999,0.7302803749999999,45.944444444444436,52.3125,114.75454350227972,0.0033535575323933,232.33,98.92251943062216,100.64878647200568
2023-07-01,azuay,Azuay,Tomate Rinon De Invernadero,1.00875,18.375,1,1,1,0.7405420617110798,1.0,0.5694556412301789,6.0,40.88138548832343,39.48214285714286,0,0.0,40.88138548832343,39.48214285714286,62,119.20644807468774,0.0203343208918538,0.0612159823136513,0.0478238170013121,294.8527169522264,108.86,110.56790200872656,0,2023,7,3,-0.4999999999999997,-0.8660254037844388,0,0.7405420617110798,1,40.88138548832343,0,1.11666666666667,0.805714285714286,0.868333333333333,0.835,0.744444444444445,0.9302380952380963,0.1644597077245757,0.9033928571428577,0.1377680802444482,0.24833333333333707,0.28166666666667006,0.8237370923913043,0.68894375,42.799054115964566,48.01894642561446,116.830773633579,0.0180927923891573,230.884941414758,110.01,106.39872791688548
2023-07-01,chimborazo,Chimborazo,Tomate Rinon De Invernadero,0.6903846153846155,14.321153846153852,2,1,1,0.6174123834051723,2.0,0.5694556412301789,6.0,36.46365079365079,36.35142857142857,3,3.0,40.88138548832343,39.48214285714286,62,119.20644807468774,0.0203343208918538,0.0612159823136513,0.0478238170013121,294.8527169522264,108.86,110.56790200872656,1,2023,7,3,-0.4999999999999997,-0.8660254037844388,0,0.6174123834051723,0,36.46365079365079,0,0.7946153846153845,0.54875,0.613,0.556,0.42423076923076897,0.6521217948717947,0.1275160106163581,0.6216821095571096,0.11772101976212176,0.1816153846153845,0.23861538461538445,0.69624655375,0.5696318152380953,42.14484848484849,49.9274537037037,116.830773633579,0.0180927923891573,230.884941414758,110.01,106.39872791688548
2023-07-01,cotopaxi,Cotopaxi,Tomate Rinon De Invernadero,0.558125,10.2275,2,2,2,0.4427611833333333,1.0,0.5694556412301789,6.0,38.30142857142857,37.47428571428571,3,3.0,40.88138548832343,39.48214285714286,62,119.20644807468774,0.0203343208918538,0.0612159823136513,0.0478238170013121,294.8527169522264,108.86,110.56790200872656,2,2023,7,3,-0.4999999999999997,-0.8660254037844388,0,0.4427611833333333,0,38.30142857142857,0,0.6186666666666665,0.44375,0.5610714285714284,0.39660714285714305,0.372777777777778,0.5411626984126982,0.08914161890971382,0.5056706349206349,0.11922271805481378,0.05759523809523803,0.22205952380952343,0.5419690833333333,0.4418425916666667,42.98904761904762,48.50910714285715,116.830773633579,0.0180927923891573,230.884941414758,110.01,106.39872791688548
2023-07-01,imbabura,Imbabura,Tomate Rinon De Invernadero,0.598888888888889,10.9455555555556,1,1,1,0.4474508355263157,1.0,0.5694556412301789,6.0,42.97976190476191,40.80833333333333,3,3.0,40.88138548832343,39.48214285714286,62,119.20644807468774,0.0203343208918538,0.0612159823136513,0.0478238170013121,294.8527169522264,108.86,110.56790200872656,3,2023,7,3,-0.4999999999999997,-0.8660254037844388,0,0.4474508355263157,0,42.97976190476191,0,0.663333333333333,0.605,0.64625,0.467142857142857,0.455,0.6381944444444442,0.029989388555391034,0.5915310846560846,0.08766902870574686,0.017083333333333006,0.19619047619047597,0.5849758749999999,0.5673654411764706,44.80446428571429,48.7238425925926,116.830773633579,0.0180927923891573,230.884941414758,110.01,106.39872791688548
2023-07-01,tungurahua,Tungurahua,Tomate Rinon De Invernadero,0.659166666666667,16.5691666666667,1,1,1,0.551155,1.0,0.5694556412301789,6.0,40.833333333333336,43.0,3,3.0,40.88138548832343,39.48214285714286,62,119.20644807468774,0.0203343208918538,0.0612159823136513,0.0478238170013121,294.8527169522264,108.86,110.56790200872656,4,2023,7,3,-0.4999999999999997,-0.8660254037844388,0,0.551155,0,40.833333333333336,0,0.710833333333333,0.584,0.64,0.503333333333333,0.587,0.644944444444444,0.06356106716583358,0.6068156565656565,0.09237720135051737,0.07083333333333297,0.20750000000000002,0.7096120625,0.5842243,39.27777777777778,44.25,116.830773633579,0.0180927923891573,230.884941414758,110.01,106.39872791688548
2023-08-01,azuay,Azuay,Tomate Rinon De Invernadero,0.93875,17.125,1,1,1,0.6901419130434783,1.0,0.596863441908348,6.0,40.14653332361335,38.5,0,0.0,40.14653332361335,38.5,61,121.06,0.0155490911376785,0.0816866781639649,0.0641165250280957,250.56283166165167,111.36585533429036,113.39640470044716,0,2023,8,3,-0.8660254037844385,-0.5000000000000004,0,0.6901419130434783,1,40.14653332361335,0,1.00875,1.11666666666667,0.805714285714286,0.767142857142857,0.77375,0.977043650793652,0.15788228285651562,0.932351190476191,0.13877409981505476,0.203035714285714,0.24160714285714302,0.7405420617110798,0.5579138684503901,40.88138548832343,45.95738812840556,119.20644807468774,0.0203343208918538,294.8527169522264,108.86,110.56790200872656
2023-08-01,chimborazo,Chimborazo,Tomate Rinon De Invernadero,0.6529166666666665,13.5283333333333,2,1,1,0.6178894432432432,2.0,0.596863441908348,6.0,36.87,36.94,3,3.0,40.14653332361335,38.5,61,121.06,0.0155490911376785,0.0816866781639649,0.0641165250280957,250.56283166165167,111.36585533429036,113.39640470044716,1,2023,8,3,-0.8660254037844385,-0.5000000000000004,0,0.6178894432432432,0,36.87,0,0.6903846153846155,0.7946153846153845,0.54875,0.487727272727273,0.550769230769231,0.6779166666666665,0.12340597289816678,0.6440795454545455,0.11548784910248966,0.14163461538461553,0.20265734265734248,0.6174123834051723,0.5267204616666665,36.46365079365079,46.821,119.20644807468774,0.0203343208918538,294.8527169522264,108.86,110.56790200872656
2023-08-01,cotopaxi,Cotopaxi,Tomate Rinon De Invernadero,0.6012500000000001,10.998125,2,2,2,0.53462035,1.0,0.596863441908348,6.0,38.23500000000001,37.24100000000001,3,3.0,40.14653332361335,38.5,61,121.06,0.0155490911376785,0.0816866781639649,0.0641165250280957,250.56283166165167,111.36585533429036,113.39640470044716,2,2023,8,3,-0.8660254037844385,-0.5000000000000004,0,0.53462035,0,38.23500000000001,0,0.558125,0.6186666666666665,0.44375,0.3664285714285715,0.41125,0.5401805555555553,0.08882827468919802,0.5325902777777777,0.10731159731114576,0.114375,0.1916964285714285,0.4427611833333333,0.35825075,38.30142857142857,46.201666666666675,119.20644807468774,0.0203343208918538,294.8527169522264,108.86,110.56790200872656
2023-08-01,imbabura,Imbabura,Tomate Rinon De Invernadero,0.626666666666667,11.4066666666667,1,1,1,0.5445936309523809,1.0,0.596863441908348,6.0,40.87281746031746,43.364285714285714,3,3.0,40.14653332361335,38.5,61,121.06,0.0155490911376785,0.0816866781639649,0.0641165250280957,250.56283166165167,111.36585533429036,113.39640470044716,3,2023,8,3,-0.8660254037844385,-0.5000000000000004,0,0.5445936309523809,0,40.87281746031746,0,0.598888888888889,0.663333333333333,0.605,0.498571428571429,0.495,0.6224074074074072,0.03557435845414759,0.6134887566137567,0.06343211010755807,-0.006111111111110956,0.10031746031746003,0.4474508355263157,0.5150674702380952,42.97976190476191,45.392857142857146,119.20644807468774,0.0203343208918538,294.8527169522264,108.86,110.56790200872656
2023-08-01,tungurahua,Tungurahua,Tomate Rinon De Invernadero,0.683,17.166,1,1,1,0.5760458709677418,1.0,0.596863441908348,6.0,36.88333333333333,36.6,3,3.0,40.14653332361335,38.5,61,121.06,0.0155490911376785,0.0816866781639649,0.0641165250280957,250.56283166165167,111.36585533429036,113.39640470044716,4,2023,8,3,-0.8660254037844385,-0.5000000000000004,0,0.5760458709677418,0,36.88333333333333,0,0.659166666666667,0.710833333333333,0.584,0.502727272727273,0.545,0.6513333333333331,0.06377847947736588,0.6327878787878788,0.07829742744285347,0.07516666666666705,0.156439393939394,0.551155,0.5304866874999999,40.833333333333336,45.944444444444436,119.20644807468774,0.0203343208918538,294.8527169522264,108.86,110.56790200872656
2023-09-01,azuay,Azuay,Tomate Rinon De Invernadero,0.908888888888889,16.5555555555556,1,1,1,0.6740633380084151,1.0,0.5923392541205416,6.0,40.58068227229407,39.475,0,0.0,40.58068227229407,39.475,63,120.81276325644892,-0.0020422661783502,0.0702665719580253,0.061943315839207,314.18782965878165,110.3235575726552,113.10828180675765,0,2023,9,3,-1.0,-1.8369701987210297e-16,0,0.6740633380084151,1,40.58068227229407,0,0.93875,1.00875,1.11666666666667,1.0275,0.927777777777778,1.0213888888888898,0.08962918723107675,0.9609523809523816,0.1132521405343016,-0.17791666666667005,-0.0887500000000001,0.6901419130434783,0.8237370923913043,40.14653332361335,42.799054115964566,121.06,0.0155490911376785,250.56283166165167,111.36585533429036,113.39640470044716
2023-09-01,chimborazo,Chimborazo,Tomate Rinon De Invernadero,0.63125,13.09708333333335,2,1,1,0.5988136970588234,2.0,0.5923392541205416,6.0,36.28666666666667,34.94,3,3.0,40.58068227229407,39.475,63,120.81276325644892,-0.0020422661783502,0.0702665719580253,0.061943315839207,314.18782965878165,110.3235575726552,113.10828180675765,1,2023,9,3,-1.0,-1.8369701987210297e-16,0,0.5988136970588234,0,36.28666666666667,0,0.6529166666666665,0.6903846153846155,0.7946153846153845,0.73,0.614642857142857,0.7126388888888887,0.07342391425128517,0.671611111111111,0.08691530973415519,-0.14169871794871802,-0.0770833333333335,0.6178894432432432,0.69624655375,36.87,42.14484848484849,121.06,0.0155490911376785,250.56283166165167,111.36585533429036,113.39640470044716
2023-09-01,cotopaxi,Cotopaxi,Tomate Rinon De Invernadero,0.556111111111111,10.186250000000001,2,2,2,0.5878986666666666,1.0,0.5923392541205416,6.0,38.89833333333333,36.604,3,3.0,40.58068227229407,39.475,63,120.81276325644892,-0.0020422661783502,0.0702665719580253,0.061943315839207,314.18782965878165,110.3235575726552,113.10828180675765,2,2023,9,3,-1.0,-1.8369701987210297e-16,0,0.5878986666666666,0,38.89833333333333,0,0.6012500000000001,0.558125,0.6186666666666665,0.6475,0.5465,0.5926805555555553,0.031167288689579357,0.5717271825396825,0.07140469942524263,-0.017416666666666414,-0.0462499999999999,0.53462035,0.5419690833333333,38.23500000000001,42.98904761904762,121.06,0.0155490911376785,250.56283166165167,111.36585533429036,113.39640470044716
2023-09-01,imbabura,Imbabura,Tomate Rinon De Invernadero,0.595,10.875,1,1,1,0.5023989807692307,1.0,0.5923392541205416,6.0,38.38630952380952,39.207142857142856,3,3.0,40.58068227229407,39.475,63,120.81276325644892,-0.0020422661783502,0.0702665719580253,0.061943315839207,314.18782965878165,110.3235575726552,113.10828180675765,3,2023,9,3,-1.0,-1.8369701987210297e-16,0,0.5023989807692307,0,38.38630952380952,0,0.626666666666667,0.598888888888889,0.663333333333333,0.668888888888889,0.575,0.6296296296296295,0.03232423188690629,0.634837962962963,0.029499479053080535,-0.03666666666666596,-0.04222222222222194,0.5445936309523809,0.5849758749999999,40.87281746031746,44.80446428571429,121.06,0.0155490911376785,250.56283166165167,111.36585533429036,113.39640470044716
2023-09-01,tungurahua,Tungurahua,Tomate Rinon De Invernadero,0.700833333333333,17.6675,1,1,1,0.5920471451612903,1.0,0.5923392541205416,6.0,39.611111111111114,42.333333333333336,3,3.0,40.58068227229407,39.475,63,120.81276325644892,-0.0020422661783502,0.0702665719580253,0.061943315839207,314.18782965878165,110.3235575726552,113.10828180675765,4,2023,9,3,-1.0,-1.8369701987210297e-16,0,0.5920471451612903,0,39.611111111111114,0,0.683,0.659166666666667,0.710833333333333,0.7,0.584615384615385,0.684333333333333,0.025859126908012373,0.6628333333333333,0.046565127629065416,-0.027833333333332932,-0.016999999999999904,0.5760458709677418,0.7096120625,36.88333333333333,39.27777777777778,121.06,0.0155490911376785,250.56283166165167,111.36585533429036,113.39640470044716
2023-10-01,azuay,Azuay,Tomate Rinon De Invernadero,0.864444444444445,15.7777777777778,1,1,1,0.6390202898550724,1.0,0.5159652642974019,6.0,40.27471209224431,38.9875,0,0.0,40.27471209224431,38.9875,63,120.04410914664308,-0.0063623584883512,0.0593819880331707,0.0551868517695297,336.52,106.2838507869781,111.7568389575871,0,2023,10,4,-0.8660254037844386,0.5000000000000001,0,0.6390202898550724,1,40.27471209224431,0,0.908888888888889,0.93875,1.00875,0.868333333333333,0.8225,0.9521296296296295,0.051257401854322836,0.941183862433863,0.1096061059763025,-0.09986111111111107,0.04055555555555601,0.6740633380084151,0.7405420617110798,40.58068227229407,40.88138548832343,120.81276325644892,-0.0020422661783502,314.18782965878165,110.3235575726552,113.10828180675765
2023-10-01,chimborazo,Chimborazo,Tomate Rinon De Invernadero,0.549583333333333,11.43083333333335,2,1,1,0.5655561467741934,2.0,0.5159652642974019,6.0,36.803333333333335,35.02,3,3.0,40.27471209224431,38.9875,63,120.04410914664308,-0.0063623584883512,0.0593819880331707,0.0551868517695297,336.52,106.2838507869781,111.7568389575871,1,2023,10,4,-0.8660254037844386,0.5000000000000001,0,0.5655561467741934,0,36.803333333333335,0,0.63125,0.6529166666666665,0.6903846153846155,0.613,0.517727272727273,0.6581837606837605,0.029917091999567647,0.6551527777777778,0.08290458595119872,-0.05913461538461551,0.01824999999999999,0.5988136970588234,0.6174123834051723,36.28666666666667,36.46365079365079,120.81276325644892,-0.0020422661783502,314.18782965878165,110.3235575726552,113.10828180675765
2023-10-01,cotopaxi,Cotopaxi,Tomate Rinon De Invernadero,0.4183333333333335,7.675972222222225,2,2,2,0.3619251166666666,1.0,0.5159652642974019,6.0,39.22125,36.75875,3,3.0,40.27471209224431,38.9875,63,120.04410914664308,-0.0063623584883512,0.0593819880331707,0.0551868517695297,336.52,106.2838507869781,111.7568389575871,2,2023,10,4,-0.8660254037844386,0.5000000000000001,0,0.3619251166666666,0,39.22125,0,0.556111111111111,0.6012500000000001,0.558125,0.5610714285714284,0.400625,0.5718287037037034,0.025499479287436143,0.5564957010582009,0.06099755593843003,-0.0020138888888889817,-0.004960317460317443,0.5878986666666666,0.4427611833333333,38.89833333333333,38.30142857142857,120.81276325644892,-0.0020422661783502,314.18782965878165,110.3235575726552,113.10828180675765
2023-10-01,imbabura,Imbabura,Tomate Rinon De Invernadero,0.61625,11.25,1,1,1,0.5070625999999999,1.0,0.5159652642974019,6.0,37.87916666666667,37.77857142857143,3,3.0,40.27471209224431,38.9875,63,120.04410914664308,-0.0063623584883512,0.0593819880331707,0.0551868517695297,336.52,106.2838507869781,111.7568389575871,3,2023,10,4,-0.8660254037844386,0.5000000000000001,0,0.5070625999999999,0,37.87916666666667,0,0.595,0.626666666666667,0.598888888888889,0.64625,0.45,0.6068518518518519,0.017269945825246557,0.6225231481481481,0.02781641988143704,-0.0038888888888890527,-0.05125000000000002,0.5023989807692307,0.4474508355263157,38.38630952380952,42.97976190476191,120.81276325644892,-0.0020422661783502,314.18782965878165,110.3235575726552,113.10828180675765
2023-10-01,tungurahua,Tungurahua,Tomate Rinon De Invernadero,0.651666666666667,16.3883333333333,1,1,1,0.4566712857142857,1.0,0.5159652642974019,6.0,37.666666666666664,39.0,3,3.0,40.27471209224431,38.9875,63,120.04410914664308,-0.0063623584883512,0.0593819880331707,0.0551868517695297,336.52,106.2838507869781,111.7568389575871,4,2023,10,4,-0.8660254037844386,0.5000000000000001,0,0.4566712857142857,0,37.666666666666664,0,0.700833333333333,0.683,0.659166666666667,0.64,0.530909090909091,0.6809999999999997,0.020905209345472627,0.6629722222222222,0.04669920492621663,0.041666666666665964,0.06083333333333296,0.5920471451612903,0.551155,39.611111111111114,40.833333333333336,120.81276325644892,-0.0020422661783502,314.18782965878165,110.3235575726552,113.10828180675765
2023-11-01,azuay,Azuay,Tomate Rinon De Invernadero,0.814285714285714,14.8571428571429,1,1,1,0.5411058906030856,1.0,0.4670762931053219,6.0,39.78402200061311,38.55714285714286,0,0.0,39.78402200061311,38.55714285714286,63,118.67254552064384,-0.0114254971422527,0.0458389488956985,0.0431308174100943,304.4504754255826,104.472067096092,110.81659141958129,0,2023,11,4,-0.5000000000000004,0.8660254037844384,0,0.5411058906030856,1,39.78402200061311,0,0.864444444444445,0.908888888888889,0.93875,0.805714285714286,0.878571428571429,0.9040277777777779,0.03739052951658406,0.940535714285715,0.11013329237195991,-0.07430555555555496,0.058730158730158966,0.6390202898550724,0.6901419130434783,40.27471209224431,40.14653332361335,120.04410914664308,-0.0063623584883512,336.52,106.2838507869781,111.7568389575871
2023-11-01,chimborazo,Chimborazo,Tomate Rinon De Invernadero,0.504583333333333,10.56958333333335,2,1,1,0.5005750463541666,2.0,0.4670762931053219,6.0,37.36066666666667,35.970000000000006,3,3.0,39.78402200061311,38.55714285714286,63,118.67254552064384,-0.0114254971422527,0.0458389488956985,0.0431308174100943,304.4504754255826,104.472067096092,110.81659141958129,1,2023,11,4,-0.5000000000000004,0.8660254037844384,0,0.5005750463541666,0,37.36066666666667,0,0.549583333333333,0.63125,0.6529166666666665,0.54875,0.5884545454545456,0.6112499999999996,0.05449260908090952,0.6445833333333332,0.0928047669567025,-0.1033333333333335,0.0008333333333330195,0.5655561467741934,0.6178894432432432,36.803333333333335,36.87,120.04410914664308,-0.0063623584883512,336.52,106.2838507869781,111.7568389575871
2023-11-01,cotopaxi,Cotopaxi,Tomate Rinon De Invernadero,0.4208333333333335,7.70875,2,2,2,0.3986687833333333,1.0,0.4670762931053219,6.0,38.22333333333333,35.2975,3,3.0,39.78402200061311,38.55714285714286,63,118.67254552064384,-0.0114254971422527,0.0458389488956985,0.0431308174100943,304.4504754255826,104.472067096092,110.81659141958129,2,2023,11,4,-0.5000000000000004,0.8660254037844384,0,0.3986687833333333,0,38.22333333333333,0,0.4183333333333335,0.556111111111111,0.6012500000000001,0.44375,0.4466666666666665,0.5252314814814814,0.09528793407697952,0.5327060185185185,0.08279579428128256,-0.18291666666666656,-0.025416666666666476,0.3619251166666666,0.53462035,39.22125,38.23500000000001,120.04410914664308,-0.0063623584883512,336.52,106.2838507869781,111.7568389575871
2023-11-01,imbabura,Imbabura,Tomate Rinon De Invernadero,0.54125,9.875,1,1,1,0.4550561794871794,1.0,0.4670762931053219,6.0,38.24543650793651,38.55714285714286,3,3.0,39.78402200061311,38.55714285714286,63,118.67254552064384,-0.0114254971422527,0.0458389488956985,0.0431308174100943,304.4504754255826,104.472067096092,110.81659141958129,3,2023,11,4,-0.5000000000000004,0.8660254037844384,0,0.4550561794871794,0,38.24543650793651,0,0.61625,0.595,0.626666666666667,0.605,0.451428571428571,0.6126388888888888,0.016139223557451322,0.6175231481481481,0.025279062340169543,-0.010416666666667074,0.011249999999999982,0.5070625999999999,0.5445936309523809,37.87916666666667,40.87281746031746,120.04410914664308,-0.0063623584883512,336.52,106.2838507869781,111.7568389575871
2023-11-01,tungurahua,Tungurahua,Tomate Rinon De Invernadero,0.514545454545455,13.0009090909091,1,1,1,0.4064768125,1.0,0.4670762931053219,6.0,37.93055555555555,36.125,3,3.0,39.78402200061311,38.55714285714286,63,118.67254552064384,-0.0114254971422527,0.0458389488956985,0.0431308174100943,304.4504754255826,104.472067096092,110.81659141958129,4,2023,11,4,-0.5000000000000004,0.8660254037844384,0,0.4064768125,0,37.93055555555555,0,0.651666666666667,0.700833333333333,0.683,0.584,0.598,0.6784999999999997,0.024890314939310043,0.6649166666666666,0.0457853385072368,-0.0313333333333331,0.06766666666666699,0.4566712857142857,0.5760458709677418,37.666666666666664,36.88333333333333,120.04410914664308,-0.0063623584883512,336.52,106.2838507869781,111.7568389575871
2023-12-01,azuay,Azuay,Tomate Rinon De Invernadero,0.66,12.0,1,1,1,0.4823572510518933,1.0,0.37920370674453596,6.0,38.8124212764053,37.760000000000005,0,0.0,38.8124212764053,37.760000000000005,56,118.5838265594302,-0.0007475946591051,0.0423509783822506,0.0423509783822506,537.319736546466,103.417244572151,110.16194364620848,0,2023,12,4,-2.4492935982947064e-16,1.0,0,0.4823572510518933,1,38.8124212764053,0,0.814285714285714,0.864444444444445,0.908888888888889,1.11666666666667,0.8,0.8625396825396825,0.047330341744856334,0.9419642857142864,0.10807100484721903,-0.09460317460317502,-0.3023809523809561,0.5411058906030856,0.6740633380084151,39.78402200061311,40.58068227229407,118.67254552064384,-0.0114254971422527,304.4504754255826,104.472067096092,110.81659141958129
2023-12-01,chimborazo,Chimborazo,Tomate Rinon De Invernadero,0.42416666666666647,8.875416666666665,2,1,1,0.4115883306451613,2.0,0.37920370674453596,6.0,35.46791666666667,33.77,3,3.0,38.8124212764053,37.760000000000005,56,118.5838265594302,-0.0007475946591051,0.0423509783822506,0.0423509783822506,537.319736546466,103.417244572151,110.16194364620848,1,2023,12,4,-2.4492935982947064e-16,1.0,0,0.4115883306451613,0,35.46791666666667,0,0.504583333333333,0.549583333333333,0.63125,0.7946153846153845,0.6215454545454545,0.5618055555555551,0.06421174462782167,0.637222222222222,0.10310623679576407,-0.12666666666666693,-0.29003205128205145,0.5005750463541666,0.5988136970588234,37.36066666666667,36.28666666666667,118.67254552064384,-0.0114254971422527,304.4504754255826,104.472067096092,110.81659141958129
2023-12-01,cotopaxi,Cotopaxi,Tomate Rinon De Invernadero,0.3170833333333335,5.833333333333335,2,2,2,0.311747046875,1.0,0.37920370674453596,6.0,37.58166666666667,35.095,3,3.0,38.8124212764053,37.760000000000005,56,118.5838265594302,-0.0007475946591051,0.0423509783822506,0.0423509783822506,537.319736546466,103.417244572151,110.16194364620848,2,2023,12,4,-2.4492935982947064e-16,1.0,0,0.311747046875,0,37.58166666666667,0,0.4208333333333335,0.4183333333333335,0.556111111111111,0.6186666666666665,0.455625,0.46509259259259256,0.07883425990633655,0.5288865740740741,0.08808009227746483,-0.1352777777777775,-0.19783333333333297,0.3986687833333333,0.5878986666666666,38.22333333333333,38.89833333333333,118.67254552064384,-0.0114254971422527,304.4504754255826,104.472067096092,110.81659141958129
2023-12-01,imbabura,Imbabura,Tomate Rinon De Invernadero,0.38,7.0,1,1,1,0.30657996875,1.0,0.37920370674453596,6.0,38.087896825396825,38.892857142857146,3,3.0,38.8124212764053,37.760000000000005,56,118.5838265594302,-0.0007475946591051,0.0423509783822506,0.0423509783822506,537.319736546466,103.417244572151,110.16194364620848,3,2023,12,4,-2.4492935982947064e-16,1.0,0,0.30657996875,0,38.087896825396825,0,0.54125,0.61625,0.595,0.663333333333333,0.658571428571429,0.5841666666666665,0.03865579947865179,0.6068981481481482,0.040443973847483675,-0.053749999999999964,-0.12208333333333299,0.4550561794871794,0.5023989807692307,38.24543650793651,38.38630952380952,118.67254552064384,-0.0114254971422527,304.4504754255826,104.472067096092,110.81659141958129
2023-12-01,tungurahua,Tungurahua,Tomate Rinon De Invernadero,0.453,11.451,1,1,1,0.3513613124999999,1.0,0.37920370674453596,6.0,40.44444444444445,44.0,3,3.0,38.8124212764053,37.760000000000005,56,118.5838265594302,-0.0007475946591051,0.0423509783822506,0.0423509783822506,537.319736546466,103.417244572151,110.16194364620848,4,2023,12,4,-2.4492935982947064e-16,1.0,0,0.3513613124999999,0,40.44444444444445,0,0.514545454545455,0.651666666666667,0.700833333333333,0.710833333333333,0.5229999999999999,0.6223484848484847,0.09654253096260307,0.6533409090909091,0.07175164335505203,-0.186287878787878,-0.196287878787878,0.4064768125,0.5920471451612903,37.93055555555555,39.611111111111114,118.67254552064384,-0.0114254971422527,304.4504754255826,104.472067096092,110.81659141958129
2024-01-01,azuay,Azuay,Tomate Rinon De Invernadero,0.702222222222222,12.7777777777778,1,1,1,0.30313525,0.0,0.30313525,1.0,38.8727937242445,39.254999999999995,0,0.0,38.8727937242445,39.254999999999995,32,119.03335613962192,0.0037908169540004,0.0454582172739583,0.0037908169540004,371.36784966424665,104.66,112.4732896626278,0,2024,1,1,0.49999999999999994,0.8660254037844387,1,0.30313525,1,38.8727937242445,0,0.66,0.814285714285714,0.864444444444445,1.00875,0.835,0.7795767195767196,0.10655007485370999,0.8658531746031747,0.1205174174498989,-0.20444444444444498,-0.34875,0.4823572510518933,0.6390202898550724,38.8124212764053,40.27471209224431,118.5838265594302,-0.0007475946591051,537.319736546466,103.417244572151,110.16194364620848
2024-01-01,chimborazo,Chimborazo,Tomate Rinon De Invernadero,0.41423076923076896,8.647692307692285,2,1,1,0.30313525,0.0,0.30313525,1.0,38.8727937242445,39.254999999999995,0,0.0,38.8727937242445,39.254999999999995,32,119.03335613962192,0.0037908169540004,0.0454582172739583,0.0037908169540004,371.36784966424665,104.66,112.4732896626278,1,2024,1,1,0.49999999999999994,0.8660254037844387,1,0.30313525,1,38.8727937242445,0,0.42416666666666647,0.504583333333333,0.549583333333333,0.6903846153846155,0.556,0.49277777777777737,0.06353631580384882,0.5754807692307691,0.10089846422112897,-0.1254166666666665,-0.266217948717949,0.4115883306451613,0.5655561467741934,35.46791666666667,36.803333333333335,118.5838265594302,-0.0007475946591051,537.319736546466,103.417244572151,110.16194364620848
2024-01-01,cotopaxi,Cotopaxi,Tomate Rinon De Invernadero,0.319722222222222,5.87361111111111,2,2,2,0.30313525,1.0,0.30313525,1.0,36.3425,33.595,3,3.0,38.8727937242445,39.254999999999995,32,119.03335613962192,0.0037908169540004,0.0454582172739583,0.0037908169540004,371.36784966424665,104.66,112.4732896626278,2,2024,1,1,0.49999999999999994,0.8660254037844387,0,0.30313525,0,36.3425,0,0.3170833333333335,0.4208333333333335,0.4183333333333335,0.558125,0.39660714285714305,0.3854166666666667,0.05919160272651709,0.4786226851851852,0.10993808246733393,-0.10125,-0.2410416666666665,0.311747046875,0.3619251166666666,37.58166666666667,39.22125,118.5838265594302,-0.0007475946591051,537.319736546466,103.417244572151,110.16194364620848
2024-01-01,imbabura,Imbabura,Tomate Rinon De Invernadero,0.42375,7.75,1,1,1,0.30313525,0.0,0.30313525,1.0,38.8727937242445,39.254999999999995,0,0.0,38.8727937242445,39.254999999999995,32,119.03335613962192,0.0037908169540004,0.0454582172739583,0.0037908169540004,371.36784966424665,104.66,112.4732896626278,3,2024,1,1,0.49999999999999994,0.8660254037844387,1,0.30313525,1,38.8727937242445,0,0.38,0.54125,0.61625,0.598888888888889,0.467142857142857,0.5124999999999998,0.12072049328925284,0.559675925925926,0.09284049222125305,-0.23624999999999996,-0.21888888888888902,0.30657996875,0.5070625999999999,38.087896825396825,37.87916666666667,118.5838265594302,-0.0007475946591051,537.319736546466,103.417244572151,110.16194364620848
2024-01-01,tungurahua,Tungurahua,Tomate Rinon De Invernadero,0.435,10.9583333333333,1,1,1,0.30313525,0.0,0.30313525,1.0,38.8727937242445,39.254999999999995,0,0.0,38.8727937242445,39.254999999999995,32,119.03335613962192,0.0037908169540004,0.0454582172739583,0.0037908169540004,371.36784966424665,104.66,112.4732896626278,4,2024,1,1,0.49999999999999994,0.8660254037844387,1,0.30313525,1,38.8727937242445,0,0.453,0.514545454545455,0.651666666666667,0.659166666666667,0.503333333333333,0.5397373737373736,0.10170096216624926,0.6103686868686871,0.10148194059492283,-0.19866666666666694,-0.206166666666667,0.3513613124999999,0.4566712857142857,40.44444444444445,37.666666666666664,118.5838265594302,-0.0007475946591051,537.319736546466,103.417244572151,110.16194364620848
2024-02-01,azuay,Azuay,Tomate Rinon De Invernadero,0.792857142857143,14.4285714285714,1,1,1,0.37908440899999996,0.0,0.37908440899999996,5.0,36.73329433475021,34.5,0,0.0,36.73329433475021,34.5,49,119.67,0.0053484492164643,0.051587779121518,0.0091595411624321,544.3686748762918,105.46,110.01620800053206,0,2024,2,1,0.8660254037844386,0.5000000000000001,1,0.37908440899999996,1,36.73329433475021,0,0.702222222222222,0.66,0.814285714285714,0.93875,0.767142857142857,0.7255026455026453,0.07973395756671146,0.8147652116402115,0.11253261363208639,-0.11206349206349198,-0.236527777777778,0.30313525,0.5411058906030856,38.8727937242445,39.78402200061311,119.03335613962192,0.0037908169540004,371.36784966424665,104.66,112.4732896626278
2024-02-01,chimborazo,Chimborazo,Tomate Rinon De Invernadero,0.44681818181818145,9.333181818181815,2,1,1,0.3878294016666666,2.0,0.37908440899999996,5.0,33.115833333333335,29.7975,3,3.0,36.73329433475021,34.5,49,119.67,0.0053484492164643,0.051587779121518,0.0091595411624321,544.3686748762918,105.46,110.01620800053206,1,2024,2,1,0.8660254037844386,0.5000000000000001,0,0.3878294016666666,0,33.115833333333335,0,0.41423076923076896,0.42416666666666647,0.504583333333333,0.6529166666666665,0.487727272727273,0.44766025641025603,0.049546523886722954,0.529455128205128,0.10098614881164489,-0.09035256410256409,-0.23868589743589752,0.30313525,0.5005750463541666,38.8727937242445,37.36066666666667,119.03335613962192,0.0037908169540004,371.36784966424665,104.66,112.4732896626278
2024-02-01,cotopaxi,Cotopaxi,Tomate Rinon De Invernadero,0.3794285714285715,6.951142857142855,2,2,2,0.3435532833333333,1.0,0.37908440899999996,5.0,35.28678571428571,31.485,3,3.0,36.73329433475021,34.5,49,119.67,0.0053484492164643,0.051587779121518,0.0091595411624321,544.3686748762918,105.46,110.01620800053206,2,2024,2,1,0.8660254037844386,0.5000000000000001,0,0.3435532833333333,0,35.28678571428571,0,0.319722222222222,0.3170833333333335,0.4208333333333335,0.6012500000000001,0.3664285714285715,0.3525462962962962,0.059153026161945094,0.4388888888888889,0.11822690179752496,-0.10111111111111148,-0.28152777777777804,0.30313525,0.3986687833333333,36.3425,38.22333333333333,119.03335613962192,0.0037908169540004,371.36784966424665,104.66,112.4732896626278
2024-02-01,imbabura,Imbabura,Tomate Rinon De Invernadero,0.485,8.875,1,1,1,0.3766225833333333,1.0,0.37908440899999996,5.0,35.24236111111111,34.27,3,3.0,36.73329433475021,34.5,49,119.67,0.0053484492164643,0.051587779121518,0.0091595411624321,544.3686748762918,105.46,110.01620800053206,3,2024,2,1,0.8660254037844386,0.5000000000000001,0,0.3766225833333333,0,35.24236111111111,0,0.42375,0.38,0.54125,0.626666666666667,0.498571428571429,0.4483333333333332,0.08338852339101585,0.5304861111111111,0.10480716971693213,-0.1175,-0.20291666666666702,0.30313525,0.4550561794871794,38.8727937242445,38.24543650793651,119.03335613962192,0.0037908169540004,371.36784966424665,104.66,112.4732896626278
2024-02-01,tungurahua,Tungurahua,Tomate Rinon De Invernadero,0.467272727272727,11.7872727272727,1,1,1,0.3995873749999999,1.0,0.37908440899999996,5.0,33.333333333333336,29.0,3,3.0,36.73329433475021,34.5,49,119.67,0.0053484492164643,0.051587779121518,0.0091595411624321,544.3686748762918,105.46,110.01620800053206,4,2024,2,1,0.8660254037844386,0.5000000000000001,0,0.3995873749999999,0,33.333333333333336,0,0.435,0.453,0.514545454545455,0.683,0.502727272727273,0.4675151515151514,0.04171195335083666,0.5730075757575759,0.11957486282283544,-0.07954545454545497,-0.24800000000000005,0.30313525,0.4064768125,38.8727937242445,37.93055555555555,119.03335613962192,0.0037908169540004,371.36784966424665,104.66,112.4732896626278
2024-03-01,azuay,Azuay,Tomate Rinon De Invernadero,0.885,16.125,1,1,1,0.5197674686586948,0.0,0.5197674686586948,5.0,36.521820070623406,35.57,0,0.0,36.521820070623406,35.57,63,119.8024979221909,0.0011071941354632,0.0452949137600007,0.010276876688154,467.5878260515049,106.32,115.90210724667054,0,2024,3,1,1.0,6.123233995736766e-17,1,0.5197674686586948,1,36.521820070623406,0,0.792857142857143,0.702222222222222,0.66,0.908888888888889,1.0275,0.7183597883597882,0.06788277309210519,0.7904497354497355,0.09473988293565345,0.132857142857143,-0.11603174603174593,0.37908440899999996,0.4823572510518933,36.73329433475021,38.8124212764053,119.67,0.0053484492164643,544.3686748762918,105.46,110.01620800053206
2024-03-01,chimborazo,Chimborazo,Tomate Rinon De Invernadero,0.61625,12.7775,2,1,1,0.5980665261494251,2.0,0.5197674686586948,5.0,34.99916666666666,32.3975,3,3.0,36.521820070623406,35.57,63,119.8024979221909,0.0011071941354632,0.0452949137600007,0.010276876688154,467.5878260515049,106.32,115.90210724667054,1,2024,3,1,1.0,6.123233995736766e-17,0,0.5980665261494251,0,34.99916666666666,0,0.44681818181818145,0.41423076923076896,0.42416666666666647,0.63125,0.73,0.4284052059052055,0.01670205903305351,0.4951053807303805,0.08425876070585664,0.022651515151514978,-0.18443181818181853,0.3878294016666666,0.4115883306451613,33.115833333333335,35.46791666666667,119.67,0.0053484492164643,544.3686748762918,105.46,110.01620800053206
2024-03-01,cotopaxi,Cotopaxi,Tomate Rinon De Invernadero,0.526875,9.66625,2,2,2,0.4592958333333333,1.0,0.5197674686586948,5.0,34.31916666666667,31.25,3,3.0,36.521820070623406,35.57,63,119.8024979221909,0.0011071941354632,0.0452949137600007,0.010276876688154,467.5878260515049,106.32,115.90210724667054,2,2024,3,1,1.0,6.123233995736766e-17,0,0.4592958333333333,0,34.31916666666667,0,0.3794285714285715,0.319722222222222,0.3170833333333335,0.556111111111111,0.6475,0.3387447089947089,0.035257955563895,0.4019186507936509,0.08816077298384288,0.06234523809523801,-0.1766825396825395,0.3435532833333333,0.311747046875,35.28678571428571,37.58166666666667,119.67,0.0053484492164643,544.3686748762918,105.46,110.01620800053206
2024-03-01,imbabura,Imbabura,Tomate Rinon De Invernadero,0.56625,10.375,1,1,1,0.4064768125,1.0,0.5197674686586948,5.0,36.03438888888889,36.2925,3,3.0,36.521820070623406,35.57,63,119.8024979221909,0.0011071941354632,0.0452949137600007,0.010276876688154,467.5878260515049,106.32,115.90210724667054,3,2024,3,1,1.0,6.123233995736766e-17,0,0.4064768125,0,36.03438888888889,0,0.485,0.42375,0.38,0.595,0.668888888888889,0.4295833333333332,0.05274249551674657,0.506875,0.09422960654698553,0.10499999999999998,-0.10999999999999999,0.3766225833333333,0.30657996875,35.24236111111111,38.087896825396825,119.67,0.0053484492164643,544.3686748762918,105.46,110.01620800053206
2024-03-01,tungurahua,Tungurahua,Tomate Rinon De Invernadero,0.631666666666667,15.9025,1,1,1,0.5369316451612903,1.0,0.5197674686586948,5.0,32.666666666666664,29.0,3,3.0,36.521820070623406,35.57,63,119.8024979221909,0.0011071941354632,0.0452949137600007,0.010276876688154,467.5878260515049,106.32,115.90210724667054,4,2024,3,1,1.0,6.123233995736766e-17,0,0.5369316451612903,0,32.666666666666664,0,0.467272727272727,0.435,0.453,0.700833333333333,0.7,0.45175757575757536,0.01617219666292647,0.5370530303030303,0.11208558145973085,0.014272727272726993,-0.23356060606060597,0.3995873749999999,0.3513613124999999,33.333333333333336,40.44444444444445,119.67,0.0053484492164643,544.3686748762918,105.46,110.01620800053206
2024-04-01,azuay,Azuay,Tomate Rinon De Invernadero,0.86375,15.75,1,1,1,0.5431887260504201,0.0,0.5431887260504201,5.0,36.45055599855903,34.724000000000004,0,0.0,36.45055599855903,34.724000000000004,59,121.0624694584298,0.0105170723323084,0.058506754570107,0.0209020316759418,517.0091257146893,107.89,112.04008019807856,0,2024,4,2,0.8660254037844387,-0.4999999999999998,1,0.5431887260504201,1,36.45055599855903,0,0.885,0.792857142857143,0.702222222222222,0.864444444444445,0.868333333333333,0.7933597883597883,0.09138992560299906,0.786468253968254,0.08910110367860095,0.18277777777777804,0.020555555555554994,0.5197674686586948,0.30313525,36.521820070623406,38.8727937242445,119.8024979221909,0.0011071941354632,467.5878260515049,106.32,115.90210724667054
2024-04-01,chimborazo,Chimborazo,Tomate Rinon De Invernadero,0.5991666666666665,12.44458333333335,2,1,1,0.5681180688025209,2.0,0.5431887260504201,5.0,32.93933333333333,30.876666666666665,3,3.0,36.45055599855903,34.724000000000004,59,121.0624694584298,0.0105170723323084,0.058506754570107,0.0209020316759418,517.0091257146893,107.89,112.04008019807856,1,2024,4,2,0.8660254037844387,-0.4999999999999998,0,0.5681180688025209,0,32.93933333333333,0,0.61625,0.44681818181818145,0.41423076923076896,0.549583333333333,0.613,0.4924329836829833,0.10845955472904317,0.49260538073038046,0.07949950339510993,0.202019230769231,0.06666666666666698,0.5980665261494251,0.30313525,34.99916666666666,38.8727937242445,119.8024979221909,0.0011071941354632,467.5878260515049,106.32,115.90210724667054
2024-04-01,cotopaxi,Cotopaxi,Tomate Rinon De Invernadero,0.5636111111111111,10.32430555555555,2,2,2,0.5187341176470588,1.0,0.5431887260504201,5.0,34.21666666666667,31.235000000000003,3,3.0,36.45055599855903,34.724000000000004,59,121.0624694584298,0.0105170723323084,0.058506754570107,0.0209020316759418,517.0091257146893,107.89,112.04008019807856,2,2024,4,2,0.8660254037844387,-0.4999999999999998,0,0.5187341176470588,0,34.21666666666667,0,0.526875,0.3794285714285715,0.319722222222222,0.4183333333333335,0.5610714285714284,0.4086752645502643,0.10662830360264902,0.39704596560846567,0.07817662756641193,0.20715277777777796,0.10854166666666648,0.4592958333333333,0.30313525,34.31916666666667,36.3425,119.8024979221909,0.0011071941354632,467.5878260515049,106.32,115.90210724667054
2024-04-01,imbabura,Imbabura,Tomate Rinon De Invernadero,0.59,10.7777777777778,1,1,1,0.4684817499999999,1.0,0.5431887260504201,5.0,35.45712698412698,34.724000000000004,3,3.0,36.45055599855903,34.724000000000004,59,121.0624694584298,0.0105170723323084,0.058506754570107,0.0209020316759418,517.0091257146893,107.89,112.04008019807856,3,2024,4,2,0.8660254037844387,-0.4999999999999998,0,0.4684817499999999,0,35.45712698412698,0,0.56625,0.485,0.42375,0.61625,0.64625,0.49166666666666653,0.07148353540035576,0.5020833333333333,0.08946251542778327,0.14250000000000002,-0.04999999999999993,0.4064768125,0.30313525,36.03438888888889,38.8727937242445,119.8024979221909,0.0011071941354632,467.5878260515049,106.32,115.90210724667054
2024-04-01,tungurahua,Tungurahua,Tomate Rinon De Invernadero,0.656153846153846,16.5123076923077,1,1,1,0.592491625,1.0,0.5431887260504201,5.0,36.55555555555556,36.0,3,3.0,36.45055599855903,34.724000000000004,59,121.0624694584298,0.0105170723323084,0.058506754570107,0.0209020316759418,517.0091257146893,107.89,112.04008019807856,4,2024,4,2,0.8660254037844387,-0.4999999999999998,0,0.592491625,0,36.55555555555556,0,0.631666666666667,0.467272727272727,0.435,0.651666666666667,0.64,0.511313131313131,0.10547090753130306,0.5255252525252527,0.09396414467031501,0.19666666666666704,-0.019999999999999907,0.5369316451612903,0.30313525,32.666666666666664,38.8727937242445,119.8024979221909,0.0011071941354632,467.5878260515049,106.32,115.90210724667054
2024-05-01,azuay,Azuay,Tomate Rinon De Invernadero,0.941428571428571,17.1428571428571,1,1,1,0.4643326304286859,0.0,0.4643326304286859,4.0,35.028115777182585,31.985,0,0.0,35.028115777182585,31.985,58,120.27830166459763,-0.0064773814489339,0.048135420121367,0.0142892597947852,492.093786913819,106.83,110.15682579624308,0,2024,5,2,0.49999999999999994,-0.8660254037844387,1,0.4643326304286859,1,35.028115777182585,0,0.86375,0.885,0.792857142857143,0.814285714285714,0.805714285714286,0.847202380952381,0.04824877514218335,0.7863525132275132,0.08897992469849099,0.07089285714285698,0.04946428571428607,0.5431887260504201,0.37908440899999996,36.45055599855903,36.73329433475021,121.0624694584298,0.0105170723323084,517.0091257146893,107.89,112.04008019807856
2024-05-01,chimborazo,Chimborazo,Tomate Rinon De Invernadero,0.5349999999999999,11.139999999999985,2,1,1,0.5397978666666666,1.0,0.4643326304286859,4.0,32.39383333333333,29.815,3,3.0,35.028115777182585,31.985,58,120.27830166459763,-0.0064773814489339,0.048135420121367,0.0142892597947852,492.093786913819,106.83,110.15682579624308,1,2024,5,2,0.49999999999999994,-0.8660254037844387,0,0.5397978666666666,0,32.39383333333333,0,0.5991666666666665,0.61625,0.44681818181818145,0.504583333333333,0.54875,0.5540782828282825,0.09328186866142701,0.5008692696192694,0.08865655601308757,0.15234848484848507,0.09458333333333346,0.5681180688025209,0.3878294016666666,32.93933333333333,33.115833333333335,121.0624694584298,0.0105170723323084,517.0091257146893,107.89,112.04008019807856
2024-05-01,cotopaxi,Cotopaxi,Tomate Rinon De Invernadero,0.4322857142857145,7.93557142857143,2,2,2,0.418533328125,1.0,0.4643326304286859,4.0,33.36484848484849,30.454545454545453,3,3.0,35.028115777182585,31.985,58,120.27830166459763,-0.0064773814489339,0.048135420121367,0.0142892597947852,492.093786913819,106.83,110.15682579624308,2,2024,5,2,0.49999999999999994,-0.8660254037844387,0,0.418533328125,0,33.36484848484849,0,0.5636111111111111,0.526875,0.3794285714285715,0.4208333333333335,0.44375,0.48997156084656074,0.09747922777182656,0.42125892857142855,0.1042411777631818,0.18418253968253956,0.14277777777777756,0.5187341176470588,0.3435532833333333,34.21666666666667,35.28678571428571,121.0624694584298,0.0105170723323084,517.0091257146893,107.89,112.04008019807856
2024-05-01,imbabura,Imbabura,Tomate Rinon De Invernadero,0.476666666666667,8.72222222222222,1,1,1,0.40084,1.0,0.4643326304286859,4.0,34.422380952380955,31.91,3,3.0,35.028115777182585,31.985,58,120.27830166459763,-0.0064773814489339,0.048135420121367,0.0142892597947852,492.093786913819,106.83,110.15682579624308,3,2024,5,2,0.49999999999999994,-0.8660254037844387,0,0.40084,0,34.422380952380955,0,0.59,0.56625,0.485,0.54125,0.605,0.5470833333333331,0.05506151862538677,0.49770833333333336,0.08318434598328196,0.10499999999999998,0.04874999999999996,0.4684817499999999,0.3766225833333333,35.45712698412698,35.24236111111111,121.0624694584298,0.0105170723323084,517.0091257146893,107.89,112.04008019807856
2024-05-01,tungurahua,Tungurahua,Tomate Rinon De Invernadero,0.544166666666667,13.7508333333333,1,1,1,0.4981593269230769,1.0,0.4643326304286859,4.0,31.77777777777777,30.33333333333333,3,3.0,35.028115777182585,31.985,58,120.27830166459763,-0.0064773814489339,0.048135420121367,0.0142892597947852,492.093786913819,106.83,110.15682579624308,4,2024,5,2,0.49999999999999994,-0.8660254037844387,0,0.4981593269230769,0,31.77777777777777,0,0.656153846153846,0.631666666666667,0.467272727272727,0.514545454545455,0.584,0.5850310800310797,0.10271405805964598,0.5262731157731159,0.0951789049456683,0.18888111888111897,0.141608391608391,0.592491625,0.3995873749999999,36.55555555555556,33.333333333333336,121.0624694584298,0.0105170723323084,517.0091257146893,107.89,112.04008019807856
2024-06-01,azuay,Azuay,Tomate Rinon De Invernadero,0.80875,14.75,1,1,1,0.43470666989247303,0.0,0.43470666989247303,3.0,34.49319740190697,31.58684210526316,0,0.0,34.49319740190697,31.58684210526316,55,119.49839206095166,-0.0064842086465503,0.0228331829397896,0.0077123966063206,437.6221412248598,107.73,111.9608281795724,0,2024,6,2,1.2246467991473532e-16,-1.0,1,0.43470666989247303,1,34.49319740190697,0,0.941428571428571,0.86375,0.885,0.66,1.11666666666667,0.8967261904761902,0.04014495948570134,0.8075429894179894,0.10969160169811622,0.05642857142857094,0.2814285714285709,0.4643326304286859,0.5197674686586948,35.028115777182585,36.521820070623406,120.27830166459763,-0.0064773814489339,492.093786913819,106.83,110.15682579624308
2024-06-01,chimborazo,Chimborazo,Tomate Rinon De Invernadero,0.55375,11.569583333333316,2,1,1,0.3637623,1.0,0.43470666989247303,3.0,33.4005,31.8225,3,3.0,34.49319740190697,31.58684210526316,55,119.49839206095166,-0.0064842086465503,0.0228331829397896,0.0077123966063206,437.6221412248598,107.73,111.9608281795724,1,2024,6,2,1.2246467991473532e-16,-1.0,0,0.3637623,0,33.4005,0,0.5349999999999999,0.5991666666666665,0.61625,0.42416666666666647,0.7946153846153845,0.5834722222222221,0.04283838599685132,0.5059387140637139,0.08977398454530891,-0.08125000000000004,0.11083333333333345,0.5397978666666666,0.5980665261494251,32.39383333333333,34.99916666666666,120.27830166459763,-0.0064773814489339,492.093786913819,106.83,110.15682579624308
2024-06-01,cotopaxi,Cotopaxi,Tomate Rinon De Invernadero,0.506875,9.281875,2,2,2,0.4693707096774193,1.0,0.43470666989247303,3.0,33.247,29.55,3,3.0,34.49319740190697,31.58684210526316,55,119.49839206095166,-0.0064842086465503,0.0228331829397896,0.0077123966063206,437.6221412248598,107.73,111.9608281795724,2,2024,6,2,1.2246467991473532e-16,-1.0,0,0.4693707096774193,0,33.247,0,0.4322857142857145,0.5636111111111111,0.526875,0.3170833333333335,0.6186666666666665,0.5075906084656084,0.067753271363648,0.42316765873015877,0.10433663313932012,-0.09458928571428549,0.115202380952381,0.418533328125,0.4592958333333333,33.36484848484849,34.31916666666667,120.27830166459763,-0.0064773814489339,492.093786913819,106.83,110.15682579624308
2024-06-01,imbabura,Imbabura,Tomate Rinon De Invernadero,0.508571428571429,9.28571428571429,1,1,1,0.4709869999999999,1.0,0.43470666989247303,3.0,32.68666666666667,28.726,3,3.0,34.49319740190697,31.58684210526316,55,119.49839206095166,-0.0064842086465503,0.0228331829397896,0.0077123966063206,437.6221412248598,107.73,111.9608281795724,3,2024,6,2,1.2246467991473532e-16,-1.0,0,0.4709869999999999,0,32.68666666666667,0,0.476666666666667,0.59,0.56625,0.38,0.663333333333333,0.5443055555555555,0.059768554379314325,0.48694444444444446,0.08056039257508325,-0.08958333333333302,0.09666666666666701,0.40084,0.4064768125,34.422380952380955,36.03438888888889,120.27830166459763,-0.0064773814489339,492.093786913819,106.83,110.15682579624308
2024-06-01,tungurahua,Tungurahua,Tomate Rinon De Invernadero,0.528333333333333,13.3475,1,1,1,0.43470666989247303,0.0,0.43470666989247303,3.0,34.0,33.0,3,3.0,34.49319740190697,31.58684210526316,55,119.49839206095166,-0.0064842086465503,0.0228331829397896,0.0077123966063206,437.6221412248598,107.73,111.9608281795724,4,2024,6,2,1.2246467991473532e-16,-1.0,1,0.43470666989247303,0,34.0,0,0.544166666666667,0.656153846153846,0.631666666666667,0.453,0.710833333333333,0.610662393162393,0.05887416004883267,0.5312099844599846,0.09521714638068492,-0.08750000000000002,0.091166666666667,0.4981593269230769,0.5369316451612903,31.77777777777777,32.666666666666664,120.27830166459763,-0.0064773814489339,492.093786913819,106.83,110.15682579624308
2024-07-01,azuay,Azuay,Tomate Rinon De Invernadero,0.834444444444445,15.2222222222222,1,1,1,0.5599450839974699,0.0,0.5599450839974699,3.0,34.564431839402424,30.870625,0,0.0,34.564431839402424,30.870625,64,119.6511264781158,0.001278129475468,0.0037303217284809,0.0090003835232177,448.1688749879122,109.03,109.74519748323851,0,2024,7,3,-0.4999999999999997,-0.8660254037844388,1,0.5599450839974699,1,34.564431839402424,0,0.80875,0.941428571428571,0.86375,0.702222222222222,1.00875,0.8713095238095235,0.06666153785543431,0.832334656084656,0.08331386456883687,-0.05500000000000005,0.106527777777778,0.43470666989247303,0.5431887260504201,34.49319740190697,36.45055599855903,119.49839206095166,-0.0064842086465503,437.6221412248598,107.73,111.9608281795724
2024-07-01,chimborazo,Chimborazo,Tomate Rinon De Invernadero,0.5689285714285715,11.845000000000015,2,1,1,0.5595844294117647,1.0,0.5599450839974699,3.0,32.624833333333335,31.0825,3,3.0,34.564431839402424,30.870625,64,119.6511264781158,0.001278129475468,0.0037303217284809,0.0090003835232177,448.1688749879122,109.03,109.74519748323851,1,2024,7,3,-0.4999999999999997,-0.8660254037844388,0,0.5595844294117647,0,32.624833333333335,0,0.55375,0.5349999999999999,0.5991666666666665,0.41423076923076896,0.6903846153846155,0.5626388888888886,0.03299393182143454,0.5275359362859361,0.08136025170411758,-0.04541666666666655,0.139519230769231,0.3637623,0.5681180688025209,33.4005,32.93933333333333,119.49839206095166,-0.0064842086465503,437.6221412248598,107.73,111.9608281795724
2024-07-01,cotopaxi,Cotopaxi,Tomate Rinon De Invernadero,0.5672222222222221,10.342222222222201,2,2,2,0.5440433225806451,1.0,0.5599450839974699,3.0,34.08111111111111,30.46,3,3.0,34.564431839402424,30.870625,64,119.6511264781158,0.001278129475468,0.0037303217284809,0.0090003835232177,448.1688749879122,109.03,109.74519748323851,2,2024,7,3,-0.4999999999999997,-0.8660254037844388,0,0.5440433225806451,0,34.08111111111111,0,0.506875,0.4322857142857145,0.5636111111111111,0.319722222222222,0.558125,0.5009239417989417,0.06586464364984933,0.45479960317460316,0.0940002345803384,-0.0567361111111111,0.18715277777777795,0.4693707096774193,0.5187341176470588,33.247,34.21666666666667,119.49839206095166,-0.0064842086465503,437.6221412248598,107.73,111.9608281795724
2024-07-01,imbabura,Imbabura,Tomate Rinon De Invernadero,0.684444444444444,12.5,1,1,1,0.5762074999999999,1.0,0.5599450839974699,3.0,31.743253968253967,27.81142857142857,3,3.0,34.564431839402424,30.870625,64,119.6511264781158,0.001278129475468,0.0037303217284809,0.0090003835232177,448.1688749879122,109.03,109.74519748323851,3,2024,7,3,-0.4999999999999997,-0.8660254037844388,0,0.5762074999999999,0,31.743253968253967,0,0.508571428571429,0.476666666666667,0.59,0.42375,0.598888888888889,0.5250793650793651,0.05844223718274439,0.508373015873016,0.061197049705585295,-0.08142857142857096,0.08482142857142899,0.4709869999999999,0.4684817499999999,32.68666666666667,35.45712698412698,119.49839206095166,-0.0064842086465503,437.6221412248598,107.73,111.9608281795724
2024-07-01,tungurahua,Tungurahua,Tomate Rinon De Invernadero,0.53,13.3335714285714,1,1,1,0.5599450839974699,0.0,0.5599450839974699,3.0,30.333333333333332,28.0,3,3.0,34.564431839402424,30.870625,64,119.6511264781158,0.001278129475468,0.0037303217284809,0.0090003835232177,448.1688749879122,109.03,109.74519748323851,4,2024,7,3,-0.4999999999999997,-0.8660254037844388,1,0.5599450839974699,0,30.333333333333332,0,0.528333333333333,0.544166666666667,0.656153846153846,0.435,0.659166666666667,0.5762179487179484,0.06967771799702781,0.54376554001554,0.08749531007434128,-0.127820512820513,0.09333333333333299,0.43470666989247303,0.592491625,34.0,36.55555555555556,119.49839206095166,-0.0064842086465503,437.6221412248598,107.73,111.9608281795724
2024-08-01,azuay,Azuay,Tomate Rinon De Invernadero,0.98,17.875,1,1,1,0.7368702717391303,1.0,0.658100714235624,3.0,30.825,30.825,2,2.0,34.844143814676684,31.0,67,120.01774966824392,0.0030641014499364,-0.0086093699963331,0.0120920630613576,515.2523980881972,107.52,107.5845921645176,0,2024,8,3,-0.8660254037844385,-0.5000000000000004,0,0.7368702717391303,0,30.825,0,0.834444444444445,0.80875,0.941428571428571,0.792857142857143,0.93875,0.8615410052910053,0.07036738261698358,0.854371693121693,0.05452966146980718,-0.10698412698412596,0.04158730158730195,0.5599450839974699,0.4643326304286859,34.564431839402424,35.028115777182585,119.6511264781158,0.001278129475468,448.1688749879122,109.03,109.74519748323851
2024-08-01,chimborazo,Chimborazo,Tomate Rinon De Invernadero,0.675416666666667,13.94458333333335,2,1,1,0.6613859999999999,1.0,0.658100714235624,3.0,34.41583333333333,30.53,3,3.0,34.844143814676684,31.0,67,120.01774966824392,0.0030641014499364,-0.0086093699963331,0.0120920630613576,515.2523980881972,107.52,107.5845921645176,1,2024,8,3,-0.8660254037844385,-0.5000000000000004,0,0.6613859999999999,0,34.41583333333333,0,0.5689285714285715,0.55375,0.5349999999999999,0.44681818181818145,0.6529166666666665,0.5525595238095237,0.016995585161048106,0.5533189033189032,0.059973617225077235,0.03392857142857153,0.12211038961039,0.5595844294117647,0.5397978666666666,32.624833333333335,32.39383333333333,119.6511264781158,0.001278129475468,448.1688749879122,109.03,109.74519748323851
2024-08-01,cotopaxi,Cotopaxi,Tomate Rinon De Invernadero,0.63225,11.579374999999999,2,2,2,0.5760458709677418,1.0,0.658100714235624,3.0,33.77428571428572,30.5,3,3.0,34.844143814676684,31.0,67,120.01774966824392,0.0030641014499364,-0.0086093699963331,0.0120920630613576,515.2523980881972,107.52,107.5845921645176,2,2024,8,3,-0.8660254037844385,-0.5000000000000004,0,0.5760458709677418,0,33.77428571428572,0,0.5672222222222221,0.506875,0.4322857142857145,0.3794285714285715,0.6012500000000001,0.5021276455026453,0.06759340444575813,0.49604960317460317,0.07531771628822112,0.13493650793650758,0.18779365079365057,0.5440433225806451,0.418533328125,34.08111111111111,33.36484848484849,119.6511264781158,0.001278129475468,448.1688749879122,109.03,109.74519748323851
2024-08-01,imbabura,Imbabura,Tomate Rinon De Invernadero,0.775555555555556,14.1666666666667,1,1,1,0.658100714235624,0.0,0.658100714235624,3.0,32.779801587301584,28.82857142857143,3,3.0,34.844143814676684,31.0,67,120.01774966824392,0.0030641014499364,-0.0086093699963331,0.0120920630613576,515.2523980881972,107.52,107.5845921645176,3,2024,8,3,-0.8660254037844385,-0.5000000000000004,1,0.658100714235624,0,32.779801587301584,0,0.684444444444444,0.508571428571429,0.476666666666667,0.485,0.626666666666667,0.5565608465608465,0.11189342882310185,0.5518220899470899,0.07904246375172294,0.20777777777777695,0.19944444444444398,0.5762074999999999,0.40084,31.743253968253967,34.422380952380955,119.6511264781158,0.001278129475468,448.1688749879122,109.03,109.74519748323851
2024-08-01,tungurahua,Tungurahua,Tomate Rinon De Invernadero,0.6065,13.468499999999999,2,1,1,0.658100714235624,0.0,0.658100714235624,3.0,33.333333333333336,31.0,3,3.0,34.844143814676684,31.0,67,120.01774966824392,0.0030641014499364,-0.0086093699963331,0.0120920630613576,515.2523980881972,107.52,107.5845921645176,4,2024,8,3,-0.8660254037844385,-0.5000000000000004,1,0.658100714235624,0,33.333333333333336,0,0.53,0.528333333333333,0.544166666666667,0.467272727272727,0.683,0.5341666666666663,0.008700255424126968,0.5595988733488734,0.07089785209074607,-0.014166666666666994,0.06272727272727302,0.5599450839974699,0.4981593269230769,30.333333333333332,31.77777777777777,119.6511264781158,0.001278129475468,448.1688749879122,109.03,109.74519748323851
2024-09-01,azuay,Azuay,Tomate Rinon De Invernadero,0.919375,17.8125,2,2,2,0.7519899482401655,1.0,0.6522232261462593,5.0,33.1875,28.025,3,3.0,35.09955662916876,32.05,68,120.68132435667243,0.0055289712585244,-0.001087955413266,0.0176878909890045,609.69,107.72,106.88058359301913,0,2024,9,3,-1.0,-1.8369701987210297e-16,0,0.7519899482401655,0,33.1875,0,0.98,0.834444444444445,0.80875,0.885,0.908888888888889,0.8743981481481482,0.09235185138768098,0.8855621693121694,0.06485179514090135,0.17125,0.09499999999999997,0.7368702717391303,0.43470666989247303,30.825,34.49319740190697,120.01774966824392,0.0030641014499364,515.2523980881972,107.52,107.5845921645176
2024-09-01,chimborazo,Chimborazo,Tomate Rinon De Invernadero,0.649615384615385,13.4869230769231,2,1,1,0.6561986588235293,1.0,0.6522232261462593,5.0,34.007148148148154,29.634444444444448,3,3.0,35.09955662916876,32.05,68,120.68132435667243,0.0055289712585244,-0.001087955413266,0.0176878909890045,609.69,107.72,106.88058359301913,1,2024,9,3,-1.0,-1.8369701987210297e-16,0,0.6561986588235293,0,34.007148148148154,0,0.675416666666667,0.5689285714285715,0.55375,0.61625,0.63125,0.5993650793650793,0.06629841782404534,0.5914186507936509,0.0506756142613297,0.12166666666666703,0.059166666666667034,0.6613859999999999,0.3637623,34.41583333333333,33.4005,120.01774966824392,0.0030641014499364,515.2523980881972,107.52,107.5845921645176
2024-09-01,cotopaxi,Cotopaxi,Tomate Rinon De Invernadero,0.65625,11.99,2,2,2,0.6268843505434781,2.0,0.6522232261462593,5.0,33.583888888888886,30.166666666666668,3,3.0,35.09955662916876,32.05,68,120.68132435667243,0.0055289712585244,-0.001087955413266,0.0176878909890045,609.69,107.72,106.88058359301913,2,2024,9,3,-1.0,-1.8369701987210297e-16,0,0.6268843505434781,0,33.583888888888886,0,0.63225,0.5672222222222221,0.506875,0.526875,0.556111111111111,0.5687824074074072,0.06270205969192208,0.5381865079365079,0.06732126339689233,0.12537500000000001,0.105375,0.5760458709677418,0.4693707096774193,33.77428571428572,33.247,120.01774966824392,0.0030641014499364,515.2523980881972,107.52,107.5845921645176
2024-09-01,imbabura,Imbabura,Tomate Rinon De Invernadero,0.692222222222222,12.6666666666667,1,1,1,0.5991588225806451,1.0,0.6522232261462593,5.0,32.857440476190476,28.821428571428577,3,3.0,35.09955662916876,32.05,68,120.68132435667243,0.0055289712585244,-0.001087955413266,0.0176878909890045,609.69,107.72,106.88058359301913,3,2024,9,3,-1.0,-1.8369701987210297e-16,0,0.5991588225806451,0,32.857440476190476,0,0.775555555555556,0.684444444444444,0.508571428571429,0.56625,0.595,0.6561904761904761,0.13571604937125736,0.600248015873016,0.11203535647043793,0.266984126984127,0.20930555555555597,0.658100714235624,0.4709869999999999,32.779801587301584,32.68666666666667,120.01774966824392,0.0030641014499364,515.2523980881972,107.52,107.5845921645176
2024-09-01,tungurahua,Tungurahua,Tomate Rinon De Invernadero,0.716153846153846,14.4369230769231,1,1,1,0.6522232261462593,0.0,0.6522232261462593,5.0,36.0,33.5,3,3.0,35.09955662916876,32.05,68,120.68132435667243,0.0055289712585244,-0.001087955413266,0.0176878909890045,609.69,107.72,106.88058359301913,4,2024,9,3,-1.0,-1.8369701987210297e-16,1,0.6522232261462593,0,36.0,0,0.6065,0.53,0.528333333333333,0.631666666666667,0.700833333333333,0.5549444444444441,0.04465619694876053,0.5828034188034189,0.055816520867509246,0.07816666666666705,-0.025166666666667004,0.658100714235624,0.43470666989247303,33.333333333333336,34.0,120.01774966824392,0.0030641014499364,515.2523980881972,107.52,107.5845921645176
2024-10-01,azuay,Azuay,Tomate Rinon De Invernadero,0.875625,17.0,2,2,2,0.7647405860113422,1.0,0.5303575677479033,5.0,32.699999999999996,28.1,3,3.0,34.5386989080409,31.212666666666667,67,119.86456291137884,-0.0067679191428134,-0.001495668854895,0.0108002616301707,545.86,106.247372727272,105.8996615994082,0,2024,10,4,-0.8660254037844386,0.5000000000000001,0,0.7647405860113422,0,32.699999999999996,0,0.919375,0.98,0.834444444444445,0.86375,0.864444444444445,0.9112731481481483,0.07311521688980573,0.891291335978836,0.06629453679694715,0.08493055555555507,0.055625000000000036,0.7519899482401655,0.5599450839974699,33.1875,34.564431839402424,120.68132435667243,0.0055289712585244,609.69,107.72,106.88058359301913
2024-10-01,chimborazo,Chimborazo,Tomate Rinon De Invernadero,0.59,12.263749999999984,2,1,1,0.5721513809523809,1.0,0.5303575677479033,5.0,34.58761904761905,30.662857142857145,3,3.0,34.5386989080409,31.212666666666667,67,119.86456291137884,-0.0067679191428134,-0.001495668854895,0.0108002616301707,545.86,106.247372727272,105.8996615994082,1,2024,10,4,-0.8660254037844386,0.5000000000000001,0,0.5721513809523809,0,34.58761904761905,0,0.649615384615385,0.675416666666667,0.5689285714285715,0.5991666666666665,0.549583333333333,0.6313202075702077,0.05555145123392875,0.5969795482295484,0.05554243755214584,0.08068681318681359,0.050448717948718524,0.6561986588235293,0.5595844294117647,34.007148148148154,32.624833333333335,120.68132435667243,0.0055289712585244,609.69,107.72,106.88058359301913
2024-10-01,cotopaxi,Cotopaxi,Tomate Rinon De Invernadero,0.483125,8.83375,2,2,2,0.4757390218253968,2.0,0.5303575677479033,5.0,33.330396825396825,29.433333333333334,3,3.0,34.5386989080409,31.212666666666667,67,119.86456291137884,-0.0067679191428134,-0.001495668854895,0.0108002616301707,545.86,106.247372727272,105.8996615994082,2,2024,10,4,-0.8660254037844386,0.5000000000000001,0,0.4757390218253968,0,33.330396825396825,0,0.65625,0.63225,0.5672222222222221,0.5636111111111111,0.4183333333333335,0.6185740740740738,0.04606256089777426,0.559749007936508,0.08207576016790524,0.08902777777777793,0.09263888888888894,0.6268843505434781,0.5440433225806451,33.583888888888886,34.08111111111111,120.68132435667243,0.0055289712585244,609.69,107.72,106.88058359301913
2024-10-01,imbabura,Imbabura,Tomate Rinon De Invernadero,0.41875,7.6875,1,1,1,0.363417828125,1.0,0.5303575677479033,5.0,32.5725,27.97,3,3.0,34.5386989080409,31.212666666666667,67,119.86456291137884,-0.0067679191428134,-0.001495668854895,0.0108002616301707,545.86,106.247372727272,105.8996615994082,3,2024,10,4,-0.8660254037844386,0.5000000000000001,0,0.363417828125,0,32.5725,0,0.692222222222222,0.775555555555556,0.684444444444444,0.59,0.61625,0.7174074074074072,0.050507710367671606,0.6212433862433863,0.11611904373152664,0.007777777777777994,0.10222222222222199,0.5991588225806451,0.5762074999999999,32.857440476190476,31.743253968253967,120.68132435667243,0.0055289712585244,609.69,107.72,106.88058359301913
2024-10-01,tungurahua,Tungurahua,Tomate Rinon De Invernadero,0.570833333333333,11.5141666666667,1,1,1,0.5303575677479033,0.0,0.5303575677479033,5.0,32.833333333333336,28.5,3,3.0,34.5386989080409,31.212666666666667,67,119.86456291137884,-0.0067679191428134,-0.001495668854895,0.0108002616301707,545.86,106.247372727272,105.8996615994082,4,2024,10,4,-0.8660254037844386,0.5000000000000001,1,0.5303575677479033,0,32.833333333333336,0,0.716153846153846,0.6065,0.53,0.656153846153846,0.651666666666667,0.6175512820512817,0.09356768531763829,0.5968846153846153,0.0771783116019159,0.186153846153846,0.06000000000000005,0.6522232261462593,0.5599450839974699,36.0,30.333333333333332,120.68132435667243,0.0055289712585244,609.69,107.72,106.88058359301913
2024-11-01,azuay,Azuay,Tomate Rinon De Invernadero,0.8612500000000001,16.6875,2,2,2,0.7201267112597547,1.0,0.6244781697831725,5.0,33.105555555555554,28.1,3,3.0,34.7354056713754,31.06625,60,118.98016007340097,-0.0073783511698259,0.0025921290506372,0.0033422223373111,825.38,105.33,104.4814366800058,0,2024,11,4,-0.5000000000000004,0.8660254037844384,0,0.7201267112597547,0,33.105555555555554,0,0.875625,0.919375,0.98,0.941428571428571,0.814285714285714,0.9249999999999998,0.05241436468182865,0.8932705026455027,0.06548012574353364,-0.104375,-0.06580357142857096,0.7647405860113422,0.7368702717391303,32.699999999999996,30.825,119.86456291137884,-0.0067679191428134,545.86,106.247372727272,105.8996615994082
2024-11-01,chimborazo,Chimborazo,Tomate Rinon De Invernadero,0.655649350649351,13.799480519480529,2,1,1,0.7795536319999998,1.0,0.6244781697831725,5.0,34.2425,30.4275,3,3.0,34.7354056713754,31.06625,60,118.98016007340097,-0.0073783511698259,0.0025921290506372,0.0033422223373111,825.38,105.33,104.4814366800058,1,2024,11,4,-0.5000000000000004,0.8660254037844384,0,0.7795536319999998,0,34.2425,0,0.59,0.649615384615385,0.675416666666667,0.5349999999999999,0.504583333333333,0.6383440170940172,0.043809639697933826,0.5954517704517706,0.05559629092479297,-0.08541666666666703,0.05500000000000005,0.5721513809523809,0.6613859999999999,34.58761904761905,34.41583333333333,119.86456291137884,-0.0067679191428134,545.86,106.247372727272,105.8996615994082
2024-11-01,cotopaxi,Cotopaxi,Tomate Rinon De Invernadero,0.628125,11.51125,2,2,2,0.6046721278280542,2.0,0.6244781697831725,5.0,33.187289562289564,28.90909090909091,3,3.0,34.7354056713754,31.06625,60,118.98016007340097,-0.0073783511698259,0.0025921290506372,0.0033422223373111,825.38,105.33,104.4814366800058,2,2024,11,4,-0.5000000000000004,0.8660254037844384,0,0.6046721278280542,0,33.187289562289564,0,0.483125,0.65625,0.63225,0.4322857142857145,0.4208333333333335,0.5905416666666666,0.09379634965356387,0.546334656084656,0.08770268613148455,-0.14912499999999995,0.05083928571428553,0.4757390218253968,0.5760458709677418,33.330396825396825,33.77428571428572,119.86456291137884,-0.0067679191428134,545.86,106.247372727272,105.8996615994082
2024-11-01,imbabura,Imbabura,Tomate Rinon De Invernadero,0.621428571428572,11.3571428571429,1,1,1,0.4133662499999999,1.0,0.6244781697831725,5.0,32.36833333333333,28.130000000000003,3,3.0,34.7354056713754,31.06625,60,118.98016007340097,-0.0073783511698259,0.0025921290506372,0.0033422223373111,825.38,105.33,104.4814366800058,3,2024,11,4,-0.5000000000000004,0.8660254037844384,0,0.4133662499999999,0,32.36833333333333,0,0.41875,0.692222222222222,0.775555555555556,0.476666666666667,0.54125,0.6288425925925926,0.18665552284306872,0.5927017195767197,0.14321859059306086,-0.356805555555556,-0.057916666666667005,0.363417828125,0.658100714235624,32.5725,32.779801587301584,119.86456291137884,-0.0067679191428134,545.86,106.247372727272,105.8996615994082
2024-11-01,tungurahua,Tungurahua,Tomate Rinon De Invernadero,0.699090909090909,14.0909090909091,1,1,1,0.6244781697831725,0.0,0.6244781697831725,5.0,32.27777777777778,29.0,3,3.0,34.7354056713754,31.06625,60,118.98016007340097,-0.0073783511698259,0.0025921290506372,0.0033422223373111,825.38,105.33,104.4814366800058,4,2024,11,4,-0.5000000000000004,0.8660254037844384,1,0.6244781697831725,0,32.27777777777778,0,0.570833333333333,0.716153846153846,0.6065,0.544166666666667,0.514545454545455,0.6311623931623926,0.07573432569830492,0.5826645299145298,0.07174262541124618,-0.03566666666666707,0.02666666666666595,0.5303575677479033,0.658100714235624,32.833333333333336,33.333333333333336,119.86456291137884,-0.0067679191428134,545.86,106.247372727272,105.8996615994082
2024-12-01,azuay,Azuay,Tomate Rinon De Invernadero,0.6675,13.04166666666665,2,2,2,0.5804434299516907,1.0,0.4549320170494514,5.0,33.105555555555554,28.1,3,3.0,34.51615339496176,30.916666666666668,59,118.6837522279438,-0.0024912375750234,0.000842658492417,0.000842658492417,932.7250215638672,105.79,107.8017769720728,0,2024,12,4,-2.4492935982947064e-16,1.0,0,0.5804434299516907,0,33.105555555555554,0,0.8612500000000001,0.875625,0.919375,0.80875,0.66,0.8854166666666666,0.03027435314475156,0.8799074074074076,0.0617623080068197,-0.05812499999999998,0.0525000000000001,0.7201267112597547,0.7519899482401655,33.105555555555554,33.1875,118.98016007340097,-0.0073783511698259,825.38,105.33,104.4814366800058
2024-12-01,chimborazo,Chimborazo,Tomate Rinon De Invernadero,0.6466666666666665,13.30625,2,1,1,0.559517351724138,1.0,0.4549320170494514,5.0,31.831999999999997,27.24,3,3.0,34.51615339496176,30.916666666666668,59,118.6837522279438,-0.0024912375750234,0.000842658492417,0.000842658492417,932.7250215638672,105.79,107.8017769720728,1,2024,12,4,-2.4492935982947064e-16,1.0,0,0.559517351724138,0,31.831999999999997,0,0.655649350649351,0.59,0.649615384615385,0.55375,0.42416666666666647,0.6317549117549118,0.036286453095755816,0.6155599955599957,0.05098632293437782,0.006033966033965998,0.10189935064935107,0.7795536319999998,0.6561986588235293,34.2425,34.007148148148154,118.98016007340097,-0.0073783511698259,825.38,105.33,104.4814366800058
2024-12-01,cotopaxi,Cotopaxi,Tomate Rinon De Invernadero,0.4358333333333335,8.000416666666666,2,2,2,0.3847795580357142,2.0,0.4549320170494514,5.0,32.788888888888884,29.23333333333333,3,3.0,34.51615339496176,30.916666666666668,59,118.6837522279438,-0.0024912375750234,0.000842658492417,0.000842658492417,932.7250215638672,105.79,107.8017769720728,2,2024,12,4,-2.4492935982947064e-16,1.0,0,0.3847795580357142,0,32.788888888888884,0,0.628125,0.483125,0.65625,0.506875,0.3170833333333335,0.5891666666666665,0.09290522164191643,0.578974537037037,0.07176229376797681,-0.028124999999999956,0.12125000000000008,0.6046721278280542,0.6268843505434781,33.187289562289564,33.583888888888886,118.98016007340097,-0.0073783511698259,825.38,105.33,104.4814366800058
2024-12-01,imbabura,Imbabura,Tomate Rinon De Invernadero,0.464444444444444,8.51777777777778,1,1,1,0.3651401874999999,1.0,0.4549320170494514,5.0,32.40892857142857,27.5125,3,3.0,34.51615339496176,30.916666666666668,59,118.6837522279438,-0.0024912375750234,0.000842658492417,0.000842658492417,932.7250215638672,105.79,107.8017769720728,3,2024,12,4,-2.4492935982947064e-16,1.0,0,0.3651401874999999,0,32.40892857142857,0,0.621428571428572,0.41875,0.692222222222222,0.508571428571429,0.38,0.577466931216931,0.14193742790174785,0.6168287037037038,0.13147338422084615,-0.07079365079364996,0.11285714285714299,0.4133662499999999,0.5991588225806451,32.36833333333333,32.857440476190476,118.98016007340097,-0.0073783511698259,825.38,105.33,104.4814366800058
2024-12-01,tungurahua,Tungurahua,Tomate Rinon De Invernadero,0.5475,11.0558333333333,1,1,1,0.4549320170494514,0.0,0.4549320170494514,5.0,32.0,28.5,3,3.0,34.51615339496176,30.916666666666668,59,118.6837522279438,-0.0024912375750234,0.000842658492417,0.000842658492417,932.7250215638672,105.79,107.8017769720728,4,2024,12,4,-2.4492935982947064e-16,1.0,1,0.4549320170494514,0,32.0,0,0.699090909090909,0.570833333333333,0.716153846153846,0.528333333333333,0.453,0.6620260295260291,0.07943467022952756,0.6084852369852368,0.08222868637668426,-0.017062937062937045,0.170757575757576,0.6244781697831725,0.6522232261462593,32.27777777777778,36.0,118.98016007340097,-0.0073783511698259,825.38,105.33,104.4814366800058
2025-01-01,azuay,Azuay,Tomate Rinon De Invernadero,0.7466666666666665,14.5625,2,2,2,0.584104483695652,1.0,0.4589092053105589,5.0,29.112499999999997,29.112499999999997,2,2.0,34.25151737905531,30.3,57,119.25491783450325,0.0048125004125456,0.0018613412413697,0.0048125004125456,814.7508426655235,105.17,104.38,0,2025,1,1,0.49999999999999994,0.8660254037844387,0,0.584104483695652,0,29.112499999999997,0,0.6675,0.8612500000000001,0.875625,0.834444444444445,0.702222222222222,0.8014583333333333,0.11623375782591423,0.8563657407407407,0.10564202111619429,-0.208125,-0.166944444444445,0.5804434299516907,0.7647405860113422,33.105555555555554,32.699999999999996,118.6837522279438,-0.0024912375750234,932.7250215638672,105.79,107.8017769720728
2025-01-01,chimborazo,Chimborazo,Tomate Rinon De Invernadero,0.587272727272727,13.3936363636364,1,1,1,0.5039131428571428,1.0,0.4589092053105589,5.0,32.13166666666667,27.325,3,3.0,34.25151737905531,30.3,57,119.25491783450325,0.0048125004125456,0.0018613412413697,0.0048125004125456,814.7508426655235,105.17,104.38,1,2025,1,1,0.49999999999999994,0.8660254037844387,0,0.5039131428571428,0,32.13166666666667,0,0.6466666666666665,0.655649350649351,0.59,0.5689285714285715,0.41423076923076896,0.6307720057720058,0.03559409352530149,0.6310461066711068,0.04172830512729009,0.05666666666666653,0.07773809523809505,0.559517351724138,0.5721513809523809,31.831999999999997,34.58761904761905,118.6837522279438,-0.0024912375750234,932.7250215638672,105.79,107.8017769720728
2025-01-01,cotopaxi,Cotopaxi,Tomate Rinon De Invernadero,0.3904166666666665,7.145625,2,2,2,0.3828022,2.0,0.4589092053105589,5.0,33.043055555555554,29.2,3,3.0,34.25151737905531,30.3,57,119.25491783450325,0.0048125004125456,0.0018613412413697,0.0048125004125456,814.7508426655235,105.17,104.38,2,2025,1,1,0.49999999999999994,0.8660254037844387,0,0.3828022,0,33.043055555555554,0,0.4358333333333335,0.628125,0.483125,0.5672222222222221,0.319722222222222,0.5156944444444443,0.10019779339349885,0.5671342592592593,0.08966497858569682,-0.04729166666666651,-0.13138888888888856,0.3847795580357142,0.4757390218253968,32.788888888888884,33.330396825396825,118.6837522279438,-0.0024912375750234,932.7250215638672,105.79,107.8017769720728
2025-01-01,imbabura,Imbabura,Tomate Rinon De Invernadero,0.52125,9.5425,1,1,1,0.440924,1.0,0.4589092053105589,5.0,32.462738095238095,27.612500000000004,3,3.0,34.25151737905531,30.3,57,119.25491783450325,0.0048125004125456,0.0018613412413697,0.0048125004125456,814.7508426655235,105.17,104.38,3,2025,1,1,0.49999999999999994,0.8660254037844387,0,0.440924,0,32.462738095238095,0,0.464444444444444,0.621428571428572,0.41875,0.684444444444444,0.42375,0.5015410052910051,0.10630976883176967,0.6094742063492063,0.13971617433591252,0.04569444444444398,-0.21999999999999997,0.3651401874999999,0.363417828125,32.40892857142857,32.5725,118.6837522279438,-0.0024912375750234,932.7250215638672,105.79,107.8017769720728
2025-01-01,tungurahua,Tungurahua,Tomate Rinon De Invernadero,0.504166666666667,10.1391666666667,1,1,1,0.4589092053105589,0.0,0.4589092053105589,5.0,34.25151737905531,30.3,0,0.0,34.25151737905531,30.3,57,119.25491783450325,0.0048125004125456,0.0018613412413697,0.0048125004125456,814.7508426655235,105.17,104.38,4,2025,1,1,0.49999999999999994,0.8660254037844387,1,0.4589092053105589,1,34.25151737905531,0,0.5475,0.699090909090909,0.570833333333333,0.53,0.435,0.6058080808080804,0.08162337686254025,0.6116796814296813,0.07879267597365264,-0.023333333333332984,0.01749999999999996,0.4549320170494514,0.5303575677479033,32.0,32.833333333333336,118.6837522279438,-0.0024912375750234,932.7250215638672,105.79,107.8017769720728
2025-02-01,azuay,Azuay,Tomate Rinon De Invernadero,0.768125,15.0,2,2,2,0.4792652173913043,1.0,0.5504151472877846,5.0,29.65,29.65,1,1.0,36.29839144549181,34.78,43,119.53843395186992,0.0023773956035937,-0.001099407103953,0.0072013372334625,784.7367099409681,107.14,107.18920588936956,0,2025,2,1,0.8660254037844386,0.5000000000000001,0,0.4792652173913043,0,29.65,0,0.7466666666666665,0.6675,0.8612500000000001,0.98,0.792857142857143,0.7584722222222221,0.09741300724996385,0.8417361111111111,0.1149524861587348,-0.11458333333333359,-0.2333333333333335,0.584104483695652,0.7201267112597547,29.112499999999997,33.105555555555554,119.25491783450325,0.0048125004125456,814.7508426655235,105.17,104.38
2025-02-01,chimborazo,Chimborazo,Tomate Rinon De Invernadero,0.6275,14.3608333333333,1,1,1,0.5585037333333333,1.0,0.5504151472877846,5.0,36.29839144549181,34.78,0,0.0,36.29839144549181,34.78,43,119.53843395186992,0.0023773956035937,-0.001099407103953,0.0072013372334625,784.7367099409681,107.14,107.18920588936956,1,2025,2,1,0.8660254037844386,0.5000000000000001,0,0.5585037333333333,1,36.29839144549181,0,0.587272727272727,0.6466666666666665,0.655649350649351,0.675416666666667,0.44681818181818145,0.6298629148629147,0.03715663079598442,0.6341034659784661,0.03662702042951958,-0.06837662337662409,-0.08814393939394005,0.5039131428571428,0.7795536319999998,32.13166666666667,34.2425,119.25491783450325,0.0048125004125456,814.7508426655235,105.17,104.38
2025-02-01,cotopaxi,Cotopaxi,Tomate Rinon De Invernadero,0.586875,10.771875,2,2,2,0.5609075803571428,2.0,0.5504151472877846,5.0,34.98583333333333,34.98583333333333,2,2.0,36.29839144549181,34.78,43,119.53843395186992,0.0023773956035937,-0.001099407103953,0.0072013372334625,784.7367099409681,107.14,107.18920588936956,2,2025,2,1,0.8660254037844386,0.5000000000000001,0,0.5609075803571428,0,34.98583333333333,0,0.3904166666666665,0.4358333333333335,0.628125,0.63225,0.3794285714285715,0.4847916666666665,0.12619033931371895,0.5376666666666666,0.11508093468414976,-0.23770833333333352,-0.24183333333333346,0.3828022,0.6046721278280542,33.043055555555554,33.187289562289564,119.25491783450325,0.0048125004125456,814.7508426655235,105.17,104.38
2025-02-01,imbabura,Imbabura,Tomate Rinon De Invernadero,0.72875,13.33375,1,1,1,0.592491625,1.0,0.5504151472877846,5.0,34.99642857142857,34.99642857142857,2,2.0,36.29839144549181,34.78,43,119.53843395186992,0.0023773956035937,-0.001099407103953,0.0072013372334625,784.7367099409681,107.14,107.18920588936956,3,2025,2,1,0.8660254037844386,0.5000000000000001,0,0.592491625,0,34.99642857142857,0,0.52125,0.464444444444444,0.621428571428572,0.775555555555556,0.485,0.5357076719576718,0.07948441507660174,0.5822751322751324,0.13807771946138464,-0.100178571428572,-0.254305555555556,0.440924,0.4133662499999999,32.462738095238095,32.36833333333333,119.25491783450325,0.0048125004125456,814.7508426655235,105.17,104.38
2025-02-01,tungurahua,Tungurahua,Tomate Rinon De Invernadero,0.618333333333333,12.4591666666667,1,1,1,0.5504151472877846,0.0,0.5504151472877846,5.0,40.33333333333333,40.33333333333333,2,2.0,36.29839144549181,34.78,43,119.53843395186992,0.0023773956035937,-0.001099407103953,0.0072013372334625,784.7367099409681,107.14,107.18920588936956,4,2025,2,1,0.8660254037844386,0.5000000000000001,1,0.5504151472877846,0,40.33333333333333,0,0.504166666666667,0.5475,0.699090909090909,0.6065,0.467272727272727,0.5835858585858583,0.10234992410146475,0.6073741258741258,0.0846376749073025,-0.194924242424242,-0.10233333333333305,0.4589092053105589,0.6244781697831725,34.25151737905531,32.27777777777778,119.25491783450325,0.0048125004125456,814.7508426655235,105.17,104.38
2025-03-01,azuay,Azuay,Tomate Rinon De Invernadero,0.862142857142857,16.7857142857143,2,2,2,0.62929606805293,1.0,0.6228750453248717,5.0,30.825,30.825,2,2.0,33.40325882936722,30.098333333333333,64,121.24915347952025,0.0143110418222403,0.0120753371792707,0.0216154376940269,775.1709386019182,108.16,103.07933480110388,0,2025,3,1,1.0,6.123233995736766e-17,0,0.62929606805293,0,30.825,0,0.768125,0.7466666666666665,0.6675,0.919375,0.885,0.7274305555555554,0.05299876068607007,0.806423611111111,0.09475254839971722,0.10062499999999996,-0.1512500000000001,0.4792652173913043,0.5804434299516907,29.65,33.105555555555554,119.53843395186992,0.0023773956035937,784.7367099409681,107.14,107.18920588936956
2025-03-01,chimborazo,Chimborazo,Tomate Rinon De Invernadero,0.711666666666667,16.2775,1,1,1,0.6702044799999999,1.0,0.6228750453248717,5.0,32.454166666666666,27.4,3,3.0,33.40325882936722,30.098333333333333,64,121.24915347952025,0.0143110418222403,0.0120753371792707,0.0216154376940269,775.1709386019182,108.16,103.07933480110388,1,2025,3,1,1.0,6.123233995736766e-17,0,0.6702044799999999,0,32.454166666666666,0,0.6275,0.587272727272727,0.6466666666666665,0.649615384615385,0.61625,0.6204797979797977,0.030312908743412456,0.626117354867355,0.030534736008268785,-0.019166666666666554,-0.022115384615385092,0.5585037333333333,0.559517351724138,36.29839144549181,31.831999999999997,119.53843395186992,0.0023773956035937,784.7367099409681,107.14,107.18920588936956
2025-03-01,cotopaxi,Cotopaxi,Tomate Rinon De Invernadero,0.6389285714285715,11.69267857142855,2,2,2,0.6249704017857142,2.0,0.6228750453248717,5.0,33.02522222222222,29.066666666666663,3,3.0,33.40325882936722,30.098333333333333,64,121.24915347952025,0.0143110418222403,0.0120753371792707,0.0216154376940269,775.1709386019182,108.16,103.07933480110388,2,2025,3,1,1.0,6.123233995736766e-17,0,0.6249704017857142,0,33.02522222222222,0,0.586875,0.3904166666666665,0.4358333333333335,0.65625,0.526875,0.4710416666666665,0.10285275512163754,0.5301041666666667,0.10894990805538815,0.15104166666666652,-0.06937499999999996,0.5609075803571428,0.3847795580357142,34.98583333333333,32.788888888888884,119.53843395186992,0.0023773956035937,784.7367099409681,107.14,107.18920588936956
2025-03-01,imbabura,Imbabura,Tomate Rinon De Invernadero,0.68875,12.62625,1,1,1,0.5649338749999999,1.0,0.6228750453248717,5.0,33.206607142857145,28.48125,3,3.0,33.40325882936722,30.098333333333333,64,121.24915347952025,0.0143110418222403,0.0120753371792707,0.0216154376940269,775.1709386019182,108.16,103.07933480110388,3,2025,3,1,1.0,6.123233995736766e-17,0,0.5649338749999999,0,33.206607142857145,0,0.72875,0.52125,0.464444444444444,0.692222222222222,0.56625,0.5714814814814811,0.13912856634513115,0.5744742063492062,0.12574555358980385,0.264305555555556,0.03652777777777805,0.592491625,0.3651401874999999,34.99642857142857,32.40892857142857,119.53843395186992,0.0023773956035937,784.7367099409681,107.14,107.18920588936956
2025-03-01,tungurahua,Tungurahua,Tomate Rinon De Invernadero,0.685833333333333,13.8325,1,1,1,0.6228750453248717,0.0,0.6228750453248717,5.0,34.75,30.75,3,3.0,33.40325882936722,30.098333333333333,64,121.24915347952025,0.0143110418222403,0.0120753371792707,0.0216154376940269,775.1709386019182,108.16,103.07933480110388,4,2025,3,1,1.0,6.123233995736766e-17,1,0.6228750453248717,0,34.75,0,0.618333333333333,0.504166666666667,0.5475,0.716153846153846,0.631666666666667,0.5566666666666663,0.05763269712392686,0.609346348096348,0.08475102623295873,0.07083333333333297,-0.09782051282051307,0.5504151472877846,0.4549320170494514,40.33333333333333,32.0,119.53843395186992,0.0023773956035937,784.7367099409681,107.14,107.18920588936956
2025-04-01,azuay,Azuay,Tomate Rinon De Invernadero,0.922142857142855,17.9107142857143,2,2,2,0.7788059782608695,1.0,0.6931517258396739,5.0,30.825,30.825,2,2.0,33.5755545452039,29.666666666666668,65,120.82475643699468,-0.0035002062311078,-0.0019635566868785,0.0180395729732143,594.6190318419519,106.01,95.01,0,2025,4,2,0.8660254037844387,-0.4999999999999998,0,0.7788059782608695,0,30.825,0,0.862142857142857,0.768125,0.7466666666666665,0.875625,0.86375,0.7923115079365077,0.061420094564770704,0.7968849206349206,0.08329576888608152,0.11547619047619051,-0.013482142857142998,0.62929606805293,0.584104483695652,30.825,29.112499999999997,121.24915347952025,0.0143110418222403,775.1709386019182,108.16,103.07933480110388
2025-04-01,chimborazo,Chimborazo,Tomate Rinon De Invernadero,0.75,17.1218181818182,1,1,1,0.6878414399999999,1.0,0.6931517258396739,5.0,32.36884920634921,28.1125,3,3.0,33.5755545452039,29.666666666666668,65,120.82475643699468,-0.0035002062311078,-0.0019635566868785,0.0180395729732143,594.6190318419519,106.01,95.01,1,2025,4,2,0.8660254037844387,-0.4999999999999998,0,0.6878414399999999,0,32.36884920634921,0,0.711666666666667,0.6275,0.587272727272727,0.59,0.5991666666666665,0.6421464646464644,0.06347717884772643,0.6364592352092352,0.04644706864536302,0.12439393939394006,0.12166666666666703,0.6702044799999999,0.5039131428571428,32.454166666666666,32.13166666666667,121.24915347952025,0.0143110418222403,775.1709386019182,108.16,103.07933480110388
2025-04-01,cotopaxi,Cotopaxi,Tomate Rinon De Invernadero,0.680625,12.46166666666665,2,2,2,0.6425966249999999,2.0,0.6931517258396739,5.0,33.23833333333334,29.133333333333336,3,3.0,33.5755545452039,29.666666666666668,65,120.82475643699468,-0.0035002062311078,-0.0019635566868785,0.0180395729732143,594.6190318419519,106.01,95.01,2,2025,4,2,0.8660254037844387,-0.4999999999999998,0,0.6425966249999999,0,33.23833333333334,0,0.6389285714285715,0.586875,0.3904166666666665,0.483125,0.5636111111111111,0.5387400793650792,0.13106208315334933,0.5272172619047619,0.10510032047161758,0.248511904761905,0.15580357142857149,0.6249704017857142,0.3828022,33.02522222222222,33.043055555555554,121.24915347952025,0.0143110418222403,775.1709386019182,108.16,103.07933480110388
2025-04-01,imbabura,Imbabura,Tomate Rinon De Invernadero,0.8,14.62,1,1,1,0.7139179609375,1.0,0.6931517258396739,5.0,32.75736111111111,28.66375,3,3.0,33.5755545452039,29.666666666666668,65,120.82475643699468,-0.0035002062311078,-0.0019635566868785,0.0180395729732143,594.6190318419519,106.01,95.01,3,2025,4,2,0.8660254037844387,-0.4999999999999998,0,0.7139179609375,0,32.75736111111111,0,0.68875,0.72875,0.52125,0.41875,0.59,0.6462499999999998,0.11008519428152133,0.5738955026455027,0.125101617593585,0.16749999999999998,0.26999999999999996,0.5649338749999999,0.440924,33.206607142857145,32.462738095238095,121.24915347952025,0.0143110418222403,775.1709386019182,108.16,103.07933480110388
2025-04-01,tungurahua,Tungurahua,Tomate Rinon De Invernadero,0.705833333333333,14.2083333333333,1,1,1,0.6931517258396739,0.0,0.6931517258396739,5.0,34.336666666666666,29.75,3,3.0,33.5755545452039,29.666666666666668,65,120.82475643699468,-0.0035002062311078,-0.0019635566868785,0.0180395729732143,594.6190318419519,106.01,95.01,4,2025,4,2,0.8660254037844387,-0.4999999999999998,1,0.6931517258396739,0,34.336666666666666,0,0.685833333333333,0.618333333333333,0.504166666666667,0.570833333333333,0.656153846153846,0.6027777777777773,0.0918268801927099,0.6042929292929292,0.07772113902590733,0.18166666666666598,0.11499999999999999,0.6228750453248717,0.4589092053105589,34.75,34.25151737905531,121.24915347952025,0.0143110418222403,775.1709386019182,108.16,103.07933480110388
2025-05-01,azuay,Azuay,Tomate Rinon De Invernadero,1.104857142857143,21.42857142857143,2,2,2,0.9585304347826086,1.0,0.8737246101708074,5.0,31.811111111111114,27.433333333333334,3,3.0,34.01352855440856,30.25,65,120.75117274782014,-0.0006090116905215,0.0039314745608989,0.0174195749718601,599.7222682700423,104.14,95.01,0,2025,5,2,0.49999999999999994,-0.8660254037844387,0,0.9585304347826086,0,31.811111111111114,1,0.922142857142855,0.862142857142857,0.768125,0.8612500000000001,0.941428571428571,0.8508035714285705,0.07763252945835097,0.8046378968253963,0.09361605021850025,0.1540178571428551,0.06089285714285497,0.7788059782608695,0.4792652173913043,30.825,29.65,120.82475643699468,-0.0035002062311078,594.6190318419519,106.01,95.01
2025-05-01,chimborazo,Chimborazo,Tomate Rinon De Invernadero,0.8763636363636365,20.00090909090909,1,1,1,0.90189,1.0,0.8737246101708074,5.0,32.54190476190476,28.3,3,3.0,34.01352855440856,30.25,65,120.75117274782014,-0.0006090116905215,0.0039314745608989,0.0174195749718601,599.7222682700423,104.14,95.01,1,2025,5,2,0.49999999999999994,-0.8660254037844387,0,0.90189,0,32.54190476190476,1,0.75,0.711666666666667,0.6275,0.655649350649351,0.5349999999999999,0.6963888888888888,0.06266275105970552,0.6631259018759019,0.0587418572997371,0.12250000000000005,0.09435064935064896,0.6878414399999999,0.5585037333333333,32.36884920634921,36.29839144549181,120.82475643699468,-0.0035002062311078,594.6190318419519,106.01,95.01
2025-05-01,cotopaxi,Cotopaxi,Tomate Rinon De Invernadero,0.8487142857142856,15.518857142857144,2,2,2,0.8682928080357142,2.0,0.8737246101708074,5.0,32.80444444444444,29.383333333333336,3,3.0,34.01352855440856,30.25,65,120.75117274782014,-0.0006090116905215,0.0039314745608989,0.0174195749718601,599.7222682700423,104.14,95.01,2,2025,5,2,0.49999999999999994,-0.8660254037844387,0,0.8682928080357142,0,32.80444444444444,1,0.680625,0.6389285714285715,0.586875,0.628125,0.4322857142857145,0.6354761904761904,0.04697025469039424,0.5601339285714286,0.11859102132719514,0.09375,0.05249999999999999,0.6425966249999999,0.5609075803571428,33.23833333333334,34.98583333333333,120.82475643699468,-0.0035002062311078,594.6190318419519,106.01,95.01
2025-05-01,imbabura,Imbabura,Tomate Rinon De Invernadero,0.8844444444444445,16.128888888888888,1,1,1,0.7716169999999999,1.0,0.8737246101708074,5.0,32.93152777777778,28.95625,3,3.0,34.01352855440856,30.25,65,120.75117274782014,-0.0006090116905215,0.0039314745608989,0.0174195749718601,599.7222682700423,104.14,95.01,3,2025,5,2,0.49999999999999994,-0.8660254037844387,0,0.7716169999999999,0,32.93152777777778,1,0.8,0.68875,0.72875,0.621428571428572,0.476666666666667,0.7391666666666664,0.056351759806890014,0.6374371693121693,0.12734200401972326,0.07125000000000004,0.17857142857142805,0.7139179609375,0.592491625,32.75736111111111,34.99642857142857,120.82475643699468,-0.0035002062311078,594.6190318419519,106.01,95.01
2025-05-01,tungurahua,Tungurahua,Tomate Rinon De Invernadero,0.8818181818181817,17.698181818181816,1,1,1,0.8737246101708074,0.0,0.8737246101708074,5.0,34.583333333333336,32.0,3,3.0,34.01352855440856,30.25,65,120.75117274782014,-0.0006090116905215,0.0039314745608989,0.0174195749718601,599.7222682700423,104.14,95.01,4,2025,5,2,0.49999999999999994,-0.8660254037844387,1,0.8737246101708074,0,34.583333333333336,1,0.705833333333333,0.685833333333333,0.618333333333333,0.699090909090909,0.544166666666667,0.6699999999999994,0.045848482344932856,0.6267929292929292,0.08527166744978236,0.08750000000000002,0.006742424242423994,0.6931517258396739,0.5504151472877846,34.336666666666666,40.33333333333333,120.82475643699468,-0.0035002062311078,594.6190318419519,106.01,95.01
2025-06-01,azuay,Azuay,Tomate Rinon De Invernadero,1.0186666666666668,19.766666666666666,2,2,2,0.8339214782608695,1.0,0.690214605951713,5.0,32.1,27.8,3,3.0,33.90356687865105,30.235,67,120.42510411575188,-0.0027003351159928,0.007755016940542,0.014672201165865,602.1679083280907,105.77,95.01,0,2025,6,2,1.2246467991473532e-16,-1.0,0,0.8339214782608695,0,32.1,1,1.104857142857143,0.922142857142855,0.862142857142857,0.6675,0.80875,0.9630476190476182,0.1264217377760354,0.845239087301587,0.1554707366330262,0.242714285714286,0.437357142857143,0.9585304347826086,0.62929606805293,31.811111111111114,30.825,120.75117274782014,-0.0006090116905215,599.7222682700423,104.14,95.01
2025-06-01,chimborazo,Chimborazo,Tomate Rinon De Invernadero,0.8254166666666665,18.83375,1,1,1,0.7623718193548386,1.0,0.690214605951713,5.0,32.90844444444445,29.541666666666668,3,3.0,33.90356687865105,30.235,67,120.42510411575188,-0.0027003351159928,0.007755016940542,0.014672201165865,602.1679083280907,105.77,95.01,1,2025,6,2,1.2246467991473532e-16,-1.0,0,0.7623718193548386,0,32.90844444444445,1,0.8763636363636365,0.75,0.711666666666667,0.6466666666666665,0.55375,0.7793434343434343,0.08618033888969003,0.6999116161616161,0.10444934555397704,0.16469696969696945,0.22969696969696995,0.90189,0.6702044799999999,32.54190476190476,32.454166666666666,120.75117274782014,-0.0006090116905215,599.7222682700423,104.14,95.01
2025-06-01,cotopaxi,Cotopaxi,Tomate Rinon De Invernadero,0.7422222222222222,13.584444444444445,2,2,2,0.6449229285714285,2.0,0.690214605951713,5.0,33.01844444444445,29.3,3,3.0,33.90356687865105,30.235,67,120.42510411575188,-0.0027003351159928,0.007755016940542,0.014672201165865,602.1679083280907,105.77,95.01,2,2025,6,2,1.2246467991473532e-16,-1.0,0,0.6449229285714285,0,33.01844444444445,1,0.8487142857142856,0.680625,0.6389285714285715,0.4358333333333335,0.506875,0.7227559523809522,0.1110575271694203,0.5968988095238096,0.16784817520793838,0.20978571428571413,0.4128809523809521,0.8682928080357142,0.6249704017857142,32.80444444444444,33.02522222222222,120.75117274782014,-0.0006090116905215,599.7222682700423,104.14,95.01
2025-06-01,imbabura,Imbabura,Tomate Rinon De Invernadero,0.7805555555555557,14.249444444444444,1,1,1,0.5649338749999999,1.0,0.690214605951713,5.0,32.48819444444444,28.11625,3,3.0,33.90356687865105,30.235,67,120.42510411575188,-0.0027003351159928,0.007755016940542,0.014672201165865,602.1679083280907,105.77,95.01,3,2025,6,2,1.2246467991473532e-16,-1.0,0,0.5649338749999999,0,32.48819444444444,1,0.8844444444444445,0.8,0.68875,0.464444444444444,0.508571428571429,0.7910648148148146,0.09815272307646426,0.6812731481481481,0.16143524426705524,0.1956944444444445,0.4200000000000005,0.7716169999999999,0.5649338749999999,32.93152777777778,33.206607142857145,120.75117274782014,-0.0006090116905215,599.7222682700423,104.14,95.01
2025-06-01,tungurahua,Tungurahua,Tomate Rinon De Invernadero,0.78375,15.750416666666668,1,1,1,0.690214605951713,0.0,0.690214605951713,5.0,33.77777777777778,30.5,3,3.0,33.90356687865105,30.235,67,120.42510411575188,-0.0027003351159928,0.007755016940542,0.014672201165865,602.1679083280907,105.77,95.01,4,2025,6,2,1.2246467991473532e-16,-1.0,1,0.690214605951713,0,33.77777777777778,1,0.8818181818181817,0.705833333333333,0.685833333333333,0.5475,0.528333333333333,0.7578282828282822,0.10784304005657547,0.6572474747474746,0.13461225193716475,0.19598484848484876,0.33431818181818174,0.8737246101708074,0.6228750453248717,34.583333333333336,34.75,120.75117274782014,-0.0006090116905215,599.7222682700423,104.14,95.01
2025-07-01,azuay,Azuay,Tomate Rinon De Invernadero,1.0743055555555556,20.86111111111111,2,2,2,0.9507585663924794,1.0,0.7900648431594481,5.0,33.38,29.5,3,3.0,34.77038785885168,30.90083333333333,68,120.98215715227757,0.0046257218593745,0.0111242636265962,0.0193657925468977,537.9616050566132,107.79,95.01,0,2025,7,3,-0.4999999999999997,-0.8660254037844388,0,0.9507585663924794,0,33.38,1,1.0186666666666668,1.104857142857143,0.922142857142855,0.7466666666666665,0.834444444444445,1.0152222222222214,0.09140582967824462,0.9037668650793647,0.14056221913877115,0.09652380952381179,0.27200000000000035,0.8339214782608695,0.7788059782608695,32.1,30.825,120.42510411575188,-0.0027003351159928,602.1679083280907,105.77,95.01
2025-07-01,chimborazo,Chimborazo,Tomate Rinon De Invernadero,0.8525,19.4725,1,1,1,0.7621686285714284,1.0,0.7900648431594481,5.0,33.599,30.313333333333333,3,3.0,34.77038785885168,30.90083333333333,68,120.98215715227757,0.0046257218593745,0.0111242636265962,0.0193657925468977,537.9616050566132,107.79,95.01,1,2025,7,3,-0.4999999999999997,-0.8660254037844388,0,0.7621686285714284,0,33.599,1,0.8254166666666665,0.8763636363636365,0.75,0.587272727272727,0.5689285714285715,0.8172601010101008,0.06357546162823191,0.7297032828282828,0.11148054679822786,0.07541666666666647,0.23814393939393952,0.7623718193548386,0.6878414399999999,32.90844444444445,32.36884920634921,120.42510411575188,-0.0027003351159928,602.1679083280907,105.77,95.01
2025-07-01,cotopaxi,Cotopaxi,Tomate Rinon De Invernadero,0.7840277777777778,14.309722222222222,2,2,2,0.8224526979166666,2.0,0.7900648431594481,5.0,34.647222222222226,30.633333333333336,3,3.0,34.77038785885168,30.90083333333333,68,120.98215715227757,0.0046257218593745,0.0111242636265962,0.0193657925468977,537.9616050566132,107.79,95.01,2,2025,7,3,-0.4999999999999997,-0.8660254037844388,0,0.8224526979166666,0,34.647222222222226,1,0.7422222222222222,0.8487142857142856,0.680625,0.3904166666666665,0.5672222222222221,0.7571871693121692,0.08503801634585846,0.6479636243386243,0.15517484615013788,0.06159722222222219,0.3518055555555557,0.6449229285714285,0.6425966249999999,33.01844444444445,33.23833333333334,120.42510411575188,-0.0027003351159928,602.1679083280907,105.77,95.01
2025-07-01,imbabura,Imbabura,Tomate Rinon De Invernadero,0.708888888888889,12.962222222222222,1,1,1,0.592491625,1.0,0.7900648431594481,5.0,33.160694444444445,29.09375,3,3.0,34.77038785885168,30.90083333333333,68,120.98215715227757,0.0046257218593745,0.0111242636265962,0.0193657925468977,537.9616050566132,107.79,95.01,3,2025,7,3,-0.4999999999999997,-0.8660254037844388,0,0.592491625,0,33.160694444444445,1,0.7805555555555557,0.8844444444444445,0.8,0.52125,0.684444444444444,0.8216666666666664,0.05522959932839642,0.7339583333333333,0.12368882544564615,-0.019444444444444375,0.2593055555555557,0.5649338749999999,0.7139179609375,32.48819444444444,32.75736111111111,120.42510411575188,-0.0027003351159928,602.1679083280907,105.77,95.01
2025-07-01,tungurahua,Tungurahua,Tomate Rinon De Invernadero,0.8246153846153847,16.564615384615387,1,1,1,0.7900648431594481,0.0,0.7900648431594481,5.0,35.62916666666667,31.25,3,3.0,34.77038785885168,30.90083333333333,68,120.98215715227757,0.0046257218593745,0.0111242636265962,0.0193657925468977,537.9616050566132,107.79,95.01,4,2025,7,3,-0.4999999999999997,-0.8660254037844388,1,0.7900648431594481,0,35.62916666666667,1,0.78375,0.8818181818181817,0.705833333333333,0.504166666666667,0.53,0.7904671717171713,0.08818450556059884,0.6966224747474746,0.1305820269331061,0.07791666666666697,0.27958333333333296,0.690214605951713,0.6931517258396739,33.77777777777778,34.336666666666666,120.42510411575188,-0.0027003351159928,602.1679083280907,105.77,95.01
2025-08-01,azuay,Azuay,Tomate Rinon De Invernadero,0.7116666666666667,13.755555555555556,2,2,2,0.5606288473205258,1.0,0.5282394436307718,5.0,33.428888888888885,30.07,3,3.0,34.814019924279876,30.668,68,121.51539760762888,0.0044075958629183,0.0124785537432987,0.0238587449969278,637.9990865713016,104.74,95.01,0,2025,8,3,-0.8660254037844385,-0.5000000000000004,0,0.5606288473205258,0,33.428888888888885,1,1.0743055555555556,1.0186666666666668,1.104857142857143,0.768125,0.98,1.0659431216931217,0.0436995111135394,0.9583733465608463,0.13061428171174885,-0.030551587301587357,0.3061805555555557,0.9507585663924794,0.9585304347826086,33.38,31.811111111111114,120.98215715227757,0.0046257218593745,537.9616050566132,107.79,95.01
2025-08-01,chimborazo,Chimborazo,Tomate Rinon De Invernadero,0.62,14.194166666666666,1,1,1,0.5392133083333333,1.0,0.5282394436307718,5.0,33.345555555555556,29.78111111111111,3,3.0,34.814019924279876,30.668,68,121.51539760762888,0.0044075958629183,0.0124785537432987,0.0238587449969278,637.9990865713016,104.74,95.01,1,2025,8,3,-0.8660254037844385,-0.5000000000000004,0,0.5392133083333333,0,33.345555555555556,1,0.8525,0.8254166666666665,0.8763636363636365,0.6275,0.675416666666667,0.8514267676767675,0.025490435481582464,0.7739078282828283,0.09508720327298295,-0.02386363636363642,0.2250000000000001,0.7621686285714284,0.90189,33.599,32.54190476190476,120.98215715227757,0.0046257218593745,537.9616050566132,107.79,95.01
2025-08-01,cotopaxi,Cotopaxi,Tomate Rinon De Invernadero,0.5043055555555556,9.22875,2,2,2,0.50198946875,2.0,0.5282394436307718,5.0,34.48888888888889,29.88833333333333,3,3.0,34.814019924279876,30.668,68,121.51539760762888,0.0044075958629183,0.0124785537432987,0.0238587449969278,637.9990865713016,104.74,95.01,2,2025,8,3,-0.8660254037844385,-0.5000000000000004,0,0.50198946875,0,34.48888888888889,1,0.7840277777777778,0.7422222222222222,0.8487142857142856,0.586875,0.63225,0.7916547619047618,0.053654152326306,0.7135654761904763,0.09670322128582251,-0.06468650793650788,0.19715277777777773,0.8224526979166666,0.8682928080357142,34.647222222222226,32.80444444444444,120.98215715227757,0.0046257218593745,537.9616050566132,107.79,95.01
2025-08-01,imbabura,Imbabura,Tomate Rinon De Invernadero,0.6471428571428571,11.811428571428571,1,1,1,0.537376125,1.0,0.5282394436307718,5.0,34.827777777777776,30.75,3,3.0,34.814019924279876,30.668,68,121.51539760762888,0.0044075958629183,0.0124785537432987,0.0238587449969278,637.9990865713016,104.74,95.01,3,2025,8,3,-0.8660254037844385,-0.5000000000000004,0,0.537376125,0,34.827777777777776,1,0.708888888888889,0.7805555555555557,0.8844444444444445,0.72875,0.775555555555556,0.7912962962962963,0.08826925232123453,0.7652314814814815,0.07212518409730456,-0.17555555555555546,-0.019861111111110996,0.592491625,0.7716169999999999,33.160694444444445,32.93152777777778,120.98215715227757,0.0046257218593745,537.9616050566132,107.79,95.01
2025-08-01,tungurahua,Tungurahua,Tomate Rinon De Invernadero,0.6558333333333334,13.194166666666668,1,1,1,0.5282394436307718,0.0,0.5282394436307718,5.0,34.666666666666664,31.0,3,3.0,34.814019924279876,30.668,68,121.51539760762888,0.0044075958629183,0.0124785537432987,0.0238587449969278,637.9990865713016,104.74,95.01,4,2025,8,3,-0.8660254037844385,-0.5000000000000004,1,0.5282394436307718,0,34.666666666666664,1,0.8246153846153847,0.78375,0.8818181818181817,0.618333333333333,0.6065,0.8300611888111885,0.04926037615350897,0.7500305944055943,0.09745430952986643,-0.05720279720279697,0.2062820512820518,0.7900648431594481,0.8737246101708074,35.62916666666667,34.583333333333336,120.98215715227757,0.0046257218593745,537.9616050566132,107.79,95.01
2025-09-01,azuay,Azuay,Tomate Rinon De Invernadero,0.814861111111111,15.722222222222221,2,2,2,0.6534596906354514,1.0,0.5751358143770903,5.0,33.321666666666665,29.325,3,3.0,35.81302542639652,32.233333333333334,64,121.42227232272184,-0.0007663661292353,0.0061397069513384,0.0230740943336409,515.069963010528,108.34,95.01,0,2025,9,3,-1.0,-1.8369701987210297e-16,0,0.6534596906354514,0,33.321666666666665,1,0.7116666666666667,1.0743055555555556,1.0186666666666668,0.862142857142857,0.919375,0.9348796296296294,0.1952996201102962,0.948963624338624,0.14794522515908204,-0.30700000000000016,-0.15047619047619032,0.5606288473205258,0.8339214782608695,33.428888888888885,32.1,121.51539760762888,0.0044075958629183,637.9990865713016,104.74,95.01
2025-09-01,chimborazo,Chimborazo,Tomate Rinon De Invernadero,0.6046153846153847,13.845384615384615,1,1,1,0.5587333812499999,1.0,0.5751358143770903,5.0,35.81302542639652,32.233333333333334,0,0.0,35.81302542639652,32.233333333333334,64,121.42227232272184,-0.0007663661292353,0.0061397069513384,0.0230740943336409,515.069963010528,108.34,95.01,1,2025,9,3,-1.0,-1.8369701987210297e-16,0,0.5587333812499999,1,35.81302542639652,1,0.62,0.8525,0.8254166666666665,0.711666666666667,0.649615384615385,0.765972222222222,0.1271388767509042,0.7726578282828284,0.09741752774078218,-0.20541666666666647,-0.09166666666666701,0.5392133083333333,0.7623718193548386,33.345555555555556,32.90844444444445,121.51539760762888,0.0044075958629183,637.9990865713016,104.74,95.01
2025-09-01,cotopaxi,Cotopaxi,Tomate Rinon De Invernadero,0.6261111111111111,11.444583333333334,2,2,2,0.6204669166666666,2.0,0.5751358143770903,5.0,35.345777777777776,30.160000000000004,3,3.0,35.81302542639652,32.233333333333334,64,121.42227232272184,-0.0007663661292353,0.0061397069513384,0.0230740943336409,515.069963010528,108.34,95.01,2,2025,9,3,-1.0,-1.8369701987210297e-16,0,0.6204669166666666,0,35.345777777777776,1,0.5043055555555556,0.7840277777777778,0.7422222222222222,0.6389285714285715,0.65625,0.6768518518518517,0.15088437425063042,0.6998039021164022,0.1211284583704919,-0.23791666666666667,-0.13462301587301595,0.50198946875,0.6449229285714285,34.48888888888889,33.01844444444445,121.51539760762888,0.0044075958629183,637.9990865713016,104.74,95.01
2025-09-01,imbabura,Imbabura,Tomate Rinon De Invernadero,0.55125,10.085,1,1,1,0.4225521666666667,1.0,0.5751358143770903,5.0,35.392222222222216,32.21666666666666,3,3.0,35.81302542639652,32.233333333333334,64,121.42227232272184,-0.0007663661292353,0.0061397069513384,0.0230740943336409,515.069963010528,108.34,95.01,3,2025,9,3,-1.0,-1.8369701987210297e-16,0,0.4225521666666667,0,35.392222222222216,1,0.6471428571428571,0.708888888888889,0.7805555555555557,0.68875,0.692222222222222,0.7121957671957669,0.06676779618605048,0.7516302910052911,0.0866190294545461,-0.13341269841269854,-0.04160714285714284,0.537376125,0.5649338749999999,34.827777777777776,32.48819444444444,121.51539760762888,0.0044075958629183,637.9990865713016,104.74,95.01
2025-09-01,tungurahua,Tungurahua,Tomate Rinon De Invernadero,0.6276923076923077,12.653846153846157,1,1,1,0.5751358143770903,0.0,0.5751358143770903,5.0,38.44416666666667,34.6425,3,3.0,35.81302542639652,32.233333333333334,64,121.42227232272184,-0.0007663661292353,0.0061397069513384,0.0230740943336409,515.069963010528,108.34,95.01,4,2025,9,3,-1.0,-1.8369701987210297e-16,1,0.5751358143770903,0,38.44416666666667,1,0.6558333333333334,0.8246153846153847,0.78375,0.685833333333333,0.716153846153846,0.7547329059829058,0.08805304661192605,0.7562805944055943,0.08806962319585053,-0.12791666666666657,-0.029999999999999583,0.5282394436307718,0.690214605951713,34.666666666666664,33.77777777777778,121.51539760762888,0.0044075958629183,637.9990865713016,104.74,95.01
2025-10-01,azuay,Azuay,Tomate Rinon De Invernadero,0.735625,14.225,2,2,2,0.6089025302922308,1.0,0.44733837513407637,5.0,33.72666666666667,29.855,3,3.0,36.464495553173776,32.178,67,122.24794647159104,0.0068000222123556,0.0198839715619232,0.0300310208999952,659.3121919556191,106.31,95.01,0,2025,10,4,-0.8660254037844386,0.5000000000000001,0,0.6089025302922308,0,33.72666666666667,1,0.814861111111111,0.7116666666666667,1.0743055555555556,0.922142857142855,0.875625,0.8669444444444444,0.18684551410717654,0.9410833333333329,0.15460400561199097,-0.2594444444444446,-0.10728174603174401,0.6534596906354514,0.9507585663924794,33.321666666666665,33.38,121.42227232272184,-0.0007663661292353,515.069963010528,108.34,95.01
2025-10-01,chimborazo,Chimborazo,Tomate Rinon De Invernadero,0.5623076923076924,12.845384615384615,1,1,1,0.4739932999999999,1.0,0.44733837513407637,5.0,35.39230158730158,30.712857142857143,3,3.0,36.464495553173776,32.178,67,122.24794647159104,0.0068000222123556,0.0198839715619232,0.0300310208999952,659.3121919556191,106.31,95.01,1,2025,10,4,-0.8660254037844386,0.5000000000000001,0,0.4739932999999999,0,35.39230158730158,1,0.6046153846153847,0.62,0.8525,0.75,0.59,0.6923717948717948,0.13888827580403898,0.7548159479409479,0.1183716338226889,-0.24788461538461537,-0.14538461538461533,0.5587333812499999,0.7621686285714284,35.81302542639652,33.599,121.42227232272184,-0.0007663661292353,515.069963010528,108.34,95.01
2025-10-01,cotopaxi,Cotopaxi,Tomate Rinon De Invernadero,0.478125,8.76125,2,2,2,0.46115547268907564,2.0,0.44733837513407637,5.0,36.13155555555556,32.178,3,3.0,36.464495553173776,32.178,67,122.24794647159104,0.0068000222123556,0.0198839715619232,0.0300310208999952,659.3121919556191,106.31,95.01,2,2025,10,4,-0.8660254037844386,0.5000000000000001,0,0.46115547268907564,0,36.13155555555556,1,0.6261111111111111,0.5043055555555556,0.7840277777777778,0.680625,0.483125,0.638148148148148,0.14024905738260077,0.6976676587301588,0.12252180008555627,-0.1579166666666667,-0.05451388888888897,0.6204669166666666,0.8224526979166666,35.345777777777776,34.647222222222226,121.42227232272184,-0.0007663661292353,515.069963010528,108.34,95.01
2025-10-01,imbabura,Imbabura,Tomate Rinon De Invernadero,0.3525,6.460000000000001,1,1,1,0.2314851,1.0,0.44733837513407637,5.0,36.672222222222224,32.775,3,3.0,36.464495553173776,32.178,67,122.24794647159104,0.0068000222123556,0.0198839715619232,0.0300310208999952,659.3121919556191,106.31,95.01,3,2025,10,4,-0.8660254037844386,0.5000000000000001,0,0.2314851,0,36.672222222222224,1,0.55125,0.6471428571428571,0.708888888888889,0.8,0.41875,0.6357605820105818,0.07943344360482787,0.7287136243386244,0.11879526057720126,-0.157638888888889,-0.24875000000000003,0.4225521666666667,0.592491625,35.392222222222216,33.160694444444445,121.42227232272184,-0.0007663661292353,515.069963010528,108.34,95.01
2025-10-01,tungurahua,Tungurahua,Tomate Rinon De Invernadero,0.5323076923076923,10.730769230769228,1,1,1,0.44733837513407637,0.0,0.44733837513407637,5.0,35.52777777777778,32.75,3,3.0,36.464495553173776,32.178,67,122.24794647159104,0.0068000222123556,0.0198839715619232,0.0300310208999952,659.3121919556191,106.31,95.01,4,2025,10,4,-0.8660254037844386,0.5000000000000001,1,0.44733837513407637,0,35.52777777777778,1,0.6276923076923077,0.6558333333333334,0.8246153846153847,0.705833333333333,0.570833333333333,0.702713675213675,0.1065035182391952,0.7465904234654234,0.09978980615220376,-0.1969230769230771,-0.07814102564102532,0.5751358143770903,0.7900648431594481,38.44416666666667,35.62916666666667,121.42227232272184,-0.0007663661292353,515.069963010528,108.34,95.01
2025-11-01,azuay,Azuay,Tomate Rinon De Invernadero,0.5999999999999999,11.535714285714285,2,2,2,0.4909805893719806,1.0,0.39456922966301394,5.0,29.02,29.02,2,2.0,36.79406245421245,32.0,65,121.11620579348896,-0.0092577479685115,0.0179529571885785,0.0204952533087545,885.2780354924874,104.24,95.01,0,2025,11,4,-0.5000000000000004,0.8660254037844384,0,0.4909805893719806,0,29.02,1,0.735625,0.814861111111111,0.7116666666666667,1.104857142857143,0.8612500000000001,0.7540509259259257,0.05400841972063396,0.9099970238095239,0.17639060406682155,0.023958333333333304,-0.369232142857143,0.6089025302922308,0.5606288473205258,33.72666666666667,33.428888888888885,122.24794647159104,0.0068000222123556,659.3121919556191,106.31,95.01
2025-11-01,chimborazo,Chimborazo,Tomate Rinon De Invernadero,0.5463636363636364,12.514545454545454,1,1,1,0.4839409756097561,1.0,0.39456922966301394,5.0,34.922222222222224,30.9,3,3.0,36.79406245421245,32.0,65,121.11620579348896,-0.0092577479685115,0.0179529571885785,0.0204952533087545,885.2780354924874,104.24,95.01,1,2025,11,4,-0.5000000000000004,0.8660254037844384,0,0.4839409756097561,0,34.922222222222224,1,0.5623076923076924,0.6046153846153847,0.62,0.8763636363636365,0.655649350649351,0.5956410256410255,0.02987482101983004,0.7235338966588967,0.1422842599918736,-0.0576923076923076,-0.31405594405594406,0.4739932999999999,0.5392133083333333,35.39230158730158,33.345555555555556,122.24794647159104,0.0068000222123556,659.3121919556191,106.31,95.01
2025-11-01,cotopaxi,Cotopaxi,Tomate Rinon De Invernadero,0.3699999999999999,6.792142857142856,2,2,2,0.39332424999999993,2.0,0.39456922966301394,5.0,36.12155555555555,31.478,3,3.0,36.79406245421245,32.0,65,121.11620579348896,-0.0092577479685115,0.0179529571885785,0.0204952533087545,885.2780354924874,104.24,95.01,2,2025,11,4,-0.5000000000000004,0.8660254037844384,0,0.39332424999999993,0,36.12155555555555,1,0.478125,0.6261111111111111,0.5043055555555556,0.8487142857142856,0.628125,0.5361805555555553,0.0789745781197839,0.6639176587301587,0.15240217141939877,-0.02618055555555554,-0.3705892857142856,0.46115547268907564,0.50198946875,36.13155555555556,34.48888888888889,122.24794647159104,0.0068000222123556,659.3121919556191,106.31,95.01
2025-11-01,imbabura,Imbabura,Tomate Rinon De Invernadero,0.3271428571428571,6.047142857142857,1,1,1,0.2112760833333333,1.0,0.39456922966301394,5.0,37.21,33.36666666666667,3,3.0,36.79406245421245,32.0,65,121.11620579348896,-0.0092577479685115,0.0179529571885785,0.0204952533087545,885.2780354924874,104.24,95.01,3,2025,11,4,-0.5000000000000004,0.8660254037844384,0,0.2112760833333333,0,37.21,1,0.3525,0.55125,0.6471428571428571,0.8844444444444445,0.621428571428572,0.5169642857142854,0.15028385132604394,0.6541302910052911,0.18635475405496213,-0.29464285714285715,-0.5319444444444446,0.2314851,0.537376125,36.672222222222224,34.827777777777776,122.24794647159104,0.0068000222123556,659.3121919556191,106.31,95.01
2025-11-01,tungurahua,Tungurahua,Tomate Rinon De Invernadero,0.470909090909091,9.514545454545454,1,1,1,0.39456922966301394,0.0,0.39456922966301394,5.0,36.80583333333333,32.0,3,3.0,36.79406245421245,32.0,65,121.11620579348896,-0.0092577479685115,0.0179529571885785,0.0204952533087545,885.2780354924874,104.24,95.01,4,2025,11,4,-0.5000000000000004,0.8660254037844384,1,0.39456922966301394,0,36.80583333333333,1,0.5323076923076923,0.6276923076923077,0.6558333333333334,0.8818181818181817,0.699090909090909,0.6052777777777775,0.06474144237786497,0.7176694832944833,0.13343721433964828,-0.12352564102564112,-0.34951048951048946,0.44733837513407637,0.5282394436307718,35.52777777777778,34.666666666666664,122.24794647159104,0.0068000222123556,659.3121919556191,106.31,95.01
2025-12-01,azuay,Azuay,Tomate Rinon De Invernadero,0.6152380952380953,11.80952380952381,2,2,2,0.3667420793950851,1.0,0.3917935269901281,5.0,36.47166666666667,32.245000000000005,3,3.0,36.89073956516121,32.0,67,120.22573333756182,-0.0073522155857941,0.0129923522021488,0.0129923522021488,785.3055934542274,106.04,95.01,0,2025,12,4,-2.4492935982947064e-16,1.0,0,0.3667420793950851,0,36.47166666666667,1,0.5999999999999999,0.735625,0.814861111111111,1.0186666666666668,0.6675,0.7168287037037034,0.10865679837368215,0.8258541666666667,0.185049070433667,-0.21486111111111117,-0.41866666666666696,0.4909805893719806,0.6534596906354514,29.02,33.321666666666665,121.11620579348896,-0.0092577479685115,885.2780354924874,104.24,95.01
2025-12-01,chimborazo,Chimborazo,Tomate Rinon De Invernadero,0.4875,11.21,1,1,1,0.4164282222222222,1.0,0.3917935269901281,5.0,35.40633333333333,31.699,3,3.0,36.89073956516121,32.0,67,120.22573333756182,-0.0073522155857941,0.0129923522021488,0.0129923522021488,785.3055934542274,106.04,95.01,1,2025,12,4,-2.4492935982947064e-16,1.0,0,0.4164282222222222,0,35.40633333333333,1,0.5463636363636364,0.5623076923076924,0.6046153846153847,0.8254166666666665,0.6466666666666665,0.571095571095571,0.03010376477767439,0.6685338966588966,0.134986240041011,-0.05825174825174828,-0.2790530303030301,0.4839409756097561,0.5587333812499999,34.922222222222224,35.81302542639652,121.11620579348896,-0.0092577479685115,885.2780354924874,104.24,95.01
2025-12-01,cotopaxi,Cotopaxi,Tomate Rinon De Invernadero,0.4171428571428571,7.666428571428572,2,2,2,0.38580849999999994,2.0,0.3917935269901281,5.0,35.871111111111105,31.82,3,3.0,36.89073956516121,32.0,67,120.22573333756182,-0.0073522155857941,0.0129923522021488,0.0129923522021488,785.3055934542274,106.04,95.01,2,2025,12,4,-2.4492935982947064e-16,1.0,0,0.38580849999999994,0,35.871111111111105,1,0.3699999999999999,0.478125,0.6261111111111111,0.7422222222222222,0.4358333333333335,0.4914120370370369,0.12857151443286358,0.5841319444444444,0.16135386255739653,-0.2561111111111112,-0.37222222222222234,0.39332424999999993,0.6204669166666666,36.12155555555555,35.345777777777776,121.11620579348896,-0.0092577479685115,885.2780354924874,104.24,95.01
2025-12-01,imbabura,Imbabura,Tomate Rinon De Invernadero,0.4633333333333334,8.5,1,1,1,0.4041803333333332,1.0,0.3917935269901281,5.0,36.86746031746032,32.43571428571429,3,3.0,36.89073956516121,32.0,67,120.22573333756182,-0.0073522155857941,0.0129923522021488,0.0129923522021488,785.3055934542274,106.04,95.01,3,2025,12,4,-2.4492935982947064e-16,1.0,0,0.4041803333333332,0,36.86746031746032,1,0.3271428571428571,0.3525,0.55125,0.7805555555555557,0.464444444444444,0.41029761904761886,0.12272500334316254,0.5612466931216932,0.18748464891246985,-0.2241071428571429,-0.45341269841269854,0.2112760833333333,0.4225521666666667,37.21,35.392222222222216,121.11620579348896,-0.0092577479685115,885.2780354924874,104.24,95.01
2025-12-01,tungurahua,Tungurahua,Tomate Rinon De Invernadero,0.4172727272727272,8.425454545454544,1,1,1,0.3917935269901281,0.0,0.3917935269901281,5.0,35.55555555555555,31.0,3,3.0,36.89073956516121,32.0,67,120.22573333756182,-0.0073522155857941,0.0129923522021488,0.0129923522021488,785.3055934542274,106.04,95.01,4,2025,12,4,-2.4492935982947064e-16,1.0,1,0.3917935269901281,0,35.55555555555555,1,0.470909090909091,0.5323076923076923,0.6276923076923077,0.78375,0.5475,0.5436363636363634,0.07900315412550789,0.6491846348096348,0.13771877144735073,-0.15678321678321666,-0.31284090909090895,0.39456922966301394,0.5751358143770903,36.80583333333333,38.44416666666667,121.11620579348896,-0.0092577479685115,885.2780354924874,104.24,95.01
2026-01-01,azuay,Azuay,Tomate Rinon De Invernadero,0.584,11.225,2,2,2,0.4780795438346401,1.0,0.39531570612763184,5.0,30.896250000000002,30.896250000000002,2,2.0,36.18595865675061,32.4675,64,121.74364689389924,0.0126255296116641,0.020868984731093,0.0126255296116641,785.3055934542274,106.72776304175578,95.01,0,2026,1,1,0.49999999999999994,0.8660254037844387,0,0.4780795438346401,0,30.896250000000002,1,0.6152380952380953,0.5999999999999999,0.735625,1.0743055555555556,0.7466666666666665,0.6502876984126983,0.07429597006751504,0.7586160714285715,0.17393820340689556,-0.12038690476190472,-0.4590674603174604,0.3667420793950851,0.6089025302922308,36.47166666666667,33.72666666666667,120.22573333756182,-0.0073522155857941,785.3055934542274,106.04,95.01
2026-01-01,chimborazo,Chimborazo,Tomate Rinon De Invernadero,0.5500000000000002,12.611666666666666,1,1,1,0.4825610322580645,1.0,0.39531570612763184,5.0,35.132,31.8,3,3.0,36.18595865675061,32.4675,64,121.74364689389924,0.0126255296116641,0.020868984731093,0.0126255296116641,785.3055934542274,106.72776304175578,95.01,1,2026,1,1,0.49999999999999994,0.8660254037844387,0,0.4825610322580645,0,35.132,1,0.4875,0.5463636363636364,0.5623076923076924,0.8525,0.587272727272727,0.5320571095571094,0.03940247757502697,0.6122144522144523,0.12667771254727914,-0.07480769230769241,-0.36500000000000005,0.4164282222222222,0.4739932999999999,35.40633333333333,35.39230158730158,120.22573333756182,-0.0073522155857941,785.3055934542274,106.04,95.01
2026-01-01,cotopaxi,Cotopaxi,Tomate Rinon De Invernadero,0.33187500000000003,6.125,2,2,2,0.3562789772727272,2.0,0.39531570612763184,5.0,36.706111111111106,32.36,3,3.0,36.18595865675061,32.4675,64,121.74364689389924,0.0126255296116641,0.020868984731093,0.0126255296116641,785.3055934542274,106.72776304175578,95.01,2,2026,1,1,0.49999999999999994,0.8660254037844387,0,0.3562789772727272,0,36.706111111111106,1,0.4171428571428571,0.3699999999999999,0.478125,0.7840277777777778,0.3904166666666665,0.4217559523809522,0.05420991045931779,0.5299520502645502,0.15195749310965256,-0.06098214285714293,-0.3668849206349207,0.38580849999999994,0.46115547268907564,35.871111111111105,36.13155555555556,120.22573333756182,-0.0073522155857941,785.3055934542274,106.04,95.01
2026-01-01,imbabura,Imbabura,Tomate Rinon De Invernadero,0.4287499999999999,7.875,1,1,1,0.30338,1.0,0.39531570612763184,5.0,37.48238095238095,33.00714285714286,3,3.0,36.18595865675061,32.4675,64,121.74364689389924,0.0126255296116641,0.020868984731093,0.0126255296116641,785.3055934542274,106.72776304175578,95.01,3,2026,1,1,0.49999999999999994,0.8660254037844387,0,0.30338,0,37.48238095238095,1,0.4633333333333334,0.3271428571428571,0.3525,0.708888888888889,0.52125,0.3809920634920633,0.07242796222989505,0.5083763227513227,0.1552233618973439,0.1108333333333334,-0.24555555555555564,0.4041803333333332,0.2314851,36.86746031746032,36.672222222222224,120.22573333756182,-0.0073522155857941,785.3055934542274,106.04,95.01
2026-01-01,tungurahua,Tungurahua,Tomate Rinon De Invernadero,0.4475,9.014166666666666,1,1,1,0.39531570612763184,0.0,0.39531570612763184,5.0,33.666666666666664,30.0,3,3.0,36.18595865675061,32.4675,64,121.74364689389924,0.0126255296116641,0.020868984731093,0.0126255296116641,785.3055934542274,106.72776304175578,95.01,4,2026,1,1,0.49999999999999994,0.8660254037844387,1,0.39531570612763184,0,33.666666666666664,1,0.4172727272727272,0.470909090909091,0.5323076923076923,0.8246153846153847,0.504166666666667,0.47349650349650324,0.05756111381021844,0.5881050893550893,0.1470532761660378,-0.11503496503496508,-0.40734265734265757,0.3917935269901281,0.44733837513407637,35.55555555555555,35.52777777777778,120.22573333756182,-0.0073522155857941,785.3055934542274,106.04,95.01
2026-02-01,azuay,Azuay,Tomate Rinon De Invernadero,0.7333333333333334,14.25,2,2,2,0.6954956521739131,1.0,0.5383431415239349,6.0,32.37375,32.37375,2,2.0,37.455182413966504,33.185,66,121.74364689389924,0.0126255296116641,0.020868984731093,0.0126255296116641,785.3055934542274,106.72776304175578,95.01,0,2026,2,1,0.8660254037844386,0.5000000000000001,0,0.6954956521739131,0,32.37375,1,0.584,0.6152380952380953,0.5999999999999999,0.7116666666666667,0.768125,0.5997460317460316,0.015620596129211078,0.6768984788359788,0.09169168490120054,-0.015999999999999903,-0.1276666666666667,0.4780795438346401,0.4909805893719806,30.896250000000002,29.02,121.74364689389924,0.0126255296116641,785.3055934542274,106.72776304175578,95.01
2026-02-01,chimborazo,Chimborazo,Tomate Rinon De Invernadero,0.6736363636363637,15.409999999999998,1,1,1,0.695016,1.0,0.5383431415239349,6.0,35.36083333333333,31.88,3,3.0,37.455182413966504,33.185,66,121.74364689389924,0.0126255296116641,0.020868984731093,0.0126255296116641,785.3055934542274,106.72776304175578,95.01,1,2026,2,1,0.8660254037844386,0.5000000000000001,0,0.695016,0,35.36083333333333,1,0.5500000000000002,0.4875,0.5463636363636364,0.62,0.6275,0.5279545454545453,0.03508181111452051,0.5617977855477856,0.047156476128168014,0.003636363636363771,-0.06999999999999984,0.4825610322580645,0.4839409756097561,35.132,34.922222222222224,121.74364689389924,0.0126255296116641,785.3055934542274,106.72776304175578,95.01
2026-02-01,cotopaxi,Cotopaxi,Tomate Rinon De Invernadero,0.5087499999999999,9.336071428571428,2,2,2,0.4776578409090909,2.0,0.5383431415239349,6.0,36.951388888888886,33.4725,3,3.0,37.455182413966504,33.185,66,121.74364689389924,0.0126255296116641,0.020868984731093,0.0126255296116641,785.3055934542274,106.72776304175578,95.01,2,2026,2,1,0.8660254037844386,0.5000000000000001,0,0.4776578409090909,0,36.951388888888886,1,0.33187500000000003,0.4171428571428571,0.3699999999999999,0.5043055555555556,0.586875,0.3730059523809522,0.04271333138168426,0.454593253968254,0.1058883865356527,-0.03812499999999985,-0.17243055555555553,0.3562789772727272,0.39332424999999993,36.706111111111106,36.12155555555555,121.74364689389924,0.0126255296116641,785.3055934542274,106.72776304175578,95.01
2026-02-01,imbabura,Imbabura,Tomate Rinon De Invernadero,0.6071428571428573,11.095714285714283,1,1,1,0.4421157575757575,2.0,0.5383431415239349,6.0,36.8125,32.4,3,3.0,37.455182413966504,33.185,66,121.74364689389924,0.0126255296116641,0.020868984731093,0.0126255296116641,785.3055934542274,106.72776304175578,95.01,3,2026,2,1,0.8660254037844386,0.5000000000000001,0,0.4421157575757575,0,36.8125,1,0.4287499999999999,0.4633333333333334,0.3271428571428571,0.6471428571428571,0.72875,0.40640873015872986,0.07079061169984704,0.46168650793650795,0.12126573270693099,0.10160714285714278,-0.21839285714285722,0.30338,0.2112760833333333,37.48238095238095,37.21,121.74364689389924,0.0126255296116641,785.3055934542274,106.72776304175578,95.01
2026-02-01,tungurahua,Tungurahua,Tomate Rinon De Invernadero,0.5581818181818182,11.24090909090909,1,1,1,0.5383431415239349,0.0,0.5383431415239349,6.0,40.333333333333336,40.0,3,3.0,37.455182413966504,33.185,66,121.74364689389924,0.0126255296116641,0.020868984731093,0.0126255296116641,785.3055934542274,106.72776304175578,95.01,4,2026,2,1,0.8660254037844386,0.5000000000000001,1,0.5383431415239349,0,40.333333333333336,1,0.4475,0.4172727272727272,0.470909090909091,0.6558333333333334,0.618333333333333,0.4452272727272724,0.026890311321667127,0.5252525252525253,0.09823780602055718,-0.02340909090909099,-0.20833333333333337,0.39531570612763184,0.39456922966301394,33.666666666666664,36.80583333333333,121.74364689389924,0.0126255296116641,785.3055934542274,106.72776304175578,95.01
