fecha,provincia_key,provincia,producto,target_precio_mercado_usdkg,target_precio_mercado_usd,mercados_observaciones,mercados_distintos,tipos_mercado_distintos,precio_productor_provincia_usdkg,productor_observaciones_provincia,precio_productor_nacional_usdkg,productor_observaciones_nacional,fertilizantes_precio_promedio_provincia,fertilizantes_precio_mediano_provincia,fertilizantes_registros_provincia,fertilizantes_ingredientes_activos_provincia,fertilizantes_precio_promedio_nacional,fertilizantes_precio_mediano_nacional,fertilizantes_registros_nacional,ipc_alimentos,inflacion_mensual,inflacion_anual,inflacion_acumulada,ibc,ipm,ipp_n,provincia_id,anio,mes_num,trimestre,mes_sin,mes_cos,productor_missing_exact,precio_productor_usdkg_filled,fertilizantes_missing_exact,fertilizantes_precio_promedio_filled,macro_missing_any,target_lag_1,target_lag_2,target_lag_3,target_lag_6,target_lag_12,target_rolling_mean_3,target_rolling_std_3,target_rolling_mean_6,target_rolling_std_6,target_momentum_1_3,target_momentum_1_6,productor_lag_1,productor_lag_3,fertilizantes_lag_1,fertilizantes_lag_3,ipc_alimentos_lag_1,inflacion_mensual_lag_1,ibc_lag_1,ipm_lag_1,ipp_n_lag_1
2017-01-01,azuay,Azuay,Papa Superchola,0.598125,33.375,2,1,1,0.43115499418250053,0.0,0.43115499418250053,7.0,29.402777777777782,30.916666666666668,3,3.0,25.278412933331037,23.15127777777778,58,106.79525338604871,0.0049046428859018,0.0148480057620379,0.0049,393.4842146837502,96.04567941153522,97.900896734359,0,2017,1,1,0.49999999999999994,0.8660254037844387,1,0.43115499418250053,0,29.402777777777782,0,0.5635714285714285,0.5743750000000001,0.5433333333333334,0.6083333333333335,0.5277777777777775,0.5604265873015873,0.015757975356005868,0.57025958994709,0.02143444438981007,0.020238095238095055,-0.044761904761905,0.4021057385947171,0.3695557772119815,28.866666666666664,29.84523809523809,106.27401728322432,0.0027260996012512,318.3163614688067,92.27567399471783,99.95312657717108
2017-01-01,pichincha,Pichincha,Papa Superchola,0.418888888888889,19.26,1,1,1,0.4314756285714285,1.0,0.43115499418250053,7.0,25.83913756613757,23.11055555555556,3,3.0,25.278412933331037,23.15127777777778,58,106.79525338604871,0.0049046428859018,0.0148480057620379,0.0049,393.4842146837502,96.04567941153522,97.900896734359,6,2017,1,1,0.49999999999999994,0.8660254037844387,0,0.4314756285714285,0,25.83913756613757,0,0.373333333333333,0.354444444444444,0.342222222222222,0.423333333333333,0.348888888888889,0.35666666666666624,0.015674151088513288,0.37590277777777753,0.03461045901829354,0.031111111111111034,-0.04999999999999999,0.4558839214285713,0.4473245096774192,26.093621553884713,27.643392156862745,106.27401728322432,0.0027260996012512,318.3163614688067,92.27567399471783,99.95312657717108
2017-02-01,azuay,Azuay,Papa Superchola,0.5921428571428575,33.071428571428555,2,1,1,0.42384542137266723,0.0,0.42384542137266723,8.0,28.446428571428573,29.625,3,3.0,24.89137922616525,22.781145833333333,58,107.29633613408298,0.004691994561059,0.0120413451414438,0.0096,392.62593862516593,96.76925781574016,98.32298974729969,0,2017,2,1,0.8660254037844386,0.5000000000000001,1,0.42384542137266723,0,28.446428571428573,0,0.598125,0.5635714285714285,0.5743750000000001,0.5694444444444444,0.522142857142857,0.5786904761904762,0.0176763917607719,0.5685582010582011,0.01792584630396674,0.023749999999999938,0.028680555555555598,0.43115499418250053,0.4144351042281528,29.402777777777782,29.844444444444445,106.79525338604871,0.0049046428859018,393.4842146837502,96.04567941153522,97.900896734359
2017-02-01,pichincha,Pichincha,Papa Superchola,0.405,18.555,1,1,1,0.4560807624999999,1.0,0.42384542137266723,8.0,25.621314775910363,22.715625,3,3.0,24.89137922616525,22.781145833333333,58,107.29633613408298,0.004691994561059,0.0120413451414438,0.0096,392.62593862516593,96.76925781574016,98.32298974729969,6,2017,2,1,0.8660254037844386,0.5000000000000001,0,0.4560807624999999,0,25.621314775910363,0,0.418888888888889,0.373333333333333,0.354444444444444,0.413333333333333,0.318571428571429,0.38222222222222196,0.03312900336861079,0.3751620370370368,0.03341938160517969,0.06444444444444497,0.00555555555555598,0.4314756285714285,0.47619792,25.83913756613757,26.130486842105267,106.79525338604871,0.0049046428859018,393.4842146837502,96.04567941153522,97.900896734359
2017-03-01,azuay,Azuay,Papa Superchola,0.599375,33.375,2,1,1,0.43233721005846876,0.0,0.43233721005846876,8.0,28.574074074074073,29.38888888888889,3,3.0,24.629445083296474,22.875,57,108.06190921517076,0.0071351278959896,0.0128293078983747,0.0168,340.3079521529929,97.26825637600804,102.98660839957942,0,2017,3,1,1.0,6.123233995736766e-17,1,0.43233721005846876,0,28.574074074074073,0,0.5921428571428575,0.598125,0.5635714285714285,0.5625,0.545,0.5846130952380953,0.0184664644795415,0.5723412698412699,0.020377736613051388,0.028571428571429025,0.029642857142857526,0.42384542137266723,0.4021057385947171,28.446428571428573,28.866666666666664,107.29633613408298,0.004691994561059,392.62593862516593,96.76925781574016,98.32298974729969
2017-03-01,pichincha,Pichincha,Papa Superchola,0.465,21.37375,1,1,1,0.5340869741935483,1.0,0.43233721005846876,8.0,25.046144724556495,22.153,3,3.0,24.629445083296474,22.875,57,108.06190921517076,0.0071351278959896,0.0128293078983747,0.0168,340.3079521529929,97.26825637600804,102.98660839957942,6,2017,3,1,1.0,6.123233995736766e-17,0,0.5340869741935483,0,25.046144724556495,0,0.405,0.418888888888889,0.373333333333333,0.34875,0.355,0.3990740740740739,0.023348760332261582,0.37377314814814805,0.0316416100510975,0.03166666666666701,0.05625000000000002,0.4560807624999999,0.4558839214285713,25.621314775910363,26.093621553884713,107.29633613408298,0.004691994561059,392.62593862516593,96.76925781574016,98.32298974729969
2017-04-01,azuay,Azuay,Papa Superchola,0.561666666666667,31.1111111111111,2,1,1,0.3722115523889282,0.0,0.3722115523889282,8.0,28.34102564102564,29.0,3,3.0,24.466428997461694,22.38095238095238,58,109.33097122487412,0.0117438422004596,0.0183614617300356,0.0288,330.89532557748174,98.25531315005472,98.85195984083418,0,2017,4,2,0.8660254037844387,-0.4999999999999998,1,0.3722115523889282,0,28.34102564102564,0,0.599375,0.5921428571428575,0.598125,0.5433333333333334,0.5566666666666665,0.5965476190476192,0.0038654974554703787,0.5784871031746032,0.022287239027722373,0.0012499999999999734,0.056041666666666545,0.43233721005846876,0.43115499418250053,28.574074074074073,29.402777777777782,108.06190921517076,0.0071351278959896,340.3079521529929,97.26825637600804,102.98660839957942
2017-04-01,pichincha,Pichincha,Papa Superchola,0.361111111111111,16.5933333333333,1,1,1,0.4747281733333333,1.0,0.3722115523889282,8.0,24.98117740429505,22.143,3,3.0,24.466428997461694,22.38095238095238,58,109.33097122487412,0.0117438422004596,0.0183614617300356,0.0288,330.89532557748174,98.25531315005472,98.85195984083418,6,2017,4,2,0.8660254037844387,-0.4999999999999998,0,0.4747281733333333,0,24.98117740429505,0,0.465,0.405,0.418888888888889,0.342222222222222,0.413333333333333,0.4296296296296296,0.03140895785830458,0.393148148148148,0.0457160677195319,0.04611111111111105,0.12277777777777804,0.5340869741935483,0.4314756285714285,25.046144724556495,25.83913756613757,108.06190921517076,0.0071351278959896,340.3079521529929,97.26825637600804,102.98660839957942
2017-05-01,azuay,Azuay,Papa Superchola,0.5131944444444445,28.44444444444445,2,1,1,0.3413498600098221,0.0,0.3413498600098221,8.0,27.608333333333334,28.166666666666668,3,3.0,24.011155084433387,21.77777777777778,53,108.56390855580456,-0.0070159686726997,0.0095048924114191,0.0212,286.58639031591645,99.25248513073534,95.36070581510612,0,2017,5,2,0.49999999999999994,-0.8660254037844387,1,0.3413498600098221,0,27.608333333333334,0,0.561666666666667,0.599375,0.5921428571428575,0.5743750000000001,0.610625,0.5843948412698415,0.02001258137199773,0.5815426587301588,0.01717396954195614,-0.030476190476190546,-0.0127083333333331,0.3722115523889282,0.42384542137266723,28.34102564102564,28.446428571428573,109.33097122487412,0.0117438422004596,330.89532557748174,98.25531315005472,98.85195984083418
2017-05-01,pichincha,Pichincha,Papa Superchola,0.315555555555556,14.5355555555556,1,1,1,0.4212398928571428,1.0,0.3413498600098221,8.0,24.37668091168091,21.379999999999995,3,3.0,24.011155084433387,21.77777777777778,53,108.56390855580456,-0.0070159686726997,0.0095048924114191,0.0212,286.58639031591645,99.25248513073534,95.36070581510612,6,2017,5,2,0.49999999999999994,-0.8660254037844387,0,0.4212398928571428,0,24.37668091168091,0,0.361111111111111,0.465,0.405,0.354444444444444,0.445555555555556,0.4103703703703703,0.052152238370736174,0.39629629629629615,0.04200773983162525,-0.04388888888888903,0.006666666666666987,0.4747281733333333,0.4560807624999999,24.98117740429505,25.621314775910363,109.33097122487412,0.0117438422004596,330.89532557748174,98.25531315005472,98.85195984083418
2017-06-01,azuay,Azuay,Papa Superchola,0.445625,24.75,2,1,1,0.29662728794005094,0.0,0.29662728794005094,8.0,27.275391275391275,27.714285714285715,3,3.0,23.645135670700196,21.41730769230769,52,108.21463669560993,-0.0032172004936162,0.0012856077118055,0.0183,271.7671614708417,99.3109717555539,98.37871496745883,0,2017,6,2,1.2246467991473532e-16,-1.0,1,0.29662728794005094,0,27.275391275391275,0,0.5131944444444445,0.561666666666667,0.599375,0.5635714285714285,0.6444444444444446,0.5580787037037038,0.04320216600627492,0.5713458994708996,0.03307865117312478,-0.08618055555555548,-0.05037698412698399,0.3413498600098221,0.43233721005846876,27.608333333333334,28.574074074074073,108.56390855580456,-0.0070159686726997,286.58639031591645,99.25248513073534,95.36070581510612
2017-06-01,pichincha,Pichincha,Papa Superchola,0.26125,12.12625,1,1,1,0.3201948095238095,1.0,0.29662728794005094,8.0,24.23777777777778,21.60333333333333,3,3.0,23.645135670700196,21.41730769230769,52,108.21463669560993,-0.0032172004936162,0.0012856077118055,0.0183,271.7671614708417,99.3109717555539,98.37871496745883,6,2017,6,2,1.2246467991473532e-16,-1.0,0,0.3201948095238095,0,24.23777777777778,0,0.315555555555556,0.361111111111111,0.465,0.373333333333333,0.4375,0.3805555555555556,0.07659618338169226,0.38981481481481484,0.05165013674245774,-0.14944444444444405,-0.05777777777777704,0.4212398928571428,0.5340869741935483,24.37668091168091,25.046144724556495,108.56390855580456,-0.0070159686726997,286.58639031591645,99.25248513073534,95.36070581510612
2017-07-01,azuay,Azuay,Papa Superchola,0.471111111111111,26.2222222222222,2,1,1,0.3062386178546466,0.0,0.3062386178546466,8.0,27.47424242424243,28.9,3,3.0,24.038332204997975,22.115000000000002,52,107.42480462559575,-0.0072987545320309,-0.0032517959993375,0.0108,267.71595663813423,98.2211539001768,100.38979992876315,0,2017,7,3,-0.4999999999999997,-0.8660254037844388,1,0.3062386178546466,0,27.47424242424243,0,0.445625,0.5131944444444445,0.561666666666667,0.598125,0.6083333333333335,0.5068287037037038,0.05828215071596248,0.5516881613756616,0.061478009045586056,-0.11604166666666699,-0.15250000000000002,0.29662728794005094,0.3722115523889282,27.275391275391275,28.34102564102564,108.21463669560993,-0.0032172004936162,271.7671614708417,99.3109717555539,98.37871496745883
2017-07-01,pichincha,Pichincha,Papa Superchola,0.303333333333333,14.0177777777778,1,1,1,0.3314041677419355,1.0,0.3062386178546466,8.0,24.071893704850357,21.12647058823529,3,3.0,24.038332204997975,22.115000000000002,52,107.42480462559575,-0.0072987545320309,-0.0032517959993375,0.0108,267.71595663813423,98.2211539001768,100.38979992876315,6,2017,7,3,-0.4999999999999997,-0.8660254037844388,0,0.3314041677419355,0,24.071893704850357,0,0.26125,0.315555555555556,0.361111111111111,0.418888888888889,0.423333333333333,0.3126388888888889,0.04999440555121742,0.3711342592592593,0.07416491969783422,-0.09986111111111101,-0.157638888888889,0.3201948095238095,0.4747281733333333,24.23777777777778,24.98117740429505,108.21463669560993,-0.0032172004936162,271.7671614708417,99.3109717555539,98.37871496745883
2017-08-01,azuay,Azuay,Papa Superchola,0.4794444444444445,26.6666666666667,2,1,1,0.3181558093092023,0.0,0.3181558093092023,8.0,26.80972222222222,27.3125,3,3.0,23.242528658583417,21.189285714285717,52,107.5003021619046,0.0007027942622002,0.0024878392102503,0.0115,196.95407301039867,95.12691883535356,101.88416902151182,0,2017,8,3,-0.8660254037844385,-0.5000000000000004,1,0.3181558093092023,0,26.80972222222222,0,0.471111111111111,0.445625,0.5131944444444445,0.5921428571428575,0.5694444444444444,0.4766435185185185,0.03412276519310545,0.53051917989418,0.06410187886041874,-0.04208333333333353,-0.12103174603174655,0.3062386178546466,0.3413498600098221,27.47424242424243,27.608333333333334,107.42480462559575,-0.0072987545320309,267.71595663813423,98.2211539001768,100.38979992876315
2017-08-01,pichincha,Pichincha,Papa Superchola,0.304444444444444,14.0355555555556,1,1,1,0.4015983459459459,1.0,0.3181558093092023,8.0,23.799353530886037,20.61764705882353,3,3.0,23.242528658583417,21.189285714285717,52,107.5003021619046,0.0007027942622002,0.0024878392102503,0.0115,196.95407301039867,95.12691883535356,101.88416902151182,6,2017,8,3,-0.8660254037844385,-0.5000000000000004,0,0.4015983459459459,0,23.799353530886037,0,0.303333333333333,0.26125,0.315555555555556,0.405,0.413333333333333,0.2933796296296296,0.02848825203684977,0.351875,0.07428744587208351,-0.012222222222222967,-0.10166666666666702,0.3314041677419355,0.4212398928571428,24.071893704850357,24.37668091168091,107.42480462559575,-0.0072987545320309,267.71595663813423,98.2211539001768,100.38979992876315
2017-09-01,azuay,Azuay,Papa Superchola,0.4783333333333335,26.83333333333335,2,1,1,0.3668809060903159,0.0,0.3668809060903159,8.0,25.53333333333333,24.666666666666668,3,3.0,23.16156329175125,21.511904761904763,50,106.75214893443608,-0.0069595453447353,-0.0011817933273855,0.0045,241.33302541397387,92.50700260137717,101.07731467228116,0,2017,9,3,-1.0,-1.8369701987210297e-16,1,0.3668809060903159,0,25.53333333333333,0,0.4794444444444445,0.471111111111111,0.445625,0.599375,0.5625,0.4653935185185185,0.01761978587905648,0.5117361111111112,0.058718963433176,0.03381944444444451,-0.11993055555555548,0.3181558093092023,0.29662728794005094,26.80972222222222,27.275391275391275,107.5003021619046,0.0007027942622002,196.95407301039867,95.12691883535356,101.88416902151182
2017-09-01,pichincha,Pichincha,Papa Superchola,0.303333333333333,13.9633333333333,1,1,1,0.4509136843749999,1.0,0.3668809060903159,8.0,23.74990269792127,20.93294117647059,3,3.0,23.16156329175125,21.511904761904763,50,106.75214893443608,-0.0069595453447353,-0.0011817933273855,0.0045,241.33302541397387,92.50700260137717,101.07731467228116,6,2017,9,3,-1.0,-1.8369701987210297e-16,0,0.4509136843749999,0,23.74990269792127,0,0.304444444444444,0.303333333333333,0.26125,0.465,0.34875,0.2896759259259256,0.024623841912561284,0.33511574074074063,0.07118325423971988,0.043194444444444036,-0.160555555555556,0.4015983459459459,0.3201948095238095,23.799353530886037,24.23777777777778,107.5003021619046,0.0007027942622002,196.95407301039867,95.12691883535356,101.88416902151182
2017-10-01,azuay,Azuay,Papa Superchola,0.550625,30.6875,2,1,1,0.42609831324652775,0.0,0.42609831324652775,8.0,25.53333333333333,24.666666666666668,3,3.0,22.9159920226524,20.92571428571429,53,106.2531200787179,-0.0046746492759098,-0.0002155933160616,-0.0002,303.3194356829705,91.11013432877608,98.43806966710156,0,2017,10,4,-0.8660254037844386,0.5000000000000001,1,0.42609831324652775,0,25.53333333333333,0,0.4783333333333335,0.4794444444444445,0.471111111111111,0.561666666666667,0.5433333333333334,0.4762962962962964,0.0045247376751303015,0.4915625000000001,0.04057808901205625,0.0072222222222225185,-0.08333333333333348,0.3668809060903159,0.3062386178546466,25.53333333333333,27.47424242424243,106.75214893443608,-0.0069595453447353,241.33302541397387,92.50700260137717,101.07731467228116
2017-10-01,pichincha,Pichincha,Papa Superchola,0.431111111111111,19.8344444444444,1,1,1,0.4913153142857142,1.0,0.42609831324652775,8.0,23.96361111111111,21.421666666666667,3,3.0,22.9159920226524,20.92571428571429,53,106.2531200787179,-0.0046746492759098,-0.0002155933160616,-0.0002,303.3194356829705,91.11013432877608,98.43806966710156,6,2017,10,4,-0.8660254037844386,0.5000000000000001,0,0.4913153142857142,0,23.96361111111111,0,0.303333333333333,0.304444444444444,0.303333333333333,0.361111111111111,0.342222222222222,0.3037037037037033,0.0006415002989791441,0.3081712962962962,0.03199831407917758,0.0,-0.05777777777777798,0.4509136843749999,0.3314041677419355,23.74990269792127,24.071893704850357,106.75214893443608,-0.0069595453447353,241.33302541397387,92.50700260137717,101.07731467228116
2017-11-01,azuay,Azuay,Papa Superchola,0.6616666666666671,36.3333333333333,2,1,1,0.45689929328869044,0.0,0.45689929328869044,8.0,26.629166666666666,26.2,3,3.0,23.142823391394522,21.545,49,105.52760320060771,-0.0068281936339628,-0.0043165332160906,-0.007,242.3326833555581,89.21945695998897,98.39894909783992,0,2017,11,4,-0.5000000000000004,0.8660254037844384,1,0.45689929328869044,0,26.629166666666666,0,0.550625,0.4783333333333335,0.4794444444444445,0.5131944444444445,0.5743750000000001,0.502800925925926,0.04142058893542131,0.4897222222222222,0.03684120391023531,0.07118055555555552,0.03743055555555552,0.42609831324652775,0.3181558093092023,25.53333333333333,26.80972222222222,106.2531200787179,-0.0046746492759098,303.3194356829705,91.11013432877608,98.43806966710156
2017-11-01,pichincha,Pichincha,Papa Superchola,0.455,20.99875,1,1,1,0.5452760133333333,1.0,0.45689929328869044,8.0,24.24387037037037,21.58277777777778,3,3.0,23.142823391394522,21.545,49,105.52760320060771,-0.0068281936339628,-0.0043165332160906,-0.007,242.3326833555581,89.21945695998897,98.39894909783992,6,2017,11,4,-0.5000000000000004,0.8660254037844384,0,0.5452760133333333,0,24.24387037037037,0,0.431111111111111,0.303333333333333,0.304444444444444,0.315555555555556,0.354444444444444,0.34629629629629594,0.07345388520036698,0.31983796296296285,0.057644371671405785,0.12666666666666698,0.11555555555555502,0.4913153142857142,0.4015983459459459,23.96361111111111,23.799353530886037,106.2531200787179,-0.0046746492759098,303.3194356829705,91.11013432877608,98.43806966710156
2017-12-01,azuay,Azuay,Papa Superchola,0.610793650793651,33.6269841269841,2,1,1,0.4381758709994724,0.0,0.4381758709994724,8.0,26.409090909090907,25.83333333333333,3,3.0,23.495274590545016,21.93333333333333,54,106.02464555374796,0.0047100695748332,-0.0023464976280304,-0.0023,345.6324288663753,89.62912060938197,96.6658809800047,0,2017,12,4,-2.4492935982947064e-16,1.0,1,0.4381758709994724,0,26.409090909090907,0,0.6616666666666671,0.550625,0.4783333333333335,0.445625,0.5635714285714285,0.5635416666666668,0.09234667284808433,0.5144675925925927,0.0801577421818208,0.18333333333333357,0.21604166666666708,0.45689929328869044,0.3668809060903159,26.629166666666666,25.53333333333333,105.52760320060771,-0.0068281936339628,242.3326833555581,89.21945695998897,98.39894909783992
2017-12-01,pichincha,Pichincha,Papa Superchola,0.472222222222222,21.6666666666667,1,1,1,0.4896577052631578,1.0,0.4381758709994724,8.0,24.525222222222222,21.636666666666663,3,3.0,23.495274590545016,21.93333333333333,54,106.02464555374796,0.0047100695748332,-0.0023464976280304,-0.0023,345.6324288663753,89.62912060938197,96.6658809800047,6,2017,12,4,-2.4492935982947064e-16,1.0,0,0.4896577052631578,0,24.525222222222222,0,0.455,0.431111111111111,0.303333333333333,0.26125,0.373333333333333,0.39648148148148127,0.08154816295084977,0.3430787037037035,0.07952862753585559,0.151666666666667,0.19375000000000003,0.5452760133333333,0.4509136843749999,24.24387037037037,23.74990269792127,105.52760320060771,-0.0068281936339628,242.3326833555581,89.21945695998897,98.39894909783992
2018-01-01,azuay,Azuay,Papa Superchola,0.5566666666666665,30.33333333333335,2,1,1,0.32985923305418713,0.0,0.32985923305418713,7.0,27.09259259259259,28.5,3,3.0,23.833693051739925,22.308928571428574,56,106.10508513770736,0.0007586876007863,-0.0064625367369699,0.0007586876007863,328.10362054120696,88.28073779062005,91.07680235373611,0,2018,1,1,0.49999999999999994,0.8660254037844387,1,0.32985923305418713,0,27.09259259259259,0,0.610793650793651,0.6616666666666671,0.550625,0.471111111111111,0.598125,0.607695105820106,0.055585642658357436,0.5419957010582012,0.0801485427914375,0.06016865079365097,0.13968253968254002,0.4381758709994724,0.42609831324652775,26.409090909090907,25.53333333333333,106.02464555374796,0.0047100695748332,345.6324288663753,89.62912060938197,96.6658809800047
2018-01-01,pichincha,Pichincha,Papa Superchola,0.371111111111111,16.9822222222222,1,1,1,0.32985923305418713,0.0,0.32985923305418713,7.0,24.700726495726496,21.585,3,3.0,23.833693051739925,22.308928571428574,56,106.10508513770736,0.0007586876007863,-0.0064625367369699,0.0007586876007863,328.10362054120696,88.28073779062005,91.07680235373611,6,2018,1,1,0.49999999999999994,0.8660254037844387,1,0.32985923305418713,0,24.700726495726496,0,0.472222222222222,0.455,0.431111111111111,0.303333333333333,0.418888888888889,0.45277777777777756,0.02064544908451102,0.3782407407407405,0.08268967471532922,0.04111111111111099,0.16888888888888898,0.4896577052631578,0.4913153142857142,24.525222222222222,23.96361111111111,106.02464555374796,0.0047100695748332,345.6324288663753,89.62912060938197,96.6658809800047
2018-02-01,azuay,Azuay,Papa Superchola,0.549375,30.0,2,1,1,0.2670013594183051,0.0,0.2670013594183051,8.0,27.062169312169313,26.75,3,3.0,23.983813671791356,22.19361111111111,58,106.48102101306874,0.0035430523888038,-0.0075987228491696,0.0043044280595063,333.7469363192475,88.93685839660316,90.9261347242377,0,2018,2,1,0.8660254037844386,0.5000000000000001,1,0.2670013594183051,0,27.062169312169313,0,0.5566666666666665,0.610793650793651,0.6616666666666671,0.4794444444444445,0.5921428571428575,0.6097089947089949,0.052508402747717564,0.5562549603174604,0.07223516851248496,-0.10500000000000054,0.07722222222222203,0.32985923305418713,0.45689929328869044,27.09259259259259,26.629166666666666,106.10508513770736,0.0007586876007863,328.10362054120696,88.28073779062005,91.07680235373611
2018-02-01,pichincha,Pichincha,Papa Superchola,0.327142857142857,15.12,1,1,1,0.3123211666666666,1.0,0.2670013594183051,8.0,24.589203703703703,21.7305,3,3.0,23.983813671791356,22.19361111111111,58,106.48102101306874,0.0035430523888038,-0.0075987228491696,0.0043044280595063,333.7469363192475,88.93685839660316,90.9261347242377,6,2018,2,1,0.8660254037844386,0.5000000000000001,0,0.3123211666666666,0,24.589203703703703,0,0.371111111111111,0.472222222222222,0.455,0.304444444444444,0.405,0.43277777777777754,0.05409468151215175,0.38953703703703685,0.07464849040229656,-0.08388888888888901,0.06666666666666698,0.32985923305418713,0.5452760133333333,24.700726495726496,24.24387037037037,106.10508513770736,0.0007586876007863,328.10362054120696,88.28073779062005,91.07680235373611
2018-03-01,azuay,Azuay,Papa Superchola,0.4355555555555555,23.8888888888889,2,1,1,0.25639693792319973,0.0,0.25639693792319973,8.0,25.166666666666668,23.0,3,3.0,24.27861263940919,22.605555555555554,61,107.10361898304726,0.0058470323073076,-0.0088679742851421,0.0101766284967423,376.9046543594386,89.49485178556814,91.93973217936272,0,2018,3,1,1.0,6.123233995736766e-17,1,0.25639693792319973,0,25.166666666666668,0,0.549375,0.5566666666666665,0.610793650793651,0.4783333333333335,0.599375,0.5722784391534391,0.03355381120621272,0.567910052910053,0.06232500181367841,-0.06141865079365105,0.07104166666666645,0.2670013594183051,0.4381758709994724,27.062169312169313,26.409090909090907,106.48102101306874,0.0035430523888038,333.7469363192475,88.93685839660316,90.9261347242377
2018-03-01,pichincha,Pichincha,Papa Superchola,0.273333333333333,12.6666666666667,1,1,1,0.2870598958333333,1.0,0.25639693792319973,8.0,24.896870495233667,21.76478260869565,3,3.0,24.27861263940919,22.605555555555554,61,107.10361898304726,0.0058470323073076,-0.0088679742851421,0.0101766284967423,376.9046543594386,89.49485178556814,91.93973217936272,6,2018,3,1,1.0,6.123233995736766e-17,0,0.2870598958333333,0,24.896870495233667,0,0.327142857142857,0.371111111111111,0.472222222222222,0.303333333333333,0.465,0.3901587301587299,0.07439162847051556,0.3933201058201057,0.06989763988968799,-0.14507936507936497,0.023809523809524002,0.3123211666666666,0.4896577052631578,24.589203703703703,24.525222222222222,106.48102101306874,0.0035430523888038,333.7469363192475,88.93685839660316,90.9261347242377
2018-04-01,azuay,Azuay,Papa Superchola,0.38875000000000004,21.3125,2,1,1,0.23923423981760464,0.0,0.23923423981760464,8.0,25.38888888888889,23.666666666666668,3,3.0,24.229324397824396,22.321363636363635,60,105.68709684765804,-0.0132257168230086,-0.0333288393617328,-0.0031836815329772,317.0376827610709,87.31334686484563,90.8306483565985,0,2018,4,2,0.8660254037844387,-0.4999999999999998,1,0.23923423981760464,0,25.38888888888889,0,0.4355555555555555,0.549375,0.5566666666666665,0.550625,0.561666666666667,0.5138657407407407,0.06791653648779454,0.5607804232804233,0.07564491235142833,-0.12111111111111106,-0.11506944444444456,0.25639693792319973,0.32985923305418713,25.166666666666668,27.09259259259259,107.10361898304726,0.0058470323073076,376.9046543594386,89.49485178556814,91.93973217936272
2018-04-01,pichincha,Pichincha,Papa Superchola,0.2325,10.855,1,1,1,0.2656260902777778,1.0,0.23923423981760464,8.0,24.856849446849452,21.921818181818185,3,3.0,24.229324397824396,22.321363636363635,60,105.68709684765804,-0.0132257168230086,-0.0333288393617328,-0.0031836815329772,317.0376827610709,87.31334686484563,90.8306483565985,6,2018,4,2,0.8660254037844387,-0.4999999999999998,0,0.2656260902777778,0,24.856849446849452,0,0.273333333333333,0.327142857142857,0.371111111111111,0.431111111111111,0.361111111111111,0.3238624338624336,0.04897136244239146,0.38832010582010573,0.07820179877720063,-0.09777777777777802,-0.15777777777777802,0.2870598958333333,0.32985923305418713,24.896870495233667,24.700726495726496,107.10361898304726,0.0058470323073076,376.9046543594386,89.49485178556814,91.93973217936272
2018-05-01,azuay,Azuay,Papa Superchola,0.41722222222222205,23.16666666666665,2,1,1,0.24126153988095234,0.0,0.24126153988095234,8.0,25.61111111111111,24.33333333333333,3,3.0,24.32005921264528,22.57454545454545,61,105.08521138746752,-0.0056949758120247,-0.0320428512073044,-0.0088605263556784,298.5739335871213,85.40568132403492,88.71144333046914,0,2018,5,2,0.49999999999999994,-0.8660254037844387,1,0.24126153988095234,0,25.61111111111111,0,0.38875000000000004,0.4355555555555555,0.549375,0.6616666666666671,0.5131944444444445,0.4578935185185185,0.08260953999539648,0.5338012566137567,0.10366758908274726,-0.1606249999999999,-0.27291666666666703,0.23923423981760464,0.2670013594183051,25.38888888888889,27.062169312169313,105.68709684765804,-0.0132257168230086,317.0376827610709,87.31334686484563,90.8306483565985
2018-05-01,pichincha,Pichincha,Papa Superchola,0.22,10.10375,1,1,1,0.2709845416666666,1.0,0.24126153988095234,8.0,24.81446368446369,21.885454545454547,3,3.0,24.32005921264528,22.57454545454545,61,105.08521138746752,-0.0056949758120247,-0.0320428512073044,-0.0088605263556784,298.5739335871213,85.40568132403492,88.71144333046914,6,2018,5,2,0.49999999999999994,-0.8660254037844387,0,0.2709845416666666,0,24.81446368446369,0,0.2325,0.273333333333333,0.327142857142857,0.455,0.315555555555556,0.27765873015872994,0.04746945749967591,0.35521825396825385,0.0963867691416113,-0.094642857142857,-0.2225,0.2656260902777778,0.3123211666666666,24.856849446849452,24.589203703703703,105.68709684765804,-0.0132257168230086,317.0376827610709,87.31334686484563,90.8306483565985
2018-06-01,azuay,Azuay,Papa Superchola,0.43,24.0,2,1,1,0.20156412587233163,0.0,0.20156412587233163,8.0,25.141666666666666,24.0,3,3.0,24.351573128601814,22.399999999999995,61,104.30030454589304,-0.0074692416869238,-0.0361719289482739,-0.0162635866297784,226.8400789299696,86.66422650516537,88.85391452247688,0,2018,6,2,1.2246467991473532e-16,-1.0,1,0.20156412587233163,0,25.141666666666666,0,0.41722222222222205,0.38875000000000004,0.4355555555555555,0.610793650793651,0.445625,0.41384259259259254,0.023585089146347087,0.49306051587301586,0.09057273934930397,-0.018333333333333424,-0.19357142857142895,0.24126153988095234,0.25639693792319973,25.61111111111111,25.166666666666668,105.08521138746752,-0.0056949758120247,298.5739335871213,85.40568132403492,88.71144333046914
2018-06-01,carchi,Carchi,Papa Superchola,0.162,7.6,1,1,1,0.14881185,1.0,0.20156412587233163,8.0,25.503935185185185,24.40625,3,3.0,24.351573128601814,22.399999999999995,61,104.30030454589304,-0.0074692416869238,-0.0361719289482739,-0.0162635866297784,226.8400789299696,86.66422650516537,88.85391452247688,2,2018,6,2,1.2246467991473532e-16,-1.0,0,0.14881185,0,25.503935185185185,0,0.183333333333333,0.2075,0.2375,0.41,0.226666666666667,0.2094444444444443,0.027135633263156822,0.27472222222222215,0.08993310270953225,-0.054166666666667,-0.226666666666667,0.1633255983333333,0.2091633224999999,25.561111111111114,25.87037037037037,105.08521138746752,-0.0056949758120247,298.5739335871213,85.40568132403492,88.71144333046914
2018-06-01,chimborazo,Chimborazo,Papa Superchola,0.223076923076923,10.2307692307692,1,1,1,0.1579977666666666,1.0,0.20156412587233163,8.0,23.833333333333332,21.0,3,3.0,24.351573128601814,22.399999999999995,61,104.30030454589304,-0.0074692416869238,-0.0361719289482739,-0.0162635866297784,226.8400789299696,86.66422650516537,88.85391452247688,4,2018,6,2,1.2246467991473532e-16,-1.0,0,0.1579977666666666,0,23.833333333333332,0,0.225,0.237272727272727,0.248333333333333,0.398333333333333,0.281428571428572,0.2368686868686866,0.011671912765142092,0.2884379509379508,0.06923423520990489,-0.023333333333332984,-0.17333333333333298,0.1579977666666666,0.1873927,23.833333333333332,23.61111111111111,105.08521138746752,-0.0056949758120247,298.5739335871213,85.40568132403492,88.71144333046914
2018-06-01,cotopaxi,Cotopaxi,Papa Superchola,0.231,10.617,1,1,1,0.1839717379310345,1.0,0.20156412587233163,8.0,25.483333333333334,23.2,3,3.0,24.351573128601814,22.399999999999995,61,104.30030454589304,-0.0074692416869238,-0.0361719289482739,-0.0162635866297784,226.8400789299696,86.66422650516537,88.85391452247688,5,2018,6,2,1.2246467991473532e-16,-1.0,0,0.1839717379310345,0,25.483333333333334,0,0.237142857142857,0.2475,0.242222222222222,0.384,0.284,0.2422883597883596,0.005178888169666669,0.2818108465608465,0.057783380302825524,-0.005079365079365017,-0.14685714285714302,0.2142155766666666,0.2171550699999999,25.354166666666668,24.915333333333336,105.08521138746752,-0.0056949758120247,298.5739335871213,85.40568132403492,88.71144333046914
2018-06-01,pichincha,Pichincha,Papa Superchola,0.205555555555556,9.61,1,1,1,0.1968410714285713,1.0,0.20156412587233163,8.0,25.014319384319382,21.88952380952381,3,3.0,24.351573128601814,22.399999999999995,61,104.30030454589304,-0.0074692416869238,-0.0361719289482739,-0.0162635866297784,226.8400789299696,86.66422650516537,88.85391452247688,6,2018,6,2,1.2246467991473532e-16,-1.0,0,0.1968410714285713,0,25.014319384319382,0,0.22,0.2325,0.273333333333333,0.472222222222222,0.26125,0.24194444444444427,0.02789281734172974,0.31605158730158717,0.09547298992511348,-0.05333333333333298,-0.252222222222222,0.2709845416666666,0.2870598958333333,24.81446368446369,24.896870495233667,105.08521138746752,-0.0056949758120247,298.5739335871213,85.40568132403492,88.71144333046914
2018-06-01,tungurahua,Tungurahua,Papa Superchola,0.253846153846154,11.7438461538462,1,1,1,0.1984157999999999,1.0,0.20156412587233163,8.0,23.666666666666668,21.875,3,3.0,24.351573128601814,22.399999999999995,61,104.30030454589304,-0.0074692416869238,-0.0361719289482739,-0.0162635866297784,226.8400789299696,86.66422650516537,88.85391452247688,7,2018,6,2,1.2246467991473532e-16,-1.0,0,0.1984157999999999,0,23.666666666666668,0,0.265833333333333,0.2725,0.300833333333333,0.5,0.314285714285714,0.27972222222222193,0.0185841429818597,0.3490386002886002,0.0931363544098952,-0.03500000000000003,-0.23416666666666702,0.1897547928571428,0.2535313,23.75,23.474999999999998,105.08521138746752,-0.0056949758120247,298.5739335871213,85.40568132403492,88.71144333046914
2018-07-01,azuay,Azuay,Papa Superchola,0.44125000000000003,24.75,2,1,1,0.24382181109735018,0.0,0.24382181109735018,8.0,25.041666666666668,23.5,3,3.0,24.293361240415003,22.5,61,104.45505820734898,0.0014837316355855,-0.0276448854489159,-0.0148039857921836,210.22108043316845,90.81054678737638,89.80251354209749,0,2018,7,3,-0.4999999999999997,-0.8660254037844388,1,0.24382181109735018,0,25.041666666666668,0,0.43,0.41722222222222205,0.38875000000000004,0.5566666666666665,0.471111111111111,0.41199074074074066,0.02111674510591775,0.4629282407407407,0.07167275513363829,0.04124999999999995,-0.12666666666666654,0.20156412587233163,0.23923423981760464,25.141666666666666,25.38888888888889,104.30030454589304,-0.0074692416869238,226.8400789299696,86.66422650516537,88.85391452247688
2018-07-01,carchi,Carchi,Papa Superchola,0.2375,11.0425,1,1,1,0.2156853233333333,1.0,0.24382181109735018,8.0,25.368518518518517,24.375,3,3.0,24.293361240415003,22.5,61,104.45505820734898,0.0014837316355855,-0.0276448854489159,-0.0148039857921836,210.22108043316845,90.81054678737638,89.80251354209749,2,2018,7,3,-0.4999999999999997,-0.8660254037844388,0,0.2156853233333333,0,25.368518518518517,0,0.162,0.183333333333333,0.2075,0.36,0.2425,0.18427777777777762,0.022764698141671934,0.23338888888888884,0.07013611105610594,-0.045499999999999985,-0.19799999999999998,0.14881185,0.1886980671052631,25.503935185185185,25.835185185185185,104.30030454589304,-0.0074692416869238,226.8400789299696,86.66422650516537,88.85391452247688
2018-07-01,chimborazo,Chimborazo,Papa Superchola,0.247692307692308,11.3846153846154,1,1,1,0.17416498,1.0,0.24382181109735018,8.0,24.333333333333332,21.5,3,3.0,24.293361240415003,22.5,61,104.45505820734898,0.0014837316355855,-0.0276448854489159,-0.0148039857921836,210.22108043316845,90.81054678737638,89.80251354209749,4,2018,7,3,-0.4999999999999997,-0.8660254037844388,0,0.17416498,0,24.333333333333332,0,0.223076923076923,0.225,0.237272727272727,0.347142857142857,0.299230769230769,0.22844988344988326,0.007701070448622524,0.25922854922854915,0.04699538408694619,-0.01419580419580399,-0.12406593406593397,0.1579977666666666,0.1763696,23.833333333333332,23.791666666666668,104.30030454589304,-0.0074692416869238,226.8400789299696,86.66422650516537,88.85391452247688
2018-07-01,cotopaxi,Cotopaxi,Papa Superchola,0.28125,12.95875,1,1,1,0.2527439357142856,1.0,0.24382181109735018,8.0,25.4375,22.625,3,3.0,24.293361240415003,22.5,61,104.45505820734898,0.0014837316355855,-0.0276448854489159,-0.0148039857921836,210.22108043316845,90.81054678737638,89.80251354209749,5,2018,7,3,-0.4999999999999997,-0.8660254037844388,0,0.2527439357142856,0,25.4375,0,0.231,0.237142857142857,0.2475,0.31625,0.273333333333333,0.23854761904761893,0.00833921561099473,0.2563108465608465,0.031407687733177536,-0.016499999999999987,-0.08524999999999996,0.1839717379310345,0.2278107333333333,25.483333333333334,25.252499999999998,104.30030454589304,-0.0074692416869238,226.8400789299696,86.66422650516537,88.85391452247688
2018-07-01,pichincha,Pichincha,Papa Superchola,0.275555555555556,12.6488888888889,1,1,1,0.2709845416666666,1.0,0.24382181109735018,8.0,25.16959511077158,22.018571428571427,3,3.0,24.293361240415003,22.5,61,104.45505820734898,0.0014837316355855,-0.0276448854489159,-0.0148039857921836,210.22108043316845,90.81054678737638,89.80251354209749,6,2018,7,3,-0.4999999999999997,-0.8660254037844388,0,0.2709845416666666,0,25.16959511077158,0,0.205555555555556,0.22,0.2325,0.371111111111111,0.303333333333333,0.21935185185185194,0.013483910546322905,0.2716071428571429,0.06564101308550646,-0.02694444444444402,-0.165555555555555,0.1968410714285713,0.2656260902777778,25.014319384319382,24.856849446849452,104.30030454589304,-0.0074692416869238,226.8400789299696,86.66422650516537,88.85391452247688
2018-07-01,tungurahua,Tungurahua,Papa Superchola,0.294615384615385,13.5384615384615,1,1,1,0.2147726580645161,1.0,0.24382181109735018,8.0,23.916666666666668,21.875,3,3.0,24.293361240415003,22.5,61,104.45505820734898,0.0014837316355855,-0.0276448854489159,-0.0148039857921836,210.22108043316845,90.81054678737638,89.80251354209749,7,2018,7,3,-0.4999999999999997,-0.8660254037844388,0,0.2147726580645161,0,23.916666666666668,0,0.253846153846154,0.265833333333333,0.2725,0.421428571428571,0.301538461538462,0.2640598290598289,0.009452538396577552,0.3080129592629592,0.06252286124500799,-0.01865384615384602,-0.167582417582417,0.1984157999999999,0.2157378142857142,23.666666666666668,23.666666666666668,104.30030454589304,-0.0074692416869238,226.8400789299696,86.66422650516537,88.85391452247688
2018-08-01,azuay,Azuay,Papa Superchola,0.507222222222222,28.1111111111111,2,1,1,0.30882958632068447,0.0,0.30882958632068447,8.0,25.319444444444443,24.33333333333333,3,3.0,24.552791612758828,22.7,61,105.25029859212243,0.0076132300189317,-0.0209302069346136,-0.0073034619222848,229.80295573121,92.09545845145172,89.98197905979633,0,2018,8,3,-0.8660254037844385,-0.5000000000000004,1,0.30882958632068447,0,25.319444444444443,0,0.44125000000000003,0.43,0.41722222222222205,0.549375,0.4794444444444445,0.4294907407407407,0.012021981325031893,0.4436921296296296,0.05504144791827609,0.02402777777777798,-0.10812499999999992,0.24382181109735018,0.24126153988095234,25.041666666666668,25.61111111111111,104.45505820734898,0.0014837316355855,210.22108043316845,90.81054678737638,89.80251354209749
2018-08-01,carchi,Carchi,Papa Superchola,0.29,13.375,1,1,1,0.2558695333333333,1.0,0.30882958632068447,8.0,25.268386243386246,24.285714285714285,3,3.0,24.552791612758828,22.7,61,105.25029859212243,0.0076132300189317,-0.0209302069346136,-0.0073034619222848,229.80295573121,92.09545845145172,89.98197905979633,2,2018,8,3,-0.8660254037844385,-0.5000000000000004,0,0.2558695333333333,0,25.268386243386246,0,0.2375,0.162,0.183333333333333,0.25,0.246666666666667,0.19427777777777763,0.03892169251391959,0.21297222222222215,0.03487364759093415,0.054166666666667,-0.012500000000000011,0.2156853233333333,0.1633255983333333,25.368518518518517,25.561111111111114,104.45505820734898,0.0014837316355855,210.22108043316845,90.81054678737638,89.80251354209749
2018-08-01,chimborazo,Chimborazo,Papa Superchola,0.307692307692308,14.1023076923077,1,1,1,0.2222991833333333,1.0,0.30882958632068447,8.0,24.599999999999998,21.8,3,3.0,24.552791612758828,22.7,61,105.25029859212243,0.0076132300189317,-0.0209302069346136,-0.0073034619222848,229.80295573121,92.09545845145172,89.98197905979633,4,2018,8,3,-0.8660254037844385,-0.5000000000000004,0,0.2222991833333333,0,24.599999999999998,0,0.247692307692308,0.223076923076923,0.225,0.274545454545455,0.2675,0.23192307692307693,0.013690362869656648,0.2426534576534577,0.01896622258539026,0.022692307692307984,-0.026853146853146992,0.17416498,0.1579977666666666,24.333333333333332,23.833333333333332,104.45505820734898,0.0014837316355855,210.22108043316845,90.81054678737638,89.80251354209749
2018-08-01,cotopaxi,Cotopaxi,Papa Superchola,0.34,15.625,1,1,1,0.30644218,1.0,0.30882958632068447,8.0,25.603333333333335,22.7,3,3.0,24.552791612758828,22.7,61,105.25029859212243,0.0076132300189317,-0.0209302069346136,-0.0073034619222848,229.80295573121,92.09545845145172,89.98197905979633,5,2018,8,3,-0.8660254037844385,-0.5000000000000004,0,0.30644218,0,25.603333333333335,0,0.28125,0.231,0.237142857142857,0.26375,0.297142857142857,0.2497976190476189,0.02741118155332813,0.25047751322751316,0.01874730293304384,0.04410714285714301,0.017500000000000016,0.2527439357142856,0.2142155766666666,25.4375,25.354166666666668,104.45505820734898,0.0014837316355855,210.22108043316845,90.81054678737638,89.80251354209749
2018-08-01,pichincha,Pichincha,Papa Superchola,0.3325,15.33375,1,1,1,0.4104956510416666,1.0,0.30882958632068447,8.0,25.28260702260702,22.164285714285715,3,3.0,24.552791612758828,22.7,61,105.25029859212243,0.0076132300189317,-0.0209302069346136,-0.0073034619222848,229.80295573121,92.09545845145172,89.98197905979633,6,2018,8,3,-0.8660254037844385,-0.5000000000000004,0,0.4104956510416666,0,25.28260702260702,0,0.275555555555556,0.205555555555556,0.22,0.327142857142857,0.304444444444444,0.23370370370370389,0.03695732162101351,0.25568121693121704,0.045025442939342686,0.055555555555556,-0.051587301587301015,0.2709845416666666,0.2709845416666666,25.16959511077158,24.81446368446369,104.45505820734898,0.0014837316355855,210.22108043316845,90.81054678737638,89.80251354209749
2018-08-01,tungurahua,Tungurahua,Papa Superchola,0.355384615384615,16.3330769230769,1,1,1,0.2645543999999999,1.0,0.30882958632068447,8.0,24.233333333333334,21.5,3,3.0,24.552791612758828,22.7,61,105.25029859212243,0.0076132300189317,-0.0209302069346136,-0.0073034619222848,229.80295573121,92.09545845145172,89.98197905979633,7,2018,8,3,-0.8660254037844385,-0.5000000000000004,0,0.2645543999999999,0,24.233333333333334,0,0.294615384615385,0.253846153846154,0.265833333333333,0.333636363636364,0.320833333333333,0.2714316239316239,0.020953238117191374,0.28687742812742817,0.02891944244470676,0.028782051282052024,-0.03902097902097901,0.2147726580645161,0.1897547928571428,23.916666666666668,23.75,104.45505820734898,0.0014837316355855,210.22108043316845,90.81054678737638,89.80251354209749
2018-09-01,azuay,Azuay,Papa Superchola,0.518888888888889,28.33333333333335,2,1,1,0.33908784378105583,0.0,0.33908784378105583,8.0,25.650000000000002,23.5,3,3.0,24.753796956231383,22.532,61,105.57672965391588,0.0031014739735653,-0.0110107317955923,-0.0042246394457884,296.07947433828224,93.79957575986728,90.04183365111473,0,2018,9,3,-1.0,-1.8369701987210297e-16,1,0.33908784378105583,0,25.650000000000002,0,0.507222222222222,0.44125000000000003,0.43,0.4355555555555555,0.4783333333333335,0.45949074074074064,0.04171763857546031,0.4366666666666666,0.0392908786889287,0.07722222222222203,0.07166666666666655,0.30882958632068447,0.20156412587233163,25.319444444444443,25.141666666666666,105.25029859212243,0.0076132300189317,229.80295573121,92.09545845145172,89.98197905979633
2018-09-01,carchi,Carchi,Papa Superchola,0.34,15.6675,1,1,1,0.3005631933333333,1.0,0.33908784378105583,8.0,25.215608465608465,23.985714285714288,3,3.0,24.753796956231383,22.532,61,105.57672965391588,0.0031014739735653,-0.0110107317955923,-0.0042246394457884,296.07947433828224,93.79957575986728,90.04183365111473,2,2018,9,3,-1.0,-1.8369701987210297e-16,0,0.3005631933333333,0,25.215608465608465,0,0.29,0.2375,0.162,0.2375,0.262,0.22983333333333325,0.06434347933810587,0.21963888888888886,0.04555526761427015,0.12799999999999997,0.05249999999999999,0.2558695333333333,0.14881185,25.268386243386246,25.503935185185185,105.25029859212243,0.0076132300189317,229.80295573121,92.09545845145172,89.98197905979633
2018-09-01,chimborazo,Chimborazo,Papa Superchola,0.381666666666667,17.5,1,1,1,0.2663915833333333,1.0,0.33908784378105583,8.0,24.666666666666668,22.0,3,3.0,24.753796956231383,22.532,61,105.57672965391588,0.0031014739735653,-0.0110107317955923,-0.0042246394457884,296.07947433828224,93.79957575986728,90.04183365111473,4,2018,9,3,-1.0,-1.8369701987210297e-16,0,0.2663915833333333,0,24.666666666666668,0,0.307692307692308,0.247692307692308,0.223076923076923,0.248333333333333,0.319230769230769,0.2594871794871796,0.04352332798506306,0.24817793317793316,0.031075461591057733,0.08461538461538498,0.059358974358975,0.2222991833333333,0.1579977666666666,24.599999999999998,23.833333333333332,105.25029859212243,0.0076132300189317,229.80295573121,92.09545845145172,89.98197905979633
2018-09-01,cotopaxi,Cotopaxi,Papa Superchola,0.348888888888889,16.0177777777778,1,1,1,0.29541908,1.0,0.33908784378105583,8.0,25.254166666666666,22.3125,3,3.0,24.753796956231383,22.532,61,105.57672965391588,0.0031014739735653,-0.0110107317955923,-0.0042246394457884,296.07947433828224,93.79957575986728,90.04183365111473,5,2018,9,3,-1.0,-1.8369701987210297e-16,0,0.29541908,0,25.254166666666666,0,0.34,0.28125,0.231,0.242222222222222,0.272,0.2840833333333333,0.05455520903940509,0.2631858465608465,0.041536521646507917,0.10900000000000001,0.09777777777777802,0.30644218,0.1839717379310345,25.603333333333335,25.483333333333334,105.25029859212243,0.0076132300189317,229.80295573121,92.09545845145172,89.98197905979633
2018-09-01,pichincha,Pichincha,Papa Superchola,0.348888888888889,16.0922222222222,1,1,1,0.4425215507246376,1.0,0.33908784378105583,8.0,25.349526214526218,22.25428571428571,3,3.0,24.753796956231383,22.532,61,105.57672965391588,0.0031014739735653,-0.0110107317955923,-0.0042246394457884,296.07947433828224,93.79957575986728,90.04183365111473,6,2018,9,3,-1.0,-1.8369701987210297e-16,0,0.4425215507246376,0,25.349526214526218,0,0.3325,0.275555555555556,0.205555555555556,0.273333333333333,0.303333333333333,0.2712037037037039,0.06358401493089554,0.2565740740740741,0.04674618445731282,0.12694444444444403,0.059166666666667034,0.4104956510416666,0.1968410714285713,25.28260702260702,25.014319384319382,105.25029859212243,0.0076132300189317,229.80295573121,92.09545845145172,89.98197905979633
2018-09-01,tungurahua,Tungurahua,Papa Superchola,0.39,17.9433333333333,1,1,1,0.3306929999999999,1.0,0.33908784378105583,8.0,24.083333333333332,21.375,3,3.0,24.753796956231383,22.532,61,105.57672965391588,0.0031014739735653,-0.0110107317955923,-0.0042246394457884,296.07947433828224,93.79957575986728,90.04183365111473,7,2018,9,3,-1.0,-1.8369701987210297e-16,0,0.3306929999999999,0,24.083333333333332,0,0.355384615384615,0.294615384615385,0.253846153846154,0.300833333333333,0.353076923076923,0.30128205128205127,0.05109645903810314,0.2905021367521367,0.03635842773509807,0.10153846153846102,0.05455128205128201,0.2645543999999999,0.1984157999999999,24.233333333333334,23.666666666666668,105.25029859212243,0.0076132300189317,229.80295573121,92.09545845145172,89.98197905979633
2018-10-01,azuay,Azuay,Papa Superchola,0.4833333333333335,26.33333333333335,2,1,1,0.3653590938205644,0.0,0.3653590938205644,8.0,25.643333333333334,23.5,3,3.0,24.569722249740998,22.53035714285714,60,105.76644817205488,0.0017969728628732,-0.0045803069717149,-0.0024352581453545,273.54630633973073,92.7483807967459,89.02708539962859,0,2018,10,4,-0.8660254037844386,0.5000000000000001,1,0.3653590938205644,0,25.643333333333334,0,0.518888888888889,0.507222222222222,0.44125000000000003,0.38875000000000004,0.550625,0.4891203703703703,0.04186534422795403,0.45055555555555554,0.051615341890938686,0.07763888888888892,0.13013888888888892,0.33908784378105583,0.24382181109735018,25.650000000000002,25.041666666666668,105.57672965391588,0.0031014739735653,296.07947433828224,93.79957575986728,90.04183365111473
2018-10-01,carchi,Carchi,Papa Superchola,0.3575,16.415,1,1,1,0.3484721935483871,1.0,0.3653590938205644,8.0,25.429166666666664,24.2,3,3.0,24.569722249740998,22.53035714285714,60,105.76644817205488,0.0017969728628732,-0.0045803069717149,-0.0024352581453545,273.54630633973073,92.7483807967459,89.02708539962859,2,2018,10,4,-0.8660254037844386,0.5000000000000001,0,0.3484721935483871,0,25.429166666666664,0,0.34,0.29,0.2375,0.2075,0.3675,0.2891666666666666,0.05125508104893812,0.23672222222222217,0.06751762458521463,0.10250000000000004,0.13250000000000003,0.3005631933333333,0.2156853233333333,25.215608465608465,25.368518518518517,105.57672965391588,0.0031014739735653,296.07947433828224,93.79957575986728,90.04183365111473
2018-10-01,chimborazo,Chimborazo,Papa Superchola,0.361538461538462,16.6146153846154,1,1,1,0.2590428499999999,1.0,0.3653590938205644,8.0,24.666666666666668,22.0,3,3.0,24.569722249740998,22.53035714285714,60,105.76644817205488,0.0017969728628732,-0.0045803069717149,-0.0024352581453545,273.54630633973073,92.7483807967459,89.02708539962859,4,2018,10,4,-0.8660254037844386,0.5000000000000001,0,0.2590428499999999,0,24.666666666666668,0,0.381666666666667,0.307692307692308,0.247692307692308,0.237272727272727,0.393333333333333,0.31235042735042756,0.06710853727141944,0.2704001554001555,0.06274500206668462,0.133974358974359,0.14439393939394,0.2663915833333333,0.17416498,24.666666666666668,24.333333333333332,105.57672965391588,0.0031014739735653,296.07947433828224,93.79957575986728,90.04183365111473
2018-10-01,cotopaxi,Cotopaxi,Papa Superchola,0.36875,16.98,1,1,1,0.3299581266666666,1.0,0.3653590938205644,8.0,25.040000000000003,22.0,3,3.0,24.569722249740998,22.53035714285714,60,105.76644817205488,0.0017969728628732,-0.0045803069717149,-0.0024352581453545,273.54630633973073,92.7483807967459,89.02708539962859,5,2018,10,4,-0.8660254037844386,0.5000000000000001,0,0.3299581266666666,0,25.040000000000003,0,0.348888888888889,0.34,0.28125,0.2475,0.42375,0.32337962962962963,0.03675503170950794,0.2809636243386243,0.05222193940295401,0.06763888888888903,0.10138888888888903,0.29541908,0.2527439357142856,25.254166666666666,25.4375,105.57672965391588,0.0031014739735653,296.07947433828224,93.79957575986728,90.04183365111473
2018-10-01,pichincha,Pichincha,Papa Superchola,0.393333333333333,18.1466666666667,1,1,1,0.4799641458333333,1.0,0.3653590938205644,8.0,25.436710858585855,22.884090909090904,3,3.0,24.569722249740998,22.53035714285714,60,105.76644817205488,0.0017969728628732,-0.0045803069717149,-0.0024352581453545,273.54630633973073,92.7483807967459,89.02708539962859,6,2018,10,4,-0.8660254037844386,0.5000000000000001,0,0.4799641458333333,0,25.436710858585855,0,0.348888888888889,0.3325,0.275555555555556,0.2325,0.431111111111111,0.3189814814814816,0.03849035205926224,0.26916666666666683,0.060358496901002985,0.07333333333333303,0.11638888888888901,0.4425215507246376,0.2709845416666666,25.349526214526218,25.16959511077158,105.57672965391588,0.0031014739735653,296.07947433828224,93.79957575986728,90.04183365111473
2018-10-01,tungurahua,Tungurahua,Papa Superchola,0.413846153846154,18.9738461538462,1,1,1,0.373363064516129,1.0,0.3653590938205644,8.0,24.633333333333336,22.0,3,3.0,24.569722249740998,22.53035714285714,60,105.76644817205488,0.0017969728628732,-0.0045803069717149,-0.0024352581453545,273.54630633973073,92.7483807967459,89.02708539962859,7,2018,10,4,-0.8660254037844386,0.5000000000000001,0,0.373363064516129,0,24.633333333333336,0,0.39,0.355384615384615,0.294615384615385,0.2725,0.450833333333333,0.3466666666666665,0.04828621113117249,0.30536324786324787,0.054913844819302386,0.09538461538461501,0.1175,0.3306929999999999,0.2147726580645161,24.083333333333332,23.916666666666668,105.57672965391588,0.0031014739735653,296.07947433828224,93.79957575986728,90.04183365111473
2018-11-01,azuay,Azuay,Papa Superchola,0.5635714285714291,30.7142857142857,2,1,1,0.40855457936507933,0.0,0.40855457936507933,8.0,26.276666666666667,24.0,3,3.0,25.07259940499817,23.02547619047619,60,105.60910941943288,-0.0014876055246371,0.0007723687106797,-0.0039192409665207,301.05261294110267,91.75352677174894,87.74584078250196,0,2018,11,4,-0.5000000000000004,0.8660254037844384,1,0.40855457936507933,0,26.276666666666667,0,0.4833333333333335,0.518888888888889,0.507222222222222,0.41722222222222205,0.6616666666666671,0.5031481481481481,0.01812451219720991,0.46631944444444445,0.042624341528529466,-0.023888888888888515,0.06611111111111145,0.3653590938205644,0.30882958632068447,25.643333333333334,25.319444444444443,105.76644817205488,0.0017969728628732,273.54630633973073,92.7483807967459,89.02708539962859
2018-11-01,carchi,Carchi,Papa Superchola,0.385,17.8325,1,1,1,0.3725807799999999,1.0,0.40855457936507933,8.0,25.30185185185185,24.05,3,3.0,25.07259940499817,23.02547619047619,60,105.60910941943288,-0.0014876055246371,0.0007723687106797,-0.0039192409665207,301.05261294110267,91.75352677174894,87.74584078250196,2,2018,11,4,-0.5000000000000004,0.8660254037844384,0,0.3725807799999999,0,25.30185185185185,0,0.3575,0.34,0.29,0.183333333333333,0.4,0.3291666666666666,0.03502974926163737,0.2617222222222222,0.08096478429722778,0.0675,0.174166666666667,0.3484721935483871,0.2558695333333333,25.429166666666664,25.268386243386246,105.76644817205488,0.0017969728628732,273.54630633973073,92.7483807967459,89.02708539962859
2018-11-01,chimborazo,Chimborazo,Papa Superchola,0.4,18.3333333333333,1,1,1,0.2866006,1.0,0.40855457936507933,8.0,24.666666666666668,22.0,3,3.0,25.07259940499817,23.02547619047619,60,105.60910941943288,-0.0014876055246371,0.0007723687106797,-0.0039192409665207,301.05261294110267,91.75352677174894,87.74584078250196,4,2018,11,4,-0.5000000000000004,0.8660254037844384,0,0.2866006,0,24.666666666666668,0,0.361538461538462,0.381666666666667,0.307692307692308,0.225,0.4125,0.3502991452991456,0.0382464785119127,0.2911111111111113,0.06974206571990228,0.05384615384615399,0.13653846153846197,0.2590428499999999,0.2222991833333333,24.666666666666668,24.599999999999998,105.76644817205488,0.0017969728628732,273.54630633973073,92.7483807967459,89.02708539962859
2018-11-01,cotopaxi,Cotopaxi,Papa Superchola,0.4125,18.99875,1,1,1,0.3836038799999999,1.0,0.40855457936507933,8.0,25.166666666666668,22.375,3,3.0,25.07259940499817,23.02547619047619,60,105.60910941943288,-0.0014876055246371,0.0007723687106797,-0.0039192409665207,301.05261294110267,91.75352677174894,87.74584078250196,5,2018,11,4,-0.5000000000000004,0.8660254037844384,0,0.3836038799999999,0,25.166666666666668,0,0.36875,0.348888888888889,0.34,0.237142857142857,0.427142857142857,0.35254629629629636,0.014719819859891948,0.3011719576719577,0.05961883587633335,0.028749999999999998,0.13160714285714303,0.3299581266666666,0.30644218,25.040000000000003,25.603333333333335,105.76644817205488,0.0017969728628732,273.54630633973073,92.7483807967459,89.02708539962859
2018-11-01,pichincha,Pichincha,Papa Superchola,0.44125,20.25125,1,1,1,0.5205352777777777,1.0,0.40855457936507933,8.0,26.37619883040936,23.295263157894738,3,3.0,25.07259940499817,23.02547619047619,60,105.60910941943288,-0.0014876055246371,0.0007723687106797,-0.0039192409665207,301.05261294110267,91.75352677174894,87.74584078250196,6,2018,11,4,-0.5000000000000004,0.8660254037844384,0,0.5205352777777777,0,26.37619883040936,0,0.393333333333333,0.348888888888889,0.3325,0.22,0.455,0.35824074074074064,0.03147644295191601,0.29597222222222236,0.0748029819667058,0.06083333333333296,0.17333333333333298,0.4799641458333333,0.4104956510416666,25.436710858585855,25.28260702260702,105.76644817205488,0.0017969728628732,273.54630633973073,92.7483807967459,89.02708539962859
2018-11-01,tungurahua,Tungurahua,Papa Superchola,0.478333333333333,21.945,1,1,1,0.4056500799999999,1.0,0.40855457936507933,8.0,24.916666666666668,22.0,3,3.0,25.07259940499817,23.02547619047619,60,105.60910941943288,-0.0014876055246371,0.0007723687106797,-0.0039192409665207,301.05261294110267,91.75352677174894,87.74584078250196,7,2018,11,4,-0.5000000000000004,0.8660254037844384,0,0.4056500799999999,0,24.916666666666668,0,0.413846153846154,0.39,0.355384615384615,0.265833333333333,0.489166666666667,0.3864102564102563,0.02939562151243676,0.32892094017094015,0.06698717846481275,0.05846153846153895,0.148012820512821,0.373363064516129,0.2645543999999999,24.633333333333336,24.233333333333334,105.76644817205488,0.0017969728628732,273.54630633973073,92.7483807967459,89.02708539962859
2018-12-01,azuay,Azuay,Papa Superchola,0.5366666666666664,29.44444444444445,2,1,1,0.4052580392169867,0.0,0.4052580392169867,8.0,26.462777777777774,23.625,3,3.0,25.63246794849049,23.625,61,105.32196180017738,-0.002718966392521,-0.0066275510745695,-0.0066275510745695,375.0199531882431,90.50113412123255,88.335671121338,0,2018,12,4,-2.4492935982947064e-16,1.0,1,0.4052580392169867,0,26.462777777777774,0,0.5635714285714291,0.4833333333333335,0.518888888888889,0.43,0.610793650793651,0.5219312169312171,0.04020546979948444,0.490710978835979,0.0501236509854583,0.0446825396825401,0.13357142857142906,0.40855457936507933,0.33908784378105583,26.276666666666667,25.650000000000002,105.60910941943288,-0.0014876055246371,301.05261294110267,91.75352677174894,87.74584078250196
2018-12-01,carchi,Carchi,Papa Superchola,0.3775,17.2925,1,1,1,0.3530947838709677,1.0,0.4052580392169867,8.0,25.274040404040402,23.94545454545454,3,3.0,25.63246794849049,23.625,61,105.32196180017738,-0.002718966392521,-0.0066275510745695,-0.0066275510745695,375.0199531882431,90.50113412123255,88.335671121338,2,2018,12,4,-2.4492935982947064e-16,1.0,0,0.3530947838709677,0,25.274040404040402,0,0.385,0.3575,0.34,0.162,0.41,0.3608333333333333,0.02268442931468975,0.2953333333333333,0.08372673806298052,0.044999999999999984,0.223,0.3725807799999999,0.3005631933333333,25.30185185185185,25.215608465608465,105.60910941943288,-0.0014876055246371,301.05261294110267,91.75352677174894,87.74584078250196
2018-12-01,chimborazo,Chimborazo,Papa Superchola,0.357272727272727,16.4554545454545,1,1,1,0.2572864219780219,1.0,0.4052580392169867,8.0,24.916666666666668,22.25,3,3.0,25.63246794849049,23.625,61,105.32196180017738,-0.002718966392521,-0.0066275510745695,-0.0066275510745695,375.0199531882431,90.50113412123255,88.335671121338,4,2018,12,4,-2.4492935982947064e-16,1.0,0,0.2572864219780219,0,24.916666666666668,0,0.4,0.361538461538462,0.381666666666667,0.223076923076923,0.398333333333333,0.38106837606837624,0.019237748021453175,0.320277777777778,0.07307766156472172,0.018333333333333035,0.17692307692307702,0.2866006,0.2663915833333333,24.666666666666668,24.666666666666668,105.60910941943288,-0.0014876055246371,301.05261294110267,91.75352677174894,87.74584078250196
2018-12-01,cotopaxi,Cotopaxi,Papa Superchola,0.392222222222222,18.0733333333333,1,1,1,0.37037616,1.0,0.4052580392169867,8.0,25.083333333333332,22.375,3,3.0,25.63246794849049,23.625,61,105.32196180017738,-0.002718966392521,-0.0066275510745695,-0.0066275510745695,375.0199531882431,90.50113412123255,88.335671121338,5,2018,12,4,-2.4492935982947064e-16,1.0,0,0.37037616,0,25.083333333333332,0,0.4125,0.36875,0.348888888888889,0.231,0.384,0.3767129629629629,0.03254458401269736,0.33039814814814816,0.0647166346340275,0.06361111111111095,0.18149999999999997,0.3836038799999999,0.29541908,25.166666666666668,25.254166666666666,105.60910941943288,-0.0014876055246371,301.05261294110267,91.75352677174894,87.74584078250196
2018-12-01,pichincha,Pichincha,Papa Superchola,0.42375,19.45875,1,1,1,0.4874277031249999,1.0,0.4052580392169867,8.0,26.703637362637362,24.15576923076924,3,3.0,25.63246794849049,23.625,61,105.32196180017738,-0.002718966392521,-0.0066275510745695,-0.0066275510745695,375.0199531882431,90.50113412123255,88.335671121338,6,2018,12,4,-2.4492935982947064e-16,1.0,0,0.4874277031249999,0,26.703637362637362,0,0.44125,0.393333333333333,0.348888888888889,0.205555555555556,0.472222222222222,0.3944907407407406,0.046191432163873065,0.33284722222222235,0.08384830466052738,0.09236111111111095,0.23569444444444398,0.5205352777777777,0.4425215507246376,26.37619883040936,25.349526214526218,105.60910941943288,-0.0014876055246371,301.05261294110267,91.75352677174894,87.74584078250196
2018-12-01,tungurahua,Tungurahua,Papa Superchola,0.491818181818182,22.5436363636364,1,1,1,0.41446856,1.0,0.4052580392169867,8.0,25.5625,22.5,3,3.0,25.63246794849049,23.625,61,105.32196180017738,-0.002718966392521,-0.0066275510745695,-0.0066275510745695,375.0199531882431,90.50113412123255,88.335671121338,7,2018,12,4,-2.4492935982947064e-16,1.0,0,0.41446856,0,25.5625,0,0.478333333333333,0.413846153846154,0.39,0.253846153846154,0.5,0.4273931623931622,0.04569830986889809,0.3643376068376068,0.08155291021261409,0.08833333333333299,0.224487179487179,0.4056500799999999,0.3306929999999999,24.916666666666668,24.083333333333332,105.60910941943288,-0.0014876055246371,301.05261294110267,91.75352677174894,87.74584078250196
2019-01-01,azuay,Azuay,Papa Superchola,0.608888888888889,33.44444444444445,2,1,1,0.4227821890720286,0.0,0.4227821890720286,8.0,26.462777777777774,23.625,3,3.0,25.737087529148287,23.625,63,106.52855122151963,0.0114561996445856,0.0039910064938233,0.0114561996445856,302.1040429874755,93.02867686285488,91.73969865733244,0,2019,1,1,0.49999999999999994,0.8660254037844387,1,0.4227821890720286,0,26.462777777777774,0,0.5366666666666664,0.5635714285714291,0.4833333333333335,0.44125000000000003,0.5566666666666665,0.5278571428571429,0.04083801861222359,0.5084887566137567,0.04264201669019144,0.0533333333333329,0.09541666666666637,0.4052580392169867,0.3653590938205644,26.462777777777774,25.643333333333334,105.32196180017738,-0.002718966392521,375.0199531882431,90.50113412123255,88.335671121338
2019-01-01,carchi,Carchi,Papa Superchola,0.415,19.125,1,1,1,0.406821284375,1.0,0.4227821890720286,8.0,25.660224089635857,24.107142857142858,3,3.0,25.737087529148287,23.625,63,106.52855122151963,0.0114561996445856,0.0039910064938233,0.0114561996445856,302.1040429874755,93.02867686285488,91.73969865733244,2,2019,1,1,0.49999999999999994,0.8660254037844387,0,0.406821284375,0,25.660224089635857,0,0.3775,0.385,0.3575,0.2375,0.36,0.37333333333333324,0.01421560175768672,0.33125,0.0570690371392426,0.020000000000000018,0.14,0.3530947838709677,0.3484721935483871,25.274040404040402,25.429166666666664,105.32196180017738,-0.002718966392521,375.0199531882431,90.50113412123255,88.335671121338
2019-01-01,chimborazo,Chimborazo,Papa Superchola,0.416923076923077,19.0523076923077,1,1,1,0.2752835506666666,1.0,0.4227821890720286,8.0,25.46666666666667,23.0,3,3.0,25.737087529148287,23.625,63,106.52855122151963,0.0114561996445856,0.0039910064938233,0.0114561996445856,302.1040429874755,93.02867686285488,91.73969865733244,4,2019,1,1,0.49999999999999994,0.8660254037844387,0,0.2752835506666666,0,25.46666666666667,0,0.357272727272727,0.4,0.361538461538462,0.247692307692308,0.347142857142857,0.3729370629370629,0.023534040113432908,0.34264374514374535,0.05589440804786091,-0.004265734265734955,0.10958041958041903,0.2572864219780219,0.2590428499999999,24.916666666666668,24.666666666666668,105.32196180017738,-0.002718966392521,375.0199531882431,90.50113412123255,88.335671121338
2019-01-01,cotopaxi,Cotopaxi,Papa Superchola,0.44625,20.45875,1,1,1,0.4032321096774193,1.0,0.4227821890720286,8.0,25.041666666666668,22.375,3,3.0,25.737087529148287,23.625,63,106.52855122151963,0.0114561996445856,0.0039910064938233,0.0114561996445856,302.1040429874755,93.02867686285488,91.73969865733244,5,2019,1,1,0.49999999999999994,0.8660254037844387,0,0.4032321096774193,0,25.041666666666668,0,0.392222222222222,0.4125,0.36875,0.28125,0.31625,0.3911574074074073,0.021894428468042633,0.3572685185185185,0.045937647846969784,0.02347222222222195,0.11097222222222197,0.37037616,0.3299581266666666,25.083333333333332,25.040000000000003,105.32196180017738,-0.002718966392521,375.0199531882431,90.50113412123255,88.335671121338
2019-01-01,pichincha,Pichincha,Papa Superchola,0.52875,24.25125,1,1,1,0.5244323333333333,1.0,0.4227821890720286,8.0,26.617497497497496,24.350270270270272,3,3.0,25.737087529148287,23.625,63,106.52855122151963,0.0114561996445856,0.0039910064938233,0.0114561996445856,302.1040429874755,93.02867686285488,91.73969865733244,6,2019,1,1,0.49999999999999994,0.8660254037844387,0,0.5244323333333333,0,26.617497497497496,0,0.42375,0.44125,0.393333333333333,0.275555555555556,0.371111111111111,0.4194444444444443,0.02424675426923181,0.369212962962963,0.06209353425184422,0.030416666666667036,0.14819444444444402,0.4874277031249999,0.4799641458333333,26.703637362637362,25.436710858585855,105.32196180017738,-0.002718966392521,375.0199531882431,90.50113412123255,88.335671121338
2019-01-01,tungurahua,Tungurahua,Papa Superchola,0.499230769230769,22.9492307692308,1,1,1,0.440924,1.0,0.4227821890720286,8.0,25.6875,22.875,3,3.0,25.737087529148287,23.625,63,106.52855122151963,0.0114561996445856,0.0039910064938233,0.0114561996445856,302.1040429874755,93.02867686285488,91.73969865733244,7,2019,1,1,0.49999999999999994,0.8660254037844387,0,0.440924,0,25.6875,0,0.491818181818182,0.478333333333333,0.413846153846154,0.294615384615385,0.421428571428571,0.46133255633255627,0.04167348198183288,0.40399961149961144,0.07464432188866828,0.07797202797202801,0.197202797202797,0.41446856,0.373363064516129,25.5625,24.633333333333336,105.32196180017738,-0.002718966392521,375.0199531882431,90.50113412123255,88.335671121338
2019-02-01,azuay,Azuay,Papa Superchola,0.5818749999999999,32.125,2,1,1,0.36116722402393747,0.0,0.36116722402393747,8.0,26.313888888888886,23.875,3,3.0,25.784362199952174,23.875,61,106.36502853382572,-0.0015350127812577,-0.0010893253853077,0.0099036014504487,352.05299423586195,90.66036068855564,91.14905171803656,0,2019,2,1,0.8660254037844386,0.5000000000000001,1,0.36116722402393747,0,26.313888888888886,0,0.608888888888889,0.5366666666666664,0.5635714285714291,0.507222222222222,0.549375,0.5697089947089947,0.036500200468610196,0.5364285714285715,0.04464760821279464,0.04531746031745998,0.10166666666666702,0.4227821890720286,0.40855457936507933,26.462777777777774,26.276666666666667,106.52855122151963,0.0114561996445856,302.1040429874755,93.02867686285488,91.73969865733244
2019-02-01,carchi,Carchi,Papa Superchola,0.32,14.7475,1,1,1,0.278834325,1.0,0.36116722402393747,8.0,25.584605263157897,24.12,3,3.0,25.784362199952174,23.875,61,106.36502853382572,-0.0015350127812577,-0.0010893253853077,0.0099036014504487,352.05299423586195,90.66036068855564,91.14905171803656,2,2019,2,1,0.8660254037844386,0.5000000000000001,0,0.278834325,0,25.584605263157897,0,0.415,0.3775,0.385,0.29,0.25,0.3924999999999999,0.019843134832979264,0.36083333333333334,0.04303099657998743,0.02999999999999997,0.125,0.406821284375,0.3725807799999999,25.660224089635857,25.30185185185185,106.52855122151963,0.0114561996445856,302.1040429874755,93.02867686285488,91.73969865733244
2019-02-01,chimborazo,Chimborazo,Papa Superchola,0.3775,17.2508333333333,1,1,1,0.2425081999999999,1.0,0.36116722402393747,8.0,25.583333333333332,23.0,3,3.0,25.784362199952174,23.875,61,106.36502853382572,-0.0015350127812577,-0.0010893253853077,0.0099036014504487,352.05299423586195,90.66036068855564,91.14905171803656,4,2019,2,1,0.8660254037844386,0.5000000000000001,0,0.2425081999999999,0,25.583333333333332,0,0.416923076923077,0.357272727272727,0.4,0.307692307692308,0.274545454545455,0.3913986013986013,0.030741325553352215,0.3708488733488735,0.038338994165698276,0.016923076923076985,0.10923076923076902,0.2752835506666666,0.2866006,25.46666666666667,24.666666666666668,106.52855122151963,0.0114561996445856,302.1040429874755,93.02867686285488,91.73969865733244
2019-02-01,cotopaxi,Cotopaxi,Papa Superchola,0.38375,17.62625,1,1,1,0.3343673666666666,1.0,0.36116722402393747,8.0,25.108333333333334,22.45,3,3.0,25.784362199952174,23.875,61,106.36502853382572,-0.0015350127812577,-0.0010893253853077,0.0099036014504487,352.05299423586195,90.66036068855564,91.14905171803656,5,2019,2,1,0.8660254037844386,0.5000000000000001,0,0.3343673666666666,0,25.108333333333334,0,0.44625,0.392222222222222,0.4125,0.34,0.26375,0.41699074074074066,0.027292402920987013,0.3847685185185185,0.04038001074157812,0.03375,0.10624999999999996,0.4032321096774193,0.3836038799999999,25.041666666666668,25.166666666666668,106.52855122151963,0.0114561996445856,302.1040429874755,93.02867686285488,91.73969865733244
2019-02-01,pichincha,Pichincha,Papa Superchola,0.40875,18.74875,1,1,1,0.4393930138888889,1.0,0.36116722402393747,8.0,26.567528173374615,23.837631578947374,3,3.0,25.784362199952174,23.875,61,106.36502853382572,-0.0015350127812577,-0.0010893253853077,0.0099036014504487,352.05299423586195,90.66036068855564,91.14905171803656,6,2019,2,1,0.8660254037844386,0.5000000000000001,0,0.4393930138888889,0,26.567528173374615,0,0.52875,0.42375,0.44125,0.3325,0.327142857142857,0.4645833333333333,0.05625462943912499,0.41141203703703705,0.07109686362625212,0.08750000000000008,0.19625000000000004,0.5244323333333333,0.5205352777777777,26.617497497497496,26.37619883040936,106.52855122151963,0.0114561996445856,302.1040429874755,93.02867686285488,91.73969865733244
2019-02-01,tungurahua,Tungurahua,Papa Superchola,0.435,19.9433333333333,1,1,1,0.3842337714285713,1.0,0.36116722402393747,8.0,25.6875,22.875,3,3.0,25.784362199952174,23.875,61,106.36502853382572,-0.0015350127812577,-0.0010893253853077,0.0099036014504487,352.05299423586195,90.66036068855564,91.14905171803656,7,2019,2,1,0.8660254037844386,0.5000000000000001,0,0.3842337714285713,0,25.6875,0,0.499230769230769,0.491818181818182,0.478333333333333,0.355384615384615,0.333636363636364,0.4897940947940946,0.010594734682026881,0.43810217560217546,0.0599750431306809,0.02089743589743598,0.14384615384615396,0.440924,0.4056500799999999,25.6875,24.916666666666668,106.52855122151963,0.0114561996445856,302.1040429874755,93.02867686285488,91.73969865733244
2019-03-01,azuay,Azuay,Papa Superchola,0.5555555555555555,30.9722222222222,2,1,1,0.34272500990575394,0.0,0.34272500990575394,8.0,27.272222222222222,25.9,3,3.0,25.96278294516362,24.03846153846154,62,105.97816126592777,-0.0036371660237455,-0.0105081203399637,0.0062304143839948,315.04345609191915,91.25018103400063,93.05374005886844,0,2019,3,1,1.0,6.123233995736766e-17,1,0.34272500990575394,0,27.272222222222222,0,0.5818749999999999,0.608888888888889,0.5366666666666664,0.518888888888889,0.4355555555555555,0.575810185185185,0.03649107876909756,0.5488707010582011,0.0452781892156206,0.04520833333333352,0.06298611111111097,0.36116722402393747,0.4052580392169867,26.313888888888886,26.462777777777774,106.36502853382572,-0.0015350127812577,352.05299423586195,90.66036068855564,91.14905171803656
2019-03-01,carchi,Carchi,Papa Superchola,0.298,13.8,1,1,1,0.2748259249999999,1.0,0.34272500990575394,8.0,25.609954751131227,24.07692307692308,3,3.0,25.96278294516362,24.03846153846154,62,105.97816126592777,-0.0036371660237455,-0.0105081203399637,0.0062304143839948,315.04345609191915,91.25018103400063,93.05374005886844,2,2019,3,1,1.0,6.123233995736766e-17,0,0.2748259249999999,0,25.609954751131227,0,0.32,0.415,0.3775,0.34,0.2375,0.3708333333333333,0.047849590733183366,0.3658333333333333,0.033936214677934895,-0.057499999999999996,-0.020000000000000018,0.278834325,0.3530947838709677,25.584605263157897,25.274040404040402,106.36502853382572,-0.0015350127812577,352.05299423586195,90.66036068855564,91.14905171803656
2019-03-01,chimborazo,Chimborazo,Papa Superchola,0.3325,15.2508333333333,1,1,1,0.21495045,1.0,0.34272500990575394,8.0,25.666666666666668,23.0,3,3.0,25.96278294516362,24.03846153846154,62,105.97816126592777,-0.0036371660237455,-0.0105081203399637,0.0062304143839948,315.04345609191915,91.25018103400063,93.05374005886844,4,2019,3,1,1.0,6.123233995736766e-17,0,0.21495045,0,25.666666666666668,0,0.3775,0.416923076923077,0.357272727272727,0.381666666666667,0.248333333333333,0.38389860139860127,0.030335583532309366,0.38248348873348886,0.022771440084003683,0.020227272727272982,-0.004166666666666985,0.2425081999999999,0.2572864219780219,25.583333333333332,24.916666666666668,106.36502853382572,-0.0015350127812577,352.05299423586195,90.66036068855564,91.14905171803656
2019-03-01,cotopaxi,Cotopaxi,Papa Superchola,0.36,16.5,1,1,1,0.30423756,1.0,0.34272500990575394,8.0,26.866666666666664,24.0,3,3.0,25.96278294516362,24.03846153846154,62,105.97816126592777,-0.0036371660237455,-0.0105081203399637,0.0062304143839948,315.04345609191915,91.25018103400063,93.05374005886844,5,2019,3,1,1.0,6.123233995736766e-17,0,0.30423756,0,26.866666666666664,0,0.38375,0.44625,0.392222222222222,0.348888888888889,0.242222222222222,0.4074074074074072,0.03390434908431555,0.3920601851851852,0.03414830318013696,-0.008472222222221992,0.034861111111110954,0.3343673666666666,0.37037616,25.108333333333334,25.083333333333332,106.36502853382572,-0.0015350127812577,352.05299423586195,90.66036068855564,91.14905171803656
2019-03-01,pichincha,Pichincha,Papa Superchola,0.3425,15.8325,1,1,1,0.3329894791666666,1.0,0.34272500990575394,8.0,26.595616988599446,23.787894736842105,3,3.0,25.96278294516362,24.03846153846154,62,105.97816126592777,-0.0036371660237455,-0.0105081203399637,0.0062304143839948,315.04345609191915,91.25018103400063,93.05374005886844,6,2019,3,1,1.0,6.123233995736766e-17,0,0.3329894791666666,0,26.595616988599446,0,0.40875,0.52875,0.42375,0.348888888888889,0.273333333333333,0.45374999999999993,0.06538348415310957,0.42412037037037037,0.06014114485547248,-0.015000000000000013,0.059861111111110976,0.4393930138888889,0.4874277031249999,26.567528173374615,26.703637362637362,106.36502853382572,-0.0015350127812577,352.05299423586195,90.66036068855564,91.14905171803656
2019-03-01,tungurahua,Tungurahua,Papa Superchola,0.4075,18.6925,1,1,1,0.3282434222222222,1.0,0.34272500990575394,8.0,25.74,23.22,3,3.0,25.96278294516362,24.03846153846154,62,105.97816126592777,-0.0036371660237455,-0.0105081203399637,0.0062304143839948,315.04345609191915,91.25018103400063,93.05374005886844,7,2019,3,1,1.0,6.123233995736766e-17,0,0.3282434222222222,0,25.74,0,0.435,0.499230769230769,0.491818181818182,0.39,0.300833333333333,0.47534965034965015,0.03513982534876146,0.4513714063714063,0.04493556009779667,-0.05681818181818199,0.044999999999999984,0.3842337714285713,0.41446856,25.6875,25.5625,106.36502853382572,-0.0015350127812577,352.05299423586195,90.66036068855564,91.14905171803656
2019-04-01,azuay,Azuay,Papa Superchola,0.555625,31.0,2,1,1,0.3777408436544184,0.0,0.3777408436544184,8.0,26.852500000000003,24.9075,3,3.0,25.643084459515585,23.571428571428573,61,106.03578226462427,0.0005437063448565,0.0032992240998805,0.006777508244683,307.49079787531707,90.14090611015035,89.56092330719511,0,2019,4,2,0.8660254037844387,-0.4999999999999998,1,0.3777408436544184,0,26.852500000000003,0,0.5555555555555555,0.5818749999999999,0.608888888888889,0.4833333333333335,0.38875000000000004,0.5821064814814814,0.02666742017646767,0.5549818121693123,0.04283054106090307,-0.053333333333333566,0.07222222222222197,0.34272500990575394,0.4227821890720286,27.272222222222222,26.462777777777774,105.97816126592777,-0.0036371660237455,315.04345609191915,91.25018103400063,93.05374005886844
2019-04-01,carchi,Carchi,Papa Superchola,0.336666666666667,15.3333333333333,1,1,1,0.3144923833333333,1.0,0.3777408436544184,8.0,25.633650793650798,24.214285714285715,3,3.0,25.643084459515585,23.571428571428573,61,106.03578226462427,0.0005437063448565,0.0032992240998805,0.006777508244683,307.49079787531707,90.14090611015035,89.56092330719511,2,2019,4,2,0.8660254037844387,-0.4999999999999998,0,0.3144923833333333,0,25.633650793650798,0,0.298,0.32,0.415,0.3575,0.2075,0.3443333333333333,0.06217984668148652,0.35883333333333334,0.043355122726926876,-0.11699999999999999,-0.0595,0.2748259249999999,0.406821284375,25.609954751131227,25.660224089635857,105.97816126592777,-0.0036371660237455,315.04345609191915,91.25018103400063,93.05374005886844
2019-04-01,chimborazo,Chimborazo,Papa Superchola,0.367272727272727,16.8790909090909,1,1,1,0.2594102866666666,1.0,0.3777408436544184,8.0,25.833333333333332,23.5,3,3.0,25.643084459515585,23.571428571428573,61,106.03578226462427,0.0005437063448565,0.0032992240998805,0.006777508244683,307.49079787531707,90.14090611015035,89.56092330719511,4,2019,4,2,0.8660254037844387,-0.4999999999999998,0,0.2594102866666666,0,25.833333333333332,0,0.3325,0.3775,0.416923076923077,0.361538461538462,0.237272727272727,0.37564102564102564,0.04224222790692116,0.3742890442890443,0.030618559230180416,-0.08442307692307699,-0.029038461538461957,0.21495045,0.2752835506666666,25.666666666666668,25.46666666666667,105.97816126592777,-0.0036371660237455,315.04345609191915,91.25018103400063,93.05374005886844
2019-04-01,cotopaxi,Cotopaxi,Papa Superchola,0.39,17.9042857142857,1,1,1,0.3362045499999999,1.0,0.3777408436544184,8.0,26.041666666666668,23.125,3,3.0,25.643084459515585,23.571428571428573,61,106.03578226462427,0.0005437063448565,0.0032992240998805,0.006777508244683,307.49079787531707,90.14090611015035,89.56092330719511,5,2019,4,2,0.8660254037844387,-0.4999999999999998,0,0.3362045499999999,0,26.041666666666668,0,0.36,0.38375,0.44625,0.36875,0.2475,0.39666666666666656,0.04455216979377304,0.393912037037037,0.03154061371923915,-0.08625,-0.008750000000000036,0.30423756,0.4032321096774193,26.866666666666664,25.041666666666668,105.97816126592777,-0.0036371660237455,315.04345609191915,91.25018103400063,93.05374005886844
2019-04-01,pichincha,Pichincha,Papa Superchola,0.373333333333333,17.2588888888889,1,1,1,0.3088764479166666,1.0,0.3777408436544184,8.0,26.397863086629354,23.49419354838709,3,3.0,25.643084459515585,23.571428571428573,61,106.03578226462427,0.0005437063448565,0.0032992240998805,0.006777508244683,307.49079787531707,90.14090611015035,89.56092330719511,6,2019,4,2,0.8660254037844387,-0.4999999999999998,0,0.3088764479166666,0,26.397863086629354,0,0.3425,0.40875,0.52875,0.393333333333333,0.2325,0.4266666666666666,0.0944087963768909,0.4230555555555555,0.061773930735535165,-0.18625000000000003,-0.05083333333333295,0.3329894791666666,0.5244323333333333,26.595616988599446,26.617497497497496,105.97816126592777,-0.0036371660237455,315.04345609191915,91.25018103400063,93.05374005886844
2019-04-01,tungurahua,Tungurahua,Papa Superchola,0.434166666666667,19.8883333333333,1,1,1,0.3834464071428571,1.0,0.3777408436544184,8.0,25.895833333333332,23.0,3,3.0,25.643084459515585,23.571428571428573,61,106.03578226462427,0.0005437063448565,0.0032992240998805,0.006777508244683,307.49079787531707,90.14090611015035,89.56092330719511,7,2019,4,2,0.8660254037844387,-0.4999999999999998,0,0.3834464071428571,0,25.895833333333332,0,0.4075,0.435,0.499230769230769,0.413846153846154,0.2725,0.4472435897435895,0.04707507433105139,0.45428807303807295,0.04050489332623303,-0.091730769230769,-0.006346153846154001,0.3282434222222222,0.440924,25.74,25.6875,105.97816126592777,-0.0036371660237455,315.04345609191915,91.25018103400063,93.05374005886844
2019-05-01,azuay,Azuay,Papa Superchola,0.578125,32.0,2,1,1,0.394036066927613,0.0,0.394036066927613,8.0,26.735833333333332,24.6575,3,3.0,25.657207375363544,23.75,61,105.5418112743122,-0.0046585311086715,0.0043450441866754,0.0020874039030143,295.1248544439688,88.10622470093224,89.54297254970264,0,2019,5,2,0.49999999999999994,-0.8660254037844387,1,0.394036066927613,0,26.735833333333332,0,0.555625,0.5555555555555555,0.5818749999999999,0.5635714285714291,0.41722222222222205,0.5643518518518517,0.015175531173541762,0.5670304232804233,0.025172092605437617,-0.026249999999999885,-0.00794642857142902,0.3777408436544184,0.36116722402393747,26.852500000000003,26.313888888888886,106.03578226462427,0.0005437063448565,307.49079787531707,90.14090611015035,89.56092330719511
2019-05-01,carchi,Carchi,Papa Superchola,0.363333333333333,16.6666666666667,1,1,1,0.3493627549549549,1.0,0.394036066927613,8.0,25.637539682539682,24.21428571428572,3,3.0,25.657207375363544,23.75,61,105.5418112743122,-0.0046585311086715,0.0043450441866754,0.0020874039030143,295.1248544439688,88.10622470093224,89.54297254970264,2,2019,5,2,0.49999999999999994,-0.8660254037844387,0,0.3493627549549549,0,25.637539682539682,0,0.336666666666667,0.298,0.32,0.385,0.183333333333333,0.31822222222222224,0.01939453913213753,0.3553611111111112,0.04430706197369631,0.016666666666666996,-0.048333333333333006,0.3144923833333333,0.278834325,25.633650793650798,25.584605263157897,106.03578226462427,0.0005437063448565,307.49079787531707,90.14090611015035,89.56092330719511
2019-05-01,chimborazo,Chimborazo,Papa Superchola,0.414545454545455,18.97,1,1,1,0.2864781211111111,1.0,0.394036066927613,8.0,26.0,24.0,3,3.0,25.657207375363544,23.75,61,105.5418112743122,-0.0046585311086715,0.0043450441866754,0.0020874039030143,295.1248544439688,88.10622470093224,89.54297254970264,4,2019,5,2,0.49999999999999994,-0.8660254037844387,0,0.2864781211111111,0,26.0,0,0.367272727272727,0.3325,0.3775,0.4,0.225,0.3590909090909089,0.023589332580004976,0.37524475524475515,0.0302279734354427,-0.010227272727273029,-0.03272727272727305,0.2594102866666666,0.2425081999999999,25.833333333333332,25.583333333333332,106.03578226462427,0.0005437063448565,307.49079787531707,90.14090611015035,89.56092330719511
2019-05-01,cotopaxi,Cotopaxi,Papa Superchola,0.391428571428571,18.0014285714286,1,1,1,0.3571484399999999,1.0,0.394036066927613,8.0,26.666666666666668,23.75,3,3.0,25.657207375363544,23.75,61,105.5418112743122,-0.0046585311086715,0.0043450441866754,0.0020874039030143,295.1248544439688,88.10622470093224,89.54297254970264,5,2019,5,2,0.49999999999999994,-0.8660254037844387,0,0.3571484399999999,0,26.666666666666668,0,0.39,0.36,0.38375,0.4125,0.237142857142857,0.3779166666666666,0.015827849927680795,0.39745370370370364,0.029260782895167155,0.006250000000000033,-0.022499999999999964,0.3362045499999999,0.3343673666666666,26.041666666666668,25.108333333333334,106.03578226462427,0.0005437063448565,307.49079787531707,90.14090611015035,89.56092330719511
2019-05-01,pichincha,Pichincha,Papa Superchola,0.3975,18.24875,1,1,1,0.3875864193548387,1.0,0.394036066927613,8.0,26.43771230338778,23.52631578947369,3,3.0,25.657207375363544,23.75,61,105.5418112743122,-0.0046585311086715,0.0043450441866754,0.0020874039030143,295.1248544439688,88.10622470093224,89.54297254970264,6,2019,5,2,0.49999999999999994,-0.8660254037844387,0,0.3875864193548387,0,26.43771230338778,0,0.373333333333333,0.3425,0.40875,0.44125,0.22,0.3748611111111109,0.03315141329873569,0.4197222222222223,0.06419083239032769,-0.035416666666666985,-0.06791666666666696,0.3088764479166666,0.4393930138888889,26.397863086629354,26.567528173374615,106.03578226462427,0.0005437063448565,307.49079787531707,90.14090611015035,89.56092330719511
2019-05-01,tungurahua,Tungurahua,Papa Superchola,0.466363636363636,21.3318181818182,1,1,1,0.3968315999999999,1.0,0.394036066927613,8.0,25.866666666666664,22.9,3,3.0,25.657207375363544,23.75,61,105.5418112743122,-0.0046585311086715,0.0043450441866754,0.0020874039030143,295.1248544439688,88.10622470093224,89.54297254970264,7,2019,5,2,0.49999999999999994,-0.8660254037844387,0,0.3968315999999999,0,25.866666666666664,0,0.434166666666667,0.4075,0.435,0.478333333333333,0.265833333333333,0.4255555555555555,0.01564212025033015,0.4576748251748251,0.037158400242933896,-0.0008333333333330195,-0.04416666666666602,0.3834464071428571,0.3842337714285713,25.895833333333332,25.6875,106.03578226462427,0.0005437063448565,307.49079787531707,90.14090611015035,89.56092330719511
2019-06-01,azuay,Azuay,Papa Superchola,0.652777777777778,36.2222222222222,2,1,1,0.47017849898447395,0.0,0.47017849898447395,7.0,26.565833333333334,24.3625,3,3.0,25.801735226466146,23.75,62,104.88858111890404,-0.0061893021118459,0.0056402191304452,-0.0041148177822168,261.4060652865648,92.7,93.28674845493016,0,2019,6,2,1.2246467991473532e-16,-1.0,1,0.47017849898447395,0,26.565833333333334,0,0.578125,0.555625,0.5555555555555555,0.5366666666666664,0.43,0.5631018518518518,0.013010474274352335,0.5694560185185185,0.025471533700658622,0.02256944444444453,0.0414583333333336,0.394036066927613,0.34272500990575394,26.735833333333332,27.272222222222222,105.5418112743122,-0.0046585311086715,295.1248544439688,88.10622470093224,89.54297254970264
2019-06-01,carchi,Carchi,Papa Superchola,0.44,20.0825,1,1,1,0.4123294237623762,1.0,0.47017849898447395,7.0,25.652169312169317,24.21428571428572,3,3.0,25.801735226466146,23.75,62,104.88858111890404,-0.0061893021118459,0.0056402191304452,-0.0041148177822168,261.4060652865648,92.7,93.28674845493016,2,2019,6,2,1.2246467991473532e-16,-1.0,0,0.4123294237623762,0,25.652169312169317,0,0.363333333333333,0.336666666666667,0.298,0.3775,0.162,0.3326666666666666,0.03284982665267737,0.35175,0.042243178278999545,0.06533333333333302,-0.014166666666666994,0.3493627549549549,0.2748259249999999,25.637539682539682,25.609954751131227,105.5418112743122,-0.0046585311086715,295.1248544439688,88.10622470093224,89.54297254970264
2019-06-01,chimborazo,Chimborazo,Papa Superchola,0.4675,21.3616666666667,1,1,1,0.3288558166666666,1.0,0.47017849898447395,7.0,26.041666666666668,23.875,3,3.0,25.801735226466146,23.75,62,104.88858111890404,-0.0061893021118459,0.0056402191304452,-0.0041148177822168,261.4060652865648,92.7,93.28674845493016,4,2019,6,2,1.2246467991473532e-16,-1.0,0,0.3288558166666666,0,26.041666666666668,0,0.414545454545455,0.367272727272727,0.3325,0.357272727272727,0.223076923076923,0.3714393939393939,0.041181124149611906,0.3776689976689977,0.033060892319210326,0.08204545454545498,0.057272727272727975,0.2864781211111111,0.21495045,26.0,25.666666666666668,105.5418112743122,-0.0046585311086715,295.1248544439688,88.10622470093224,89.54297254970264
2019-06-01,cotopaxi,Cotopaxi,Papa Superchola,0.461111111111111,21.1488888888889,1,1,1,0.3911422580645161,1.0,0.47017849898447395,7.0,26.23611111111111,23.375,3,3.0,25.801735226466146,23.75,62,104.88858111890404,-0.0061893021118459,0.0056402191304452,-0.0041148177822168,261.4060652865648,92.7,93.28674845493016,5,2019,6,2,1.2246467991473532e-16,-1.0,0,0.3911422580645161,0,26.23611111111111,0,0.391428571428571,0.39,0.36,0.392222222222222,0.231,0.38047619047619025,0.017747281098647334,0.3939417989417988,0.0283438791083624,0.03142857142857103,-0.0007936507936509574,0.3571484399999999,0.30423756,26.666666666666668,26.866666666666664,105.5418112743122,-0.0046585311086715,295.1248544439688,88.10622470093224,89.54297254970264
2019-06-01,pichincha,Pichincha,Papa Superchola,0.492222222222222,22.5922222222222,1,1,1,0.5408883872549018,1.0,0.47017849898447395,7.0,26.414378843359497,23.58774193548388,3,3.0,25.801735226466146,23.75,62,104.88858111890404,-0.0061893021118459,0.0056402191304452,-0.0041148177822168,261.4060652865648,92.7,93.28674845493016,6,2019,6,2,1.2246467991473532e-16,-1.0,0,0.5408883872549018,0,26.414378843359497,0,0.3975,0.373333333333333,0.3425,0.42375,0.205555555555556,0.37111111111111095,0.027567257819804757,0.4124305555555556,0.06373960518012879,0.05499999999999999,-0.026249999999999996,0.3875864193548387,0.3329894791666666,26.43771230338778,26.595616988599446,105.5418112743122,-0.0046585311086715,295.1248544439688,88.10622470093224,89.54297254970264
2019-06-01,tungurahua,Tungurahua,Papa Superchola,0.535,24.5275,1,1,1,0.4747806642857142,1.0,0.47017849898447395,7.0,26.0,23.0,3,3.0,25.801735226466146,23.75,62,104.88858111890404,-0.0061893021118459,0.0056402191304452,-0.0041148177822168,261.4060652865648,92.7,93.28674845493016,7,2019,6,2,1.2246467991473532e-16,-1.0,0,0.4747806642857142,0,26.0,0,0.466363636363636,0.434166666666667,0.4075,0.491818181818182,0.253846153846154,0.4360101010101009,0.029475084548163187,0.45567987567987567,0.03613468163049353,0.05886363636363601,-0.025454545454546007,0.3968315999999999,0.3282434222222222,25.866666666666664,25.74,105.5418112743122,-0.0046585311086715,295.1248544439688,88.10622470093224,89.54297254970264
2019-07-01,azuay,Azuay,Papa Superchola,0.642777777777778,35.83333333333335,2,1,1,0.42355677291916755,0.0,0.42355677291916755,7.0,26.6835,24.1325,3,3.0,25.733203963793564,23.64030303030304,63,105.43327776789651,0.0051930976964498,0.0093649802827711,0.0010569112634868,229.0259267118532,92.69350742726668,93.19658319319215,0,2019,7,3,-0.4999999999999997,-0.8660254037844388,1,0.42355677291916755,0,26.6835,0,0.652777777777778,0.578125,0.555625,0.608888888888889,0.44125000000000003,0.5955092592592593,0.05085592305699887,0.5888078703703704,0.03705240638861733,0.09715277777777798,0.04388888888888898,0.47017849898447395,0.3777408436544184,26.565833333333334,26.852500000000003,104.88858111890404,-0.0061893021118459,261.4060652865648,92.7,93.28674845493016
2019-07-01,carchi,Carchi,Papa Superchola,0.3875,17.875,1,1,1,0.378405731862745,1.0,0.42355677291916755,7.0,25.554021164021165,24.214285714285715,3,3.0,25.733203963793564,23.64030303030304,63,105.43327776789651,0.0051930976964498,0.0093649802827711,0.0010569112634868,229.0259267118532,92.69350742726668,93.19658319319215,2,2019,7,3,-0.4999999999999997,-0.8660254037844388,0,0.378405731862745,0,25.554021164021165,0,0.44,0.363333333333333,0.336666666666667,0.415,0.2375,0.37999999999999995,0.053644923131435165,0.3621666666666667,0.05549124055000028,0.103333333333333,0.025000000000000022,0.4123294237623762,0.3144923833333333,25.652169312169317,25.633650793650798,104.88858111890404,-0.0061893021118459,261.4060652865648,92.7,93.28674845493016
2019-07-01,chimborazo,Chimborazo,Papa Superchola,0.437142857142857,20.0471428571429,1,1,1,0.2939493333333333,1.0,0.42355677291916755,7.0,26.166666666666668,23.5,3,3.0,25.733203963793564,23.64030303030304,63,105.43327776789651,0.0051930976964498,0.0093649802827711,0.0010569112634868,229.0259267118532,92.69350742726668,93.19658319319215,4,2019,7,3,-0.4999999999999997,-0.8660254037844388,0,0.2939493333333333,0,26.166666666666668,0,0.4675,0.414545454545455,0.367272727272727,0.416923076923077,0.247692307692308,0.41643939393939394,0.05014047072383288,0.3960402097902098,0.0471035147937207,0.10022727272727305,0.05057692307692302,0.3288558166666666,0.2594102866666666,26.041666666666668,25.833333333333332,104.88858111890404,-0.0061893021118459,261.4060652865648,92.7,93.28674845493016
2019-07-01,cotopaxi,Cotopaxi,Papa Superchola,0.40375,18.58375,1,1,1,0.3300040562499999,1.0,0.42355677291916755,7.0,27.133333333333336,24.2,3,3.0,25.733203963793564,23.64030303030304,63,105.43327776789651,0.0051930976964498,0.0093649802827711,0.0010569112634868,229.0259267118532,92.69350742726668,93.19658319319215,5,2019,7,3,-0.4999999999999997,-0.8660254037844388,0,0.3300040562499999,0,27.133333333333336,0,0.461111111111111,0.391428571428571,0.39,0.44625,0.28125,0.414179894179894,0.0406499021655058,0.4054232804232803,0.03933113389083426,0.07111111111111101,0.014861111111111047,0.3911422580645161,0.3362045499999999,26.23611111111111,26.041666666666668,104.88858111890404,-0.0061893021118459,261.4060652865648,92.7,93.28674845493016
2019-07-01,pichincha,Pichincha,Papa Superchola,0.427777777777778,19.6288888888889,1,1,1,0.54082084375,1.0,0.42355677291916755,7.0,26.52429273942432,23.78078947368421,3,3.0,25.733203963793564,23.64030303030304,63,105.43327776789651,0.0051930976964498,0.0093649802827711,0.0010569112634868,229.0259267118532,92.69350742726668,93.19658319319215,6,2019,7,3,-0.4999999999999997,-0.8660254037844388,0,0.54082084375,0,26.52429273942432,0,0.492222222222222,0.3975,0.373333333333333,0.52875,0.275555555555556,0.4210185185185183,0.06283695179023224,0.42384259259259255,0.07179256097047772,0.11888888888888899,-0.03652777777777805,0.5408883872549018,0.3088764479166666,26.414378843359497,26.397863086629354,104.88858111890404,-0.0061893021118459,261.4060652865648,92.7,93.28674845493016
2019-07-01,tungurahua,Tungurahua,Papa Superchola,0.489285714285714,22.4292857142857,1,1,1,0.3968315999999999,1.0,0.42355677291916755,7.0,25.583333333333332,23.0,3,3.0,25.733203963793564,23.64030303030304,63,105.43327776789651,0.0051930976964498,0.0093649802827711,0.0010569112634868,229.0259267118532,92.69350742726668,93.19658319319215,7,2019,7,3,-0.4999999999999997,-0.8660254037844388,0,0.3968315999999999,0,25.583333333333332,0,0.535,0.466363636363636,0.434166666666667,0.499230769230769,0.294615384615385,0.4785101010101009,0.05150235655126381,0.4628768453768453,0.0473360386965049,0.10083333333333305,0.03576923076923105,0.4747806642857142,0.3834464071428571,26.0,25.895833333333332,104.88858111890404,-0.0061893021118459,261.4060652865648,92.7,93.28674845493016
2019-08-01,azuay,Azuay,Papa Superchola,0.643888888888889,35.94444444444445,2,1,1,0.41994327359747496,0.0,0.41994327359747496,7.0,25.75,24.25,3,3.0,25.71081295853017,23.87166666666667,61,105.2203754573183,-0.0020193084677392,-0.000284304512238,-0.0009645314341164,279.30522448364337,91.16784068602642,92.447899447287,0,2019,8,3,-0.8660254037844385,-0.5000000000000004,1,0.41994327359747496,0,25.75,0,0.642777777777778,0.652777777777778,0.578125,0.5818749999999999,0.507222222222222,0.6245601851851853,0.04052369451798276,0.5944560185185186,0.04285440054822548,0.064652777777778,0.06090277777777808,0.42355677291916755,0.394036066927613,26.6835,26.735833333333332,105.43327776789651,0.0051930976964498,229.0259267118532,92.69350742726668,93.19658319319215
2019-08-01,carchi,Carchi,Papa Superchola,0.3975,18.25,1,1,1,0.3811907148648648,1.0,0.41994327359747496,7.0,25.528650793650797,24.214285714285715,3,3.0,25.71081295853017,23.87166666666667,61,105.2203754573183,-0.0020193084677392,-0.000284304512238,-0.0009645314341164,279.30522448364337,91.16784068602642,92.447899447287,2,2019,8,3,-0.8660254037844385,-0.5000000000000004,0,0.3811907148648648,0,25.528650793650797,0,0.3875,0.44,0.363333333333333,0.32,0.29,0.3969444444444443,0.039196206354600326,0.3575833333333333,0.05122648512027739,0.024166666666667003,0.0675,0.378405731862745,0.3493627549549549,25.554021164021165,25.637539682539682,105.43327776789651,0.0051930976964498,229.0259267118532,92.69350742726668,93.19658319319215
2019-08-01,chimborazo,Chimborazo,Papa Superchola,0.43,19.8333333333333,1,1,1,0.2866006,1.0,0.41994327359747496,7.0,25.833333333333332,23.3,3,3.0,25.71081295853017,23.87166666666667,61,105.2203754573183,-0.0020193084677392,-0.000284304512238,-0.0009645314341164,279.30522448364337,91.16784068602642,92.447899447287,4,2019,8,3,-0.8660254037844385,-0.5000000000000004,0,0.2866006,0,25.833333333333332,0,0.437142857142857,0.4675,0.414545454545455,0.3775,0.307692307692308,0.4397294372294373,0.026571860463324576,0.3994101731601732,0.049555825269344524,0.022597402597402005,0.059642857142857,0.2939493333333333,0.2864781211111111,26.166666666666668,26.0,105.43327776789651,0.0051930976964498,229.0259267118532,92.69350742726668,93.19658319319215
2019-08-01,cotopaxi,Cotopaxi,Papa Superchola,0.444444444444444,20.3511111111111,1,1,1,0.3527392,1.0,0.41994327359747496,7.0,26.0,23.3,3,3.0,25.71081295853017,23.87166666666667,61,105.2203754573183,-0.0020193084677392,-0.000284304512238,-0.0009645314341164,279.30522448364337,91.16784068602642,92.447899447287,5,2019,8,3,-0.8660254037844385,-0.5000000000000004,0,0.3527392,0,26.0,0,0.40375,0.461111111111111,0.391428571428571,0.38375,0.34,0.4187632275132273,0.03718819482611362,0.39833994708994697,0.03396947934545316,0.012321428571428983,0.020000000000000018,0.3300040562499999,0.3571484399999999,27.133333333333336,26.666666666666668,105.43327776789651,0.0051930976964498,229.0259267118532,92.69350742726668,93.19658319319215
2019-08-01,pichincha,Pichincha,Papa Superchola,0.443333333333333,20.4077777777778,1,1,1,0.4954827777777777,1.0,0.41994327359747496,7.0,26.501667121667122,23.891818181818184,3,3.0,25.71081295853017,23.87166666666667,61,105.2203754573183,-0.0020193084677392,-0.000284304512238,-0.0009645314341164,279.30522448364337,91.16784068602642,92.447899447287,6,2019,8,3,-0.8660254037844385,-0.5000000000000004,0,0.4954827777777777,0,26.501667121667122,0,0.427777777777778,0.492222222222222,0.3975,0.40875,0.3325,0.43916666666666665,0.048377215073539585,0.40701388888888884,0.05114987584914446,0.03027777777777796,0.019027777777777977,0.54082084375,0.3875864193548387,26.52429273942432,26.43771230338778,105.43327776789651,0.0051930976964498,229.0259267118532,92.69350742726668,93.19658319319215
2019-08-01,tungurahua,Tungurahua,Papa Superchola,0.483333333333333,22.2225,1,1,1,0.4122639399999999,1.0,0.41994327359747496,7.0,25.125,22.375,3,3.0,25.71081295853017,23.87166666666667,61,105.2203754573183,-0.0020193084677392,-0.000284304512238,-0.0009645314341164,279.30522448364337,91.16784068602642,92.447899447287,7,2019,8,3,-0.8660254037844385,-0.5000000000000004,0,0.4122639399999999,0,25.125,0,0.489285714285714,0.535,0.466363636363636,0.435,0.355384615384615,0.4968831168831165,0.03494321104271824,0.4612193362193362,0.045962679110797315,0.02292207792207801,0.05428571428571399,0.3968315999999999,0.3968315999999999,25.583333333333332,25.866666666666664,105.43327776789651,0.0051930976964498,229.0259267118532,92.69350742726668,93.19658319319215
2019-09-01,azuay,Azuay,Papa Superchola,0.6891666666666665,38.14583333333335,2,1,1,0.48902127806498275,0.0,0.48902127806498275,7.0,26.733500000000003,24.3825,3,3.0,25.887690948562813,23.90625,64,105.20432183319258,-0.0001525714392858,-0.0035273665129054,-0.001116955713453,268.3937523002859,91.68066500848649,93.654518292222,0,2019,9,3,-1.0,-1.8369701987210297e-16,1,0.48902127806498275,0,26.733500000000003,0,0.643888888888889,0.642777777777778,0.652777777777778,0.5555555555555555,0.518888888888889,0.6464814814814815,0.005480980958123663,0.6047916666666667,0.04653358172755535,-0.008888888888889057,0.08833333333333349,0.41994327359747496,0.47017849898447395,25.75,26.565833333333334,105.2203754573183,-0.0020193084677392,279.30522448364337,91.16784068602642,92.447899447287
2019-09-01,carchi,Carchi,Papa Superchola,0.476666666666667,21.78,1,1,1,0.4628490670329669,1.0,0.48902127806498275,7.0,25.52626984126984,24.20714285714286,3,3.0,25.887690948562813,23.90625,64,105.20432183319258,-0.0001525714392858,-0.0035273665129054,-0.001116955713453,268.3937523002859,91.68066500848649,93.654518292222,2,2019,9,3,-1.0,-1.8369701987210297e-16,0,0.4628490670329669,0,25.52626984126984,0,0.3975,0.3875,0.44,0.298,0.34,0.40833333333333327,0.02787621447279264,0.3705,0.04959950716601246,-0.04249999999999998,0.09950000000000003,0.3811907148648648,0.4123294237623762,25.528650793650797,25.652169312169317,105.2203754573183,-0.0020193084677392,279.30522448364337,91.16784068602642,92.447899447287
2019-09-01,chimborazo,Chimborazo,Papa Superchola,0.504615384615385,23.1023076923077,1,1,1,0.322846047457627,1.0,0.48902127806498275,7.0,25.333333333333332,23.0,3,3.0,25.887690948562813,23.90625,64,105.20432183319258,-0.0001525714392858,-0.0035273665129054,-0.001116955713453,268.3937523002859,91.68066500848649,93.654518292222,4,2019,9,3,-1.0,-1.8369701987210297e-16,0,0.322846047457627,0,25.333333333333332,0,0.43,0.437142857142857,0.4675,0.3325,0.381666666666667,0.44488095238095227,0.01991158176627805,0.40816017316017317,0.049548372140385794,-0.03750000000000003,0.09749999999999998,0.2866006,0.3288558166666666,25.833333333333332,26.041666666666668,105.2203754573183,-0.0020193084677392,279.30522448364337,91.16784068602642,92.447899447287
2019-09-01,cotopaxi,Cotopaxi,Papa Superchola,0.53375,24.43625,1,1,1,0.4232870399999999,1.0,0.48902127806498275,7.0,25.666666666666668,22.875,3,3.0,25.887690948562813,23.90625,64,105.20432183319258,-0.0001525714392858,-0.0035273665129054,-0.001116955713453,268.3937523002859,91.68066500848649,93.654518292222,5,2019,9,3,-1.0,-1.8369701987210297e-16,0,0.4232870399999999,0,25.666666666666668,0,0.444444444444444,0.40375,0.461111111111111,0.36,0.348888888888889,0.4364351851851849,0.02950737945644568,0.4084556878306877,0.03759898001495756,-0.01666666666666705,0.08444444444444399,0.3527392,0.3911422580645161,26.0,26.23611111111111,105.2203754573183,-0.0020193084677392,279.30522448364337,91.16784068602642,92.447899447287
2019-09-01,pichincha,Pichincha,Papa Superchola,0.54125,24.8125,1,1,1,0.6166046562499999,1.0,0.48902127806498275,7.0,26.363063126566413,23.587894736842102,3,3.0,25.887690948562813,23.90625,64,105.20432183319258,-0.0001525714392858,-0.0035273665129054,-0.001116955713453,268.3937523002859,91.68066500848649,93.654518292222,6,2019,9,3,-1.0,-1.8369701987210297e-16,0,0.6166046562499999,0,26.363063126566413,0,0.443333333333333,0.427777777777778,0.492222222222222,0.3425,0.348888888888889,0.45444444444444426,0.03362832433426884,0.4127777777777777,0.053288464922789165,-0.04888888888888898,0.100833333333333,0.4954827777777777,0.5408883872549018,26.501667121667122,26.414378843359497,105.2203754573183,-0.0020193084677392,279.30522448364337,91.16784068602642,92.447899447287
2019-09-01,tungurahua,Tungurahua,Papa Superchola,0.564615384615385,25.8461538461538,1,1,1,0.5102120571428571,1.0,0.48902127806498275,7.0,25.333333333333332,22.7,3,3.0,25.887690948562813,23.90625,64,105.20432183319258,-0.0001525714392858,-0.0035273665129054,-0.001116955713453,268.3937523002859,91.68066500848649,93.654518292222,7,2019,9,3,-1.0,-1.8369701987210297e-16,0,0.5102120571428571,0,25.333333333333332,0,0.483333333333333,0.489285714285714,0.535,0.4075,0.39,0.5025396825396823,0.028268566765382787,0.4692748917748917,0.04466556342403846,-0.05166666666666703,0.07583333333333303,0.4122639399999999,0.4747806642857142,25.125,26.0,105.2203754573183,-0.0020193084677392,279.30522448364337,91.16784068602642,92.447899447287
2019-10-01,azuay,Azuay,Papa Superchola,0.7329464285714284,40.54464285714285,2,1,1,0.5270649742955117,0.0,0.5270649742955117,7.0,27.05,25.5,3,3.0,25.796194465626797,24.0525,64,106.29587993373224,0.0103756013205462,0.00500566834594,0.0092470565199178,222.46704860374305,95.0721243139318,94.1923456929418,0,2019,10,4,-0.8660254037844386,0.5000000000000001,1,0.5270649742955117,0,27.05,0,0.6891666666666665,0.643888888888889,0.642777777777778,0.555625,0.4833333333333335,0.658611111111111,0.02646771851627403,0.6270601851851852,0.050092904941861825,0.04638888888888848,0.13354166666666645,0.48902127806498275,0.42355677291916755,26.733500000000003,26.6835,105.20432183319258,-0.0001525714392858,268.3937523002859,91.68066500848649,93.654518292222
2019-10-01,carchi,Carchi,Papa Superchola,0.515,23.5,1,1,1,0.4836584818840579,1.0,0.5270649742955117,7.0,25.50097201273672,24.184615384615384,3,3.0,25.796194465626797,24.0525,64,106.29587993373224,0.0103756013205462,0.00500566834594,0.0092470565199178,222.46704860374305,95.0721243139318,94.1923456929418,2,2019,10,4,-0.8660254037844386,0.5000000000000001,0,0.4836584818840579,0,25.50097201273672,0,0.476666666666667,0.3975,0.3875,0.336666666666667,0.3575,0.4205555555555556,0.04885020565557945,0.4002777777777779,0.05098111487672928,0.089166666666667,0.14,0.4628490670329669,0.378405731862745,25.52626984126984,25.554021164021165,105.20432183319258,-0.0001525714392858,268.3937523002859,91.68066500848649,93.654518292222
2019-10-01,chimborazo,Chimborazo,Papa Superchola,0.533636363636364,24.3927272727273,1,1,1,0.3490648333333332,1.0,0.5270649742955117,7.0,25.333333333333332,23.0,3,3.0,25.796194465626797,24.0525,64,106.29587993373224,0.0103756013205462,0.00500566834594,0.0092470565199178,222.46704860374305,95.0721243139318,94.1923456929418,4,2019,10,4,-0.8660254037844386,0.5000000000000001,0,0.3490648333333332,0,25.333333333333332,0,0.504615384615385,0.43,0.437142857142857,0.367272727272727,0.361538461538462,0.4572527472527473,0.04117243817773186,0.43684607059607067,0.04672701071721987,0.06747252747252802,0.13734265734265805,0.322846047457627,0.2939493333333333,25.333333333333332,26.166666666666668,105.20432183319258,-0.0001525714392858,268.3937523002859,91.68066500848649,93.654518292222
2019-10-01,cotopaxi,Cotopaxi,Papa Superchola,0.61,27.9733333333333,1,1,1,0.42879859,1.0,0.5270649742955117,7.0,25.541666666666668,22.875,3,3.0,25.796194465626797,24.0525,64,106.29587993373224,0.0103756013205462,0.00500566834594,0.0092470565199178,222.46704860374305,95.0721243139318,94.1923456929418,5,2019,10,4,-0.8660254037844386,0.5000000000000001,0,0.42879859,0,25.541666666666668,0,0.53375,0.444444444444444,0.40375,0.39,0.36875,0.4606481481481479,0.0664975188280579,0.437414021164021,0.05547543069322696,0.12999999999999995,0.14374999999999993,0.4232870399999999,0.3300040562499999,25.666666666666668,27.133333333333336,105.20432183319258,-0.0001525714392858,268.3937523002859,91.68066500848649,93.654518292222
2019-10-01,pichincha,Pichincha,Papa Superchola,0.61,27.9622222222222,1,1,1,0.6401435677083332,1.0,0.5270649742955117,7.0,26.22729761904762,23.76875,3,3.0,25.796194465626797,24.0525,64,106.29587993373224,0.0103756013205462,0.00500566834594,0.0092470565199178,222.46704860374305,95.0721243139318,94.1923456929418,6,2019,10,4,-0.8660254037844386,0.5000000000000001,0,0.6401435677083332,0,26.22729761904762,0,0.54125,0.443333333333333,0.427777777777778,0.373333333333333,0.393333333333333,0.4707870370370369,0.06151638553507791,0.4459027777777777,0.061936830000364075,0.11347222222222203,0.167916666666667,0.6166046562499999,0.54082084375,26.363063126566413,26.52429273942432,105.20432183319258,-0.0001525714392858,268.3937523002859,91.68066500848649,93.654518292222
2019-10-01,tungurahua,Tungurahua,Papa Superchola,0.625833333333333,28.6658333333333,1,1,1,0.52249494,1.0,0.5270649742955117,7.0,25.416666666666668,22.625,3,3.0,25.796194465626797,24.0525,64,106.29587993373224,0.0103756013205462,0.00500566834594,0.0092470565199178,222.46704860374305,95.0721243139318,94.1923456929418,7,2019,10,4,-0.8660254037844386,0.5000000000000001,0,0.52249494,0,25.416666666666668,0,0.564615384615385,0.483333333333333,0.489285714285714,0.434166666666667,0.413846153846154,0.5124114774114772,0.04530776594874331,0.4954607892107892,0.04719010013564802,0.07532967032967097,0.13044871794871798,0.5102120571428571,0.3968315999999999,25.333333333333332,25.583333333333332,105.20432183319258,-0.0001525714392858,268.3937523002859,91.68066500848649,93.654518292222
2019-11-01,azuay,Azuay,Papa Superchola,0.6027777777777775,33.6111111111111,2,1,1,0.39677352047245357,0.0,0.39677352047245357,7.0,26.647222222222222,24.625,3,3.0,25.72090018389204,24.0,63,105.14871003533604,-0.0107922329549496,-0.0043594665898406,-0.0016449728231424,381.9814930290031,88.05678357949337,93.07144350287896,0,2019,11,4,-0.5000000000000004,0.8660254037844384,1,0.39677352047245357,0,26.647222222222222,0,0.7329464285714284,0.6891666666666665,0.643888888888889,0.578125,0.5635714285714291,0.688667328042328,0.044530869606072374,0.6566137566137566,0.05179753851000841,0.08905753968253949,0.15482142857142844,0.5270649742955117,0.41994327359747496,27.05,25.75,106.29587993373224,0.0103756013205462,222.46704860374305,95.0721243139318,94.1923456929418
2019-11-01,carchi,Carchi,Papa Superchola,0.4025,18.5825,1,1,1,0.3830527249999999,1.0,0.39677352047245357,7.0,25.519242550821502,24.20714285714286,3,3.0,25.72090018389204,24.0,63,105.14871003533604,-0.0107922329549496,-0.0043594665898406,-0.0016449728231424,381.9814930290031,88.05678357949337,93.07144350287896,2,2019,11,4,-0.5000000000000004,0.8660254037844384,0,0.3830527249999999,0,25.519242550821502,0,0.515,0.476666666666667,0.3975,0.363333333333333,0.385,0.4630555555555556,0.05992085829875135,0.43,0.05798227698568433,0.1175,0.151666666666667,0.4836584818840579,0.3811907148648648,25.50097201273672,25.528650793650797,106.29587993373224,0.0103756013205462,222.46704860374305,95.0721243139318,94.1923456929418
2019-11-01,chimborazo,Chimborazo,Papa Superchola,0.35,16.0609090909091,1,1,1,0.2443453833333333,1.0,0.39677352047245357,7.0,25.333333333333332,23.0,3,3.0,25.72090018389204,24.0,63,105.14871003533604,-0.0107922329549496,-0.0043594665898406,-0.0016449728231424,381.9814930290031,88.05678357949337,93.07144350287896,4,2019,11,4,-0.5000000000000004,0.8660254037844384,0,0.2443453833333333,0,25.333333333333332,0,0.533636363636364,0.504615384615385,0.43,0.414545454545455,0.4,0.4894172494172497,0.05346364607906524,0.4645733433233435,0.04654496419832837,0.10363636363636403,0.11909090909090903,0.3490648333333332,0.2866006,25.333333333333332,25.833333333333332,106.29587993373224,0.0103756013205462,222.46704860374305,95.0721243139318,94.1923456929418
2019-11-01,cotopaxi,Cotopaxi,Papa Superchola,0.46125,21.16625,1,1,1,0.3868752516129031,1.0,0.39677352047245357,7.0,26.083333333333332,23.875,3,3.0,25.72090018389204,24.0,63,105.14871003533604,-0.0107922329549496,-0.0043594665898406,-0.0016449728231424,381.9814930290031,88.05678357949337,93.07144350287896,5,2019,11,4,-0.5000000000000004,0.8660254037844384,0,0.3868752516129031,0,26.083333333333332,0,0.61,0.53375,0.444444444444444,0.391428571428571,0.4125,0.5293981481481479,0.08286352909894916,0.47408068783068763,0.08349704315023272,0.165555555555556,0.21857142857142897,0.42879859,0.3527392,25.541666666666668,26.0,106.29587993373224,0.0103756013205462,222.46704860374305,95.0721243139318,94.1923456929418
2019-11-01,pichincha,Pichincha,Papa Superchola,0.463333333333333,21.2766666666667,1,1,1,0.4782243888888888,1.0,0.39677352047245357,7.0,26.520215964590964,23.826875,3,3.0,25.72090018389204,24.0,63,105.14871003533604,-0.0107922329549496,-0.0043594665898406,-0.0016449728231424,381.9814930290031,88.05678357949337,93.07144350287896,6,2019,11,4,-0.5000000000000004,0.8660254037844384,0,0.4782243888888888,0,26.520215964590964,0,0.61,0.54125,0.443333333333333,0.3975,0.44125,0.5315277777777776,0.08375760053958171,0.48534722222222215,0.07938166468569278,0.16666666666666696,0.21249999999999997,0.6401435677083332,0.4954827777777777,26.22729761904762,26.501667121667122,106.29587993373224,0.0103756013205462,222.46704860374305,95.0721243139318,94.1923456929418
2019-11-01,tungurahua,Tungurahua,Papa Superchola,0.509090909090909,23.3627272727273,1,1,1,0.41446856,1.0,0.39677352047245357,7.0,25.229166666666668,23.125,3,3.0,25.72090018389204,24.0,63,105.14871003533604,-0.0107922329549496,-0.0043594665898406,-0.0016449728231424,381.9814930290031,88.05678357949337,93.07144350287896,7,2019,11,4,-0.5000000000000004,0.8660254037844384,0,0.41446856,0,25.229166666666668,0,0.625833333333333,0.564615384615385,0.483333333333333,0.466363636363636,0.478333333333333,0.5579273504273502,0.07148503235625722,0.5274052336552336,0.060418330614819146,0.14250000000000002,0.15946969696969704,0.52249494,0.4122639399999999,25.416666666666668,25.125,106.29587993373224,0.0103756013205462,222.46704860374305,95.0721243139318,94.1923456929418
2019-12-01,azuay,Azuay,Papa Superchola,0.5508333333333335,30.58333333333335,2,1,1,0.3394155945386904,0.0,0.3394155945386904,7.0,27.066666666666666,25.5,3,3.0,25.727443296643486,23.8125,63,104.66369746374616,-0.0046126345385204,-0.0062500197032039,-0.0062500197032039,520.060189173586,89.98418532777934,91.9598148337314,0,2019,12,4,-2.4492935982947064e-16,1.0,1,0.3394155945386904,0,27.066666666666666,0,0.6027777777777775,0.7329464285714284,0.6891666666666665,0.652777777777778,0.5366666666666664,0.674963624338624,0.06623642669172994,0.6607225529100529,0.0448362787013078,-0.08638888888888896,-0.05000000000000049,0.39677352047245357,0.48902127806498275,26.647222222222222,26.733500000000003,105.14871003533604,-0.0107922329549496,381.9814930290031,88.05678357949337,93.07144350287896
2019-12-01,carchi,Carchi,Papa Superchola,0.32,14.665,1,1,1,0.3092783317708333,1.0,0.3394155945386904,7.0,25.51739069896965,24.20714285714286,3,3.0,25.727443296643486,23.8125,63,104.66369746374616,-0.0046126345385204,-0.0062500197032039,-0.0062500197032039,520.060189173586,89.98418532777934,91.9598148337314,2,2019,12,4,-2.4492935982947064e-16,1.0,0,0.3092783317708333,0,25.51739069896965,0,0.4025,0.515,0.476666666666667,0.44,0.3775,0.46472222222222226,0.05719322350431554,0.43652777777777785,0.050726435872200354,-0.07416666666666699,-0.03749999999999998,0.3830527249999999,0.4628490670329669,25.519242550821502,25.52626984126984,105.14871003533604,-0.0107922329549496,381.9814930290031,88.05678357949337,93.07144350287896
2019-12-01,chimborazo,Chimborazo,Papa Superchola,0.332,15.301,1,1,1,0.1984157999999999,1.0,0.3394155945386904,7.0,25.666666666666668,23.5,3,3.0,25.727443296643486,23.8125,63,104.66369746374616,-0.0046126345385204,-0.0062500197032039,-0.0062500197032039,520.060189173586,89.98418532777934,91.9598148337314,4,2019,12,4,-2.4492935982947064e-16,1.0,0,0.1984157999999999,0,25.666666666666668,0,0.35,0.533636363636364,0.504615384615385,0.4675,0.357272727272727,0.46275058275058295,0.09871714511056766,0.45381576756576764,0.06443923833931384,-0.15461538461538504,-0.11750000000000005,0.2443453833333333,0.322846047457627,25.333333333333332,25.333333333333332,105.14871003533604,-0.0107922329549496,381.9814930290031,88.05678357949337,93.07144350287896
2019-12-01,cotopaxi,Cotopaxi,Papa Superchola,0.355,16.40875,1,1,1,0.2788844299999999,1.0,0.3394155945386904,7.0,25.833333333333332,23.125,3,3.0,25.727443296643486,23.8125,63,104.66369746374616,-0.0046126345385204,-0.0062500197032039,-0.0062500197032039,520.060189173586,89.98418532777934,91.9598148337314,5,2019,12,4,-2.4492935982947064e-16,1.0,0,0.2788844299999999,0,25.833333333333332,0,0.46125,0.61,0.53375,0.461111111111111,0.392222222222222,0.5349999999999999,0.07438287773405815,0.48571759259259245,0.07399936481348032,-0.07249999999999995,0.0001388888888889661,0.3868752516129031,0.4232870399999999,26.083333333333332,25.666666666666668,105.14871003533604,-0.0107922329549496,381.9814930290031,88.05678357949337,93.07144350287896
2019-12-01,pichincha,Pichincha,Papa Superchola,0.392857142857143,18.0485714285714,1,1,1,0.4025101666666666,1.0,0.3394155945386904,7.0,26.203571428571426,23.66571428571428,3,3.0,25.727443296643486,23.8125,63,104.66369746374616,-0.0046126345385204,-0.0062500197032039,-0.0062500197032039,520.060189173586,89.98418532777934,91.9598148337314,6,2019,12,4,-2.4492935982947064e-16,1.0,0,0.4025101666666666,0,26.203571428571426,0,0.463333333333333,0.61,0.54125,0.492222222222222,0.42375,0.5381944444444442,0.07338106085763947,0.4963194444444443,0.06863291095421749,-0.07791666666666702,-0.02888888888888902,0.4782243888888888,0.6166046562499999,26.520215964590964,26.363063126566413,105.14871003533604,-0.0107922329549496,381.9814930290031,88.05678357949337,93.07144350287896
2019-12-01,tungurahua,Tungurahua,Papa Superchola,0.439,20.067,1,1,1,0.3968315999999999,1.0,0.3394155945386904,7.0,25.166666666666668,22.75,3,3.0,25.727443296643486,23.8125,63,104.66369746374616,-0.0046126345385204,-0.0062500197032039,-0.0062500197032039,520.060189173586,89.98418532777934,91.9598148337314,7,2019,12,4,-2.4492935982947064e-16,1.0,0,0.3968315999999999,0,25.166666666666668,0,0.509090909090909,0.625833333333333,0.564615384615385,0.535,0.491818181818182,0.5665132090132089,0.05839434653785556,0.5345264457764457,0.053957281776038354,-0.055524475524475925,-0.025909090909090993,0.41446856,0.5102120571428571,25.229166666666668,25.333333333333332,105.14871003533604,-0.0107922329549496,381.9814930290031,88.05678357949337,93.07144350287896
2020-01-01,azuay,Azuay,Papa Superchola,0.52,28.6875,2,1,1,0.2896406472000481,0.0,0.2896406472000481,7.0,26.844444444444445,25.5,3,3.0,25.533039432095876,23.989166666666662,55,105.75208911946228,0.0103989413912413,-0.0072887699415224,0.0103989413912413,418.72134019438806,88.74053989230713,93.66584494916692,0,2020,1,1,0.49999999999999994,0.8660254037844387,1,0.2896406472000481,0,26.844444444444445,0,0.5508333333333335,0.6027777777777775,0.7329464285714284,0.642777777777778,0.608888888888889,0.6288525132275131,0.09381478420739492,0.6437318121693122,0.0637681251734287,-0.18211309523809494,-0.0919444444444445,0.3394155945386904,0.5270649742955117,27.066666666666666,27.05,104.66369746374616,-0.0046126345385204,520.060189173586,89.98418532777934,91.9598148337314
2020-01-01,carchi,Carchi,Papa Superchola,0.276,12.732,1,1,1,0.2726022384955752,1.0,0.2896406472000481,7.0,25.513686995265946,24.20714285714286,3,3.0,25.533039432095876,23.989166666666662,55,105.75208911946228,0.0103989413912413,-0.0072887699415224,0.0103989413912413,418.72134019438806,88.74053989230713,93.66584494916692,2,2020,1,1,0.49999999999999994,0.8660254037844387,0,0.2726022384955752,0,25.513686995265946,0,0.32,0.4025,0.515,0.3875,0.415,0.4124999999999999,0.09788385975225841,0.41652777777777783,0.06932895953084693,-0.195,-0.0675,0.3092783317708333,0.4836584818840579,25.51739069896965,25.50097201273672,104.66369746374616,-0.0046126345385204,520.060189173586,89.98418532777934,91.9598148337314
2020-01-01,chimborazo,Chimborazo,Papa Superchola,0.291538461538462,13.4092307692308,1,1,1,0.2155628444444444,1.0,0.2896406472000481,7.0,26.0,24.0,3,3.0,25.533039432095876,23.989166666666662,55,105.75208911946228,0.0103989413912413,-0.0072887699415224,0.0103989413912413,418.72134019438806,88.74053989230713,93.66584494916692,4,2020,1,1,0.49999999999999994,0.8660254037844387,0,0.2155628444444444,0,26.0,0,0.332,0.35,0.533636363636364,0.437142857142857,0.416923076923077,0.4052121212121213,0.11158220974546214,0.43123243423243435,0.08044110706897435,-0.201636363636364,-0.10514285714285698,0.1984157999999999,0.3490648333333332,25.666666666666668,25.333333333333332,104.66369746374616,-0.0046126345385204,520.060189173586,89.98418532777934,91.9598148337314
2020-01-01,cotopaxi,Cotopaxi,Papa Superchola,0.301111111111111,13.9344444444444,1,1,1,0.2347920299999999,1.0,0.2896406472000481,7.0,25.8,22.9,3,3.0,25.533039432095876,23.989166666666662,55,105.75208911946228,0.0103989413912413,-0.0072887699415224,0.0103989413912413,418.72134019438806,88.74053989230713,93.66584494916692,5,2020,1,1,0.49999999999999994,0.8660254037844387,0,0.2347920299999999,0,25.8,0,0.355,0.46125,0.61,0.40375,0.44625,0.4754166666666666,0.12808891768351072,0.4680324074074073,0.0916346499923381,-0.255,-0.048750000000000016,0.2788844299999999,0.42879859,25.833333333333332,25.541666666666668,104.66369746374616,-0.0046126345385204,520.060189173586,89.98418532777934,91.9598148337314
2020-01-01,pichincha,Pichincha,Papa Superchola,0.3425,15.75,1,1,1,0.3512917222222222,1.0,0.2896406472000481,7.0,26.21994429590018,23.60176470588236,3,3.0,25.533039432095876,23.989166666666662,55,105.75208911946228,0.0103989413912413,-0.0072887699415224,0.0103989413912413,418.72134019438806,88.74053989230713,93.66584494916692,6,2020,1,1,0.49999999999999994,0.8660254037844387,0,0.3512917222222222,0,26.21994429590018,0,0.392857142857143,0.463333333333333,0.61,0.427777777777778,0.52875,0.4887301587301586,0.11077682138975818,0.4797585978835978,0.0807396719304454,-0.21714285714285697,-0.03492063492063496,0.4025101666666666,0.6401435677083332,26.203571428571426,26.22729761904762,104.66369746374616,-0.0046126345385204,520.060189173586,89.98418532777934,91.9598148337314
2020-01-01,tungurahua,Tungurahua,Papa Superchola,0.398461538461539,18.3061538461538,1,1,1,0.3401413714285713,1.0,0.2896406472000481,7.0,25.291666666666668,23.0,3,3.0,25.533039432095876,23.989166666666662,55,105.75208911946228,0.0103989413912413,-0.0072887699415224,0.0103989413912413,418.72134019438806,88.74053989230713,93.66584494916692,7,2020,1,1,0.49999999999999994,0.8660254037844387,0,0.3401413714285713,0,25.291666666666668,0,0.439,0.509090909090909,0.625833333333333,0.489285714285714,0.499230769230769,0.5246414141414139,0.09438239913567209,0.5185264457764457,0.06655226348122446,-0.18683333333333302,-0.05028571428571399,0.3968315999999999,0.52249494,25.166666666666668,25.416666666666668,104.66369746374616,-0.0046126345385204,520.060189173586,89.98418532777934,91.9598148337314
2020-02-01,azuay,Azuay,Papa Superchola,0.488611111111111,27.2638888888889,2,1,1,0.2421844922090357,0.0,0.2421844922090357,7.0,26.444444444444446,25.25,3,3.0,25.478684624238763,24.075000000000003,61,105.23120670754528,-0.0049255046992838,-0.0106597238012291,0.0054222166572672,459.6352801583994,89.30107906197435,97.15054598513125,0,2020,2,1,0.8660254037844386,0.5000000000000001,1,0.2421844922090357,0,26.444444444444446,0,0.52,0.5508333333333335,0.6027777777777775,0.643888888888889,0.5818749999999999,0.5578703703703703,0.04183515317471902,0.6232688492063492,0.08139793975575856,-0.0827777777777775,-0.12388888888888894,0.2896406472000481,0.39677352047245357,26.844444444444445,26.647222222222222,105.75208911946228,0.0103989413912413,418.72134019438806,88.74053989230713,93.66584494916692
2020-02-01,carchi,Carchi,Papa Superchola,0.24,11.1225,1,1,1,0.2331625282608695,1.0,0.2421844922090357,7.0,25.462183235867446,24.300000000000004,3,3.0,25.478684624238763,24.075000000000003,61,105.23120670754528,-0.0049255046992838,-0.0106597238012291,0.0054222166572672,459.6352801583994,89.30107906197435,97.15054598513125,2,2020,2,1,0.8660254037844386,0.5000000000000001,0,0.2331625282608695,0,25.462183235867446,0,0.276,0.32,0.4025,0.3975,0.32,0.33283333333333326,0.06421902625650094,0.3979444444444445,0.09040567009422246,-0.1265,-0.1215,0.2726022384955752,0.3830527249999999,25.513686995265946,25.519242550821502,105.75208911946228,0.0103989413912413,418.72134019438806,88.74053989230713,93.66584494916692
2020-02-01,chimborazo,Chimborazo,Papa Superchola,0.285454545454545,13.1518181818182,1,1,1,0.1819730091666666,1.0,0.2421844922090357,7.0,26.0,24.0,3,3.0,25.478684624238763,24.075000000000003,61,105.23120670754528,-0.0049255046992838,-0.0106597238012291,0.0054222166572672,459.6352801583994,89.30107906197435,97.15054598513125,4,2020,2,1,0.8660254037844386,0.5000000000000001,0,0.1819730091666666,0,26.0,0,0.291538461538462,0.332,0.35,0.43,0.3775,0.3245128205128206,0.02994129693796257,0.40696503496503517,0.09828518854561472,-0.058461538461537954,-0.13846153846153797,0.2155628444444444,0.2443453833333333,26.0,25.333333333333332,105.75208911946228,0.0103989413912413,418.72134019438806,88.74053989230713,93.66584494916692
2020-02-01,cotopaxi,Cotopaxi,Papa Superchola,0.246666666666667,11.4077777777778,1,1,1,0.2296479166666666,1.0,0.2421844922090357,7.0,25.833333333333332,23.125,3,3.0,25.478684624238763,24.075000000000003,61,105.23120670754528,-0.0049255046992838,-0.0106597238012291,0.0054222166572672,459.6352801583994,89.30107906197435,97.15054598513125,5,2020,2,1,0.8660254037844386,0.5000000000000001,0,0.2296479166666666,0,25.833333333333332,0,0.301111111111111,0.355,0.46125,0.444444444444444,0.38375,0.3724537037037036,0.08148367789548,0.4509259259259258,0.11310105781926004,-0.160138888888889,-0.14333333333333298,0.2347920299999999,0.3868752516129031,25.8,26.083333333333332,105.75208911946228,0.0103989413912413,418.72134019438806,88.74053989230713,93.66584494916692
2020-02-01,pichincha,Pichincha,Papa Superchola,0.31,14.29125,1,1,1,0.2836151770833333,1.0,0.2421844922090357,7.0,26.825457875457875,24.284615384615385,3,3.0,25.478684624238763,24.075000000000003,61,105.23120670754528,-0.0049255046992838,-0.0106597238012291,0.0054222166572672,459.6352801583994,89.30107906197435,97.15054598513125,6,2020,2,1,0.8660254037844386,0.5000000000000001,0,0.2836151770833333,0,26.825457875457875,0,0.3425,0.392857142857143,0.463333333333333,0.443333333333333,0.40875,0.3995634920634919,0.060695180623086716,0.46554563492063483,0.09748880987493697,-0.12083333333333296,-0.100833333333333,0.3512917222222222,0.4782243888888888,26.21994429590018,26.520215964590964,105.75208911946228,0.0103989413912413,418.72134019438806,88.74053989230713,93.66584494916692
2020-02-01,tungurahua,Tungurahua,Papa Superchola,0.338181818181818,15.6045454545455,1,1,1,0.2645543999999999,1.0,0.2421844922090357,7.0,25.25,22.875,3,3.0,25.478684624238763,24.075000000000003,61,105.23120670754528,-0.0049255046992838,-0.0106597238012291,0.0054222166572672,459.6352801583994,89.30107906197435,97.15054598513125,7,2020,2,1,0.8660254037844386,0.5000000000000001,0,0.2645543999999999,0,25.25,0,0.398461538461539,0.439,0.509090909090909,0.483333333333333,0.435,0.4488508158508158,0.055968681788635434,0.5033890831390833,0.08286343219672429,-0.11062937062937006,-0.08487179487179403,0.3401413714285713,0.41446856,25.291666666666668,25.229166666666668,105.75208911946228,0.0103989413912413,418.72134019438806,88.74053989230713,93.66584494916692
2020-03-01,azuay,Azuay,Papa Superchola,0.514732142857143,28.11607142857145,2,1,1,0.2721715652045738,0.0,0.2721715652045738,7.0,26.5,26.5,2,2.0,25.320876300381045,23.758333333333333,62,106.34559024229866,0.010589857986238,0.0034670253944952,0.0160694951478763,400.6289700978381,96.61422177486232,99.24394012005274,0,2020,3,1,1.0,6.123233995736766e-17,1,0.2721715652045738,0,26.5,0,0.488611111111111,0.52,0.5508333333333335,0.6891666666666665,0.5555555555555555,0.5198148148148148,0.03111152446815282,0.5973892195767195,0.09676477871232478,-0.06222222222222251,-0.2005555555555555,0.2421844922090357,0.3394155945386904,26.444444444444446,27.066666666666666,105.23120670754528,-0.0049255046992838,459.6352801583994,89.30107906197435,97.15054598513125
2020-03-01,carchi,Carchi,Papa Superchola,0.265,12.165,1,1,1,0.2736536570754717,1.0,0.2721715652045738,7.0,25.42342047930283,24.266666666666666,3,3.0,25.320876300381045,23.758333333333333,62,106.34559024229866,0.010589857986238,0.0034670253944952,0.0160694951478763,400.6289700978381,96.61422177486232,99.24394012005274,2,2020,3,1,1.0,6.123233995736766e-17,0,0.2736536570754717,0,25.42342047930283,0,0.24,0.276,0.32,0.476666666666667,0.298,0.2786666666666666,0.04006661120350932,0.37169444444444455,0.11106556705471513,-0.08000000000000002,-0.23666666666666702,0.2331625282608695,0.3092783317708333,25.462183235867446,25.51739069896965,105.23120670754528,-0.0049255046992838,459.6352801583994,89.30107906197435,97.15054598513125
2020-03-01,chimborazo,Chimborazo,Papa Superchola,0.332727272727273,15.3345454545455,1,1,1,0.2418783085714285,1.0,0.2721715652045738,7.0,25.833333333333332,23.75,3,3.0,25.320876300381045,23.758333333333333,62,106.34559024229866,0.010589857986238,0.0034670253944952,0.0160694951478763,400.6289700978381,96.61422177486232,99.24394012005274,4,2020,3,1,1.0,6.123233995736766e-17,0,0.2418783085714285,0,25.833333333333332,0,0.285454545454545,0.291538461538462,0.332,0.504615384615385,0.3325,0.30299766899766895,0.025300294690091457,0.382874125874126,0.10867552574447802,-0.046545454545455,-0.21916083916084,0.1819730091666666,0.1984157999999999,26.0,25.666666666666668,105.23120670754528,-0.0049255046992838,459.6352801583994,89.30107906197435,97.15054598513125
2020-03-01,cotopaxi,Cotopaxi,Papa Superchola,0.3139285714285715,14.39357142857145,2,2,2,0.2193596899999999,1.0,0.2721715652045738,7.0,25.88888888888889,23.75,3,3.0,25.320876300381045,23.758333333333333,62,106.34559024229866,0.010589857986238,0.0034670253944952,0.0160694951478763,400.6289700978381,96.61422177486232,99.24394012005274,5,2020,3,1,1.0,6.123233995736766e-17,0,0.2193596899999999,0,25.88888888888889,0,0.246666666666667,0.301111111111111,0.355,0.53375,0.36,0.30092592592592593,0.05416690408304873,0.4179629629629629,0.14079754275294612,-0.10833333333333298,-0.2870833333333329,0.2296479166666666,0.2788844299999999,25.833333333333332,25.833333333333332,105.23120670754528,-0.0049255046992838,459.6352801583994,89.30107906197435,97.15054598513125
2020-03-01,pichincha,Pichincha,Papa Superchola,0.3780555555555555,17.4838888888889,2,2,2,0.3413605161290322,1.0,0.2721715652045738,7.0,25.935874183006533,23.601666666666663,3,3.0,25.320876300381045,23.758333333333333,62,106.34559024229866,0.010589857986238,0.0034670253944952,0.0160694951478763,400.6289700978381,96.61422177486232,99.24394012005274,6,2020,3,1,1.0,6.123233995736766e-17,0,0.3413605161290322,0,25.935874183006533,0,0.31,0.3425,0.392857142857143,0.54125,0.3425,0.34845238095238096,0.04174804977317907,0.4433234126984127,0.11684043434723553,-0.08285714285714302,-0.23125,0.2836151770833333,0.4025101666666666,26.825457875457875,26.203571428571426,105.23120670754528,-0.0049255046992838,459.6352801583994,89.30107906197435,97.15054598513125
2020-03-01,tungurahua,Tungurahua,Papa Superchola,0.363333333333333,16.7216666666667,1,1,1,0.3045641703703703,1.0,0.2721715652045738,7.0,24.75,22.375,3,3.0,25.320876300381045,23.758333333333333,62,106.34559024229866,0.010589857986238,0.0034670253944952,0.0160694951478763,400.6289700978381,96.61422177486232,99.24394012005274,7,2020,3,1,1.0,6.123233995736766e-17,0,0.3045641703703703,0,24.75,0,0.338181818181818,0.398461538461539,0.439,0.564615384615385,0.4075,0.3918811188811189,0.050730197000126584,0.479197163947164,0.10743505530911664,-0.10081818181818203,-0.226433566433567,0.2645543999999999,0.3968315999999999,25.25,25.166666666666668,105.23120670754528,-0.0049255046992838,459.6352801583994,89.30107906197435,97.15054598513125
2020-04-01,azuay,Azuay,Papa Superchola,0.5314285714285716,29.2142857142857,2,1,1,0.2839332479669534,0.0,0.2839332479669534,7.0,25.368493057427134,24.083333333333336,0,0.0,25.368493057427134,24.083333333333336,58,110.8841759451997,0.0426777047601154,0.0457241279974311,0.0594330090775572,302.5898362114367,99.71696273600696,97.43120562605806,0,2020,4,2,0.8660254037844387,-0.4999999999999998,1,0.2839332479669534,1,25.368493057427134,0,0.514732142857143,0.488611111111111,0.52,0.7329464285714284,0.555625,0.5077810846560847,0.01680932758933512,0.5683167989417989,0.08961581410025948,-0.005267857142857046,-0.21821428571428547,0.2721715652045738,0.2896406472000481,26.5,26.844444444444445,106.34559024229866,0.010589857986238,400.6289700978381,96.61422177486232,99.24394012005274
2020-04-01,chimborazo,Chimborazo,Papa Superchola,0.338571428571429,15.6435714285714,1,1,1,0.2323330307692307,1.0,0.2839332479669534,7.0,25.333333333333332,23.0,3,3.0,25.368493057427134,24.083333333333336,58,110.8841759451997,0.0426777047601154,0.0457241279974311,0.0594330090775572,302.5898362114367,99.71696273600696,97.43120562605806,4,2020,4,2,0.8660254037844387,-0.4999999999999998,0,0.2323330307692307,0,25.333333333333332,0,0.332727272727273,0.285454545454545,0.291538461538462,0.533636363636364,0.367272727272727,0.3032400932400932,0.025717189277033238,0.3542261072261073,0.09145640321494854,0.04118881118881096,-0.20090909090909104,0.2418783085714285,0.2155628444444444,25.833333333333332,26.0,106.34559024229866,0.010589857986238,400.6289700978381,96.61422177486232,99.24394012005274
2020-04-01,cotopaxi,Cotopaxi,Papa Superchola,0.4075,18.807000000000002,2,2,2,0.2410384533333333,1.0,0.2839332479669534,7.0,26.416666666666668,24.625,3,3.0,25.368493057427134,24.083333333333336,58,110.8841759451997,0.0426777047601154,0.0457241279974311,0.0594330090775572,302.5898362114367,99.71696273600696,97.43120562605806,5,2020,4,2,0.8660254037844387,-0.4999999999999998,0,0.2410384533333333,0,26.416666666666668,0,0.3139285714285715,0.246666666666667,0.301111111111111,0.61,0.39,0.28723544973544973,0.035713323032290335,0.38132605820105825,0.13302832792999855,0.012817460317460505,-0.2960714285714285,0.2193596899999999,0.2347920299999999,25.88888888888889,25.8,106.34559024229866,0.010589857986238,400.6289700978381,96.61422177486232,99.24394012005274
2020-04-01,pichincha,Pichincha,Papa Superchola,0.3275,15.1675,2,2,2,0.3410770797101449,1.0,0.2839332479669534,7.0,26.584311355311357,24.442,3,3.0,25.368493057427134,24.083333333333336,58,110.8841759451997,0.0426777047601154,0.0457241279974311,0.0594330090775572,302.5898362114367,99.71696273600696,97.43120562605806,6,2020,4,2,0.8660254037844387,-0.4999999999999998,0,0.3410770797101449,0,26.584311355311357,0,0.3780555555555555,0.31,0.3425,0.61,0.373333333333333,0.3435185185185185,0.034039208208669174,0.41612433862433856,0.10815726918225746,0.03555555555555545,-0.2319444444444445,0.3413605161290322,0.3512917222222222,25.935874183006533,26.21994429590018,106.34559024229866,0.010589857986238,400.6289700978381,96.61422177486232,99.24394012005274
2020-04-01,tungurahua,Tungurahua,Papa Superchola,0.326666666666667,15.0,1,1,1,0.2866006,1.0,0.2839332479669534,7.0,24.833333333333332,22.5,3,3.0,25.368493057427134,24.083333333333336,58,110.8841759451997,0.0426777047601154,0.0457241279974311,0.0594330090775572,302.5898362114367,99.71696273600696,97.43120562605806,7,2020,4,2,0.8660254037844387,-0.4999999999999998,0,0.2866006,0,24.833333333333332,0,0.363333333333333,0.338181818181818,0.398461538461539,0.625833333333333,0.434166666666667,0.36665889665889645,0.03027714811247027,0.44565015540015535,0.10685242128658762,-0.03512820512820597,-0.2625,0.3045641703703703,0.3401413714285713,24.75,25.291666666666668,106.34559024229866,0.010589857986238,400.6289700978381,96.61422177486232,99.24394012005274
2020-05-01,azuay,Azuay,Papa Superchola,0.45475,25.375,2,1,1,0.27760489551150463,0.0,0.27760489551150463,7.0,26.5,26.5,2,2.0,25.396207003438263,23.875,62,109.12959565290556,-0.015823540891545,0.0339939625374479,0.0426690275365659,354.44347710344067,93.05258864813786,96.05889242920492,0,2020,5,2,0.49999999999999994,-0.8660254037844387,1,0.27760489551150463,0,26.5,0,0.5314285714285716,0.514732142857143,0.488611111111111,0.6027777777777775,0.578125,0.5115906084656086,0.021580909521129454,0.5347304894179894,0.0391012939345111,0.04281746031746059,-0.07134920634920594,0.2839332479669534,0.2421844922090357,25.368493057427134,26.444444444444446,110.8841759451997,0.0426777047601154,302.5898362114367,99.71696273600696,97.43120562605806
2020-05-01,chimborazo,Chimborazo,Papa Superchola,0.285384615384615,13.13,1,1,1,0.1921168857142856,1.0,0.27760489551150463,7.0,25.333333333333332,23.0,3,3.0,25.396207003438263,23.875,62,109.12959565290556,-0.015823540891545,0.0339939625374479,0.0426690275365659,354.44347710344067,93.05258864813786,96.05889242920492,4,2020,5,2,0.49999999999999994,-0.8660254037844387,0,0.1921168857142856,0,25.333333333333332,0,0.338571428571429,0.332727272727273,0.285454545454545,0.35,0.414545454545455,0.31891774891774893,0.029126929616720445,0.3217152847152848,0.026595773429935944,0.053116883116884006,-0.011428571428570955,0.2323330307692307,0.1819730091666666,25.333333333333332,26.0,110.8841759451997,0.0426777047601154,302.5898362114367,99.71696273600696,97.43120562605806
2020-05-01,cotopaxi,Cotopaxi,Papa Superchola,0.392,18.12125,2,2,2,0.2550010466666666,1.0,0.27760489551150463,7.0,26.099999999999998,23.2,3,3.0,25.396207003438263,23.875,62,109.12959565290556,-0.015823540891545,0.0339939625374479,0.0426690275365659,354.44347710344067,93.05258864813786,96.05889242920492,5,2020,5,2,0.49999999999999994,-0.8660254037844387,0,0.2550010466666666,0,26.099999999999998,0,0.4075,0.3139285714285715,0.246666666666667,0.46125,0.391428571428571,0.32269841269841276,0.08077451865966918,0.3475760582010583,0.07751336495170992,0.16083333333333297,-0.05375000000000002,0.2410384533333333,0.2296479166666666,26.416666666666668,25.833333333333332,110.8841759451997,0.0426777047601154,302.5898362114367,99.71696273600696,97.43120562605806
2020-05-01,pichincha,Pichincha,Papa Superchola,0.29777777777777803,13.77833333333335,2,2,2,0.2945828448275862,1.0,0.27760489551150463,7.0,26.036473856209152,23.6955,3,3.0,25.396207003438263,23.875,62,109.12959565290556,-0.015823540891545,0.0339939625374479,0.0426690275365659,354.44347710344067,93.05258864813786,96.05889242920492,6,2020,5,2,0.49999999999999994,-0.8660254037844387,0,0.2945828448275862,0,26.036473856209152,0,0.3275,0.3780555555555555,0.31,0.463333333333333,0.3975,0.33851851851851844,0.03534042265240903,0.3690410052910052,0.05559754318475087,0.017500000000000016,-0.13583333333333297,0.3410770797101449,0.2836151770833333,26.584311355311357,26.825457875457875,110.8841759451997,0.0426777047601154,302.5898362114367,99.71696273600696,97.43120562605806
2020-05-01,tungurahua,Tungurahua,Papa Superchola,0.316153846153846,14.54,1,1,1,0.2645543999999999,1.0,0.27760489551150463,7.0,24.899999999999995,22.9,3,3.0,25.396207003438263,23.875,62,109.12959565290556,-0.015823540891545,0.0339939625374479,0.0426690275365659,354.44347710344067,93.05258864813786,96.05889242920492,7,2020,5,2,0.49999999999999994,-0.8660254037844387,0,0.2645543999999999,0,24.899999999999995,0,0.326666666666667,0.363333333333333,0.338181818181818,0.509090909090909,0.466363636363636,0.34272727272727255,0.018751186065941103,0.3957890442890444,0.06908185036276569,-0.011515151515150979,-0.18242424242424204,0.2866006,0.2645543999999999,24.833333333333332,25.25,110.8841759451997,0.0426777047601154,302.5898362114367,99.71696273600696,97.43120562605806
2020-06-01,azuay,Azuay,Papa Superchola,0.441875,24.9375,2,1,1,0.28725781350366225,0.0,0.28725781350366225,7.0,26.327777777777772,24.83333333333333,3,3.0,25.258683319882202,23.967058823529413,62,108.2984569522796,-0.0076160705595342,0.0325095048193095,0.0347279866526064,401.48191799130257,93.5649788373941,96.52886841498577,0,2020,6,2,1.2246467991473532e-16,-1.0,1,0.28725781350366225,0,26.327777777777772,0,0.45475,0.5314285714285716,0.514732142857143,0.5508333333333335,0.652777777777778,0.5003035714285714,0.04032416873518452,0.5100591931216932,0.033938073031768635,-0.059982142857142984,-0.09608333333333352,0.27760489551150463,0.2721715652045738,26.5,26.5,109.12959565290556,-0.015823540891545,354.44347710344067,93.05258864813786,96.05889242920492
2020-06-01,chimborazo,Chimborazo,Papa Superchola,0.283076923076923,13.1023076923077,1,1,1,0.2012913913043478,1.0,0.28725781350366225,7.0,25.666666666666668,24.0,3,3.0,25.258683319882202,23.967058823529413,62,108.2984569522796,-0.0076160705595342,0.0325095048193095,0.0347279866526064,401.48191799130257,93.5649788373941,96.52886841498577,4,2020,6,2,1.2246467991473532e-16,-1.0,0,0.2012913913043478,0,25.666666666666668,0,0.285384615384615,0.338571428571429,0.332727272727273,0.332,0.4675,0.3188944388944389,0.029167100355146892,0.310946053946054,0.025925702493062343,-0.04734265734265797,-0.046615384615385,0.1921168857142856,0.2418783085714285,25.333333333333332,25.833333333333332,109.12959565290556,-0.015823540891545,354.44347710344067,93.05258864813786,96.05889242920492
2020-06-01,cotopaxi,Cotopaxi,Papa Superchola,0.38625,17.791249999999998,2,2,2,0.2590428499999999,1.0,0.28725781350366225,7.0,25.61111111111111,23.33333333333333,3,3.0,25.258683319882202,23.967058823529413,62,108.2984569522796,-0.0076160705595342,0.0325095048193095,0.0347279866526064,401.48191799130257,93.5649788373941,96.52886841498577,5,2020,6,2,1.2246467991473532e-16,-1.0,0,0.2590428499999999,0,25.61111111111111,0,0.392,0.4075,0.3139285714285715,0.355,0.461111111111111,0.37114285714285716,0.05015145428944986,0.3360343915343916,0.0604881308603015,0.07807142857142851,0.03700000000000003,0.2550010466666666,0.2193596899999999,26.099999999999998,25.88888888888889,109.12959565290556,-0.015823540891545,354.44347710344067,93.05258864813786,96.05889242920492
2020-06-01,pichincha,Pichincha,Papa Superchola,0.3131944444444445,14.48166666666665,2,2,2,0.3006299999999999,1.0,0.28725781350366225,7.0,25.92297794117647,23.93411764705883,3,3.0,25.258683319882202,23.967058823529413,62,108.2984569522796,-0.0076160705595342,0.0325095048193095,0.0347279866526064,401.48191799130257,93.5649788373941,96.52886841498577,6,2020,6,2,1.2246467991473532e-16,-1.0,0,0.3006299999999999,0,25.92297794117647,0,0.29777777777777803,0.3275,0.3780555555555555,0.392857142857143,0.492222222222222,0.3344444444444445,0.04058693610899837,0.34144841269841275,0.03761577199254728,-0.08027777777777745,-0.09507936507936499,0.2945828448275862,0.3413605161290322,26.036473856209152,25.935874183006533,109.12959565290556,-0.015823540891545,354.44347710344067,93.05258864813786,96.05889242920492
2020-06-01,tungurahua,Tungurahua,Papa Superchola,0.317692307692308,14.5892307692308,1,1,1,0.2645543999999999,1.0,0.28725781350366225,7.0,24.333333333333332,22.666666666666668,3,3.0,25.258683319882202,23.967058823529413,62,108.2984569522796,-0.0076160705595342,0.0325095048193095,0.0347279866526064,401.48191799130257,93.5649788373941,96.52886841498577,7,2020,6,2,1.2246467991473532e-16,-1.0,0,0.2645543999999999,0,24.333333333333332,0,0.316153846153846,0.326666666666667,0.363333333333333,0.439,0.535,0.33538461538461517,0.024768487539942208,0.3636328671328672,0.047247950402897636,-0.047179487179487,-0.122846153846154,0.2645543999999999,0.3045641703703703,24.899999999999995,24.75,109.12959565290556,-0.015823540891545,354.44347710344067,93.05258864813786,96.05889242920492
2020-07-01,azuay,Azuay,Papa Superchola,0.467777777777778,26.3888888888889,2,1,1,0.28905338823240506,0.0,0.28905338823240506,7.0,26.093333333333334,24.05,3,3.0,25.08945356346163,23.822916666666664,62,106.69834489317346,-0.0147750217698042,0.0119987460511461,0.0194398581239885,390.7403310696489,93.11665820630758,95.74749920387195,0,2020,7,3,-0.4999999999999997,-0.8660254037844388,1,0.28905338823240506,0,26.093333333333334,0,0.441875,0.45475,0.5314285714285716,0.52,0.642777777777778,0.4760178571428571,0.04841695828415656,0.4918994708994709,0.036788217189955084,-0.08955357142857157,-0.078125,0.28725781350366225,0.2839332479669534,26.327777777777772,25.368493057427134,108.2984569522796,-0.0076160705595342,401.48191799130257,93.5649788373941,96.52886841498577
2020-07-01,chimborazo,Chimborazo,Papa Superchola,0.283571428571429,13.1185714285714,1,1,1,0.1910470972826086,1.0,0.28905338823240506,7.0,25.666666666666668,24.0,3,3.0,25.08945356346163,23.822916666666664,62,106.69834489317346,-0.0147750217698042,0.0119987460511461,0.0194398581239885,390.7403310696489,93.11665820630758,95.74749920387195,4,2020,7,3,-0.4999999999999997,-0.8660254037844388,0,0.1910470972826086,0,25.666666666666668,0,0.283076923076923,0.285384615384615,0.338571428571429,0.291538461538462,0.437142857142857,0.3023443223443223,0.031394804986480715,0.30279220779220783,0.025671847682427064,-0.05549450549450602,-0.00846153846153902,0.2012913913043478,0.2323330307692307,25.666666666666668,25.333333333333332,108.2984569522796,-0.0076160705595342,401.48191799130257,93.5649788373941,96.52886841498577
2020-07-01,cotopaxi,Cotopaxi,Papa Superchola,0.285,13.183,2,2,2,0.2384663966666666,1.0,0.28905338823240506,7.0,25.900000000000002,23.8,3,3.0,25.08945356346163,23.822916666666664,62,106.69834489317346,-0.0147750217698042,0.0119987460511461,0.0194398581239885,390.7403310696489,93.11665820630758,95.74749920387195,5,2020,7,3,-0.4999999999999997,-0.8660254037844388,0,0.2384663966666666,0,25.900000000000002,0,0.38625,0.392,0.4075,0.301111111111111,0.40375,0.3952499999999999,0.010991473968483385,0.34124272486772494,0.06370749169022218,-0.02124999999999999,0.08513888888888899,0.2590428499999999,0.2410384533333333,25.61111111111111,26.416666666666668,108.2984569522796,-0.0076160705595342,401.48191799130257,93.5649788373941,96.52886841498577
2020-07-01,pichincha,Pichincha,Papa Superchola,0.313625,14.57375,2,2,2,0.3083023281249999,1.0,0.28905338823240506,7.0,25.98351098901099,23.94357142857143,3,3.0,25.08945356346163,23.822916666666664,62,106.69834489317346,-0.0147750217698042,0.0119987460511461,0.0194398581239885,390.7403310696489,93.11665820630758,95.74749920387195,6,2020,7,3,-0.4999999999999997,-0.8660254037844388,0,0.3083023281249999,0,25.98351098901099,0,0.3131944444444445,0.29777777777777803,0.3275,0.3425,0.427777777777778,0.31282407407407414,0.014864572113420989,0.3281712962962963,0.02888760903504321,-0.014305555555555516,-0.02930555555555553,0.3006299999999999,0.3410770797101449,25.92297794117647,26.584311355311357,108.2984569522796,-0.0076160705595342,401.48191799130257,93.5649788373941,96.52886841498577
2020-07-01,tungurahua,Tungurahua,Papa Superchola,0.297857142857143,13.8335714285714,1,1,1,0.2645543999999999,1.0,0.28905338823240506,7.0,24.358333333333334,22.8,3,3.0,25.08945356346163,23.822916666666664,62,106.69834489317346,-0.0147750217698042,0.0119987460511461,0.0194398581239885,390.7403310696489,93.11665820630758,95.74749920387195,7,2020,7,3,-0.4999999999999997,-0.8660254037844388,0,0.2645543999999999,0,24.358333333333334,0,0.317692307692308,0.316153846153846,0.326666666666667,0.398461538461539,0.489285714285714,0.32017094017094017,0.005677813224000301,0.3434149184149185,0.03206113431961911,-0.008974358974358998,-0.08076923076923098,0.2645543999999999,0.2866006,24.333333333333332,24.833333333333332,108.2984569522796,-0.0076160705595342,401.48191799130257,93.5649788373941,96.52886841498577
2020-08-01,azuay,Azuay,Papa Superchola,0.4394444444444445,24.66666666666665,2,1,1,0.25112681633044015,0.0,0.25112681633044015,7.0,25.930555555555557,23.275,3,3.0,24.944899133104354,23.546,63,105.72241358330724,-0.0091466396301022,0.0047713014119836,0.0101154091171657,432.9488518134864,89.62465281624871,91.2549764072918,0,2020,8,3,-0.8660254037844385,-0.5000000000000004,1,0.25112681633044015,0,25.930555555555557,0,0.467777777777778,0.441875,0.45475,0.488611111111111,0.643888888888889,0.45480092592592597,0.012951463980517379,0.48319576719576723,0.034941534638400745,0.013027777777778027,-0.020833333333332982,0.28905338823240506,0.27760489551150463,26.093333333333334,26.5,106.69834489317346,-0.0147750217698042,390.7403310696489,93.11665820630758,95.74749920387195
2020-08-01,chimborazo,Chimborazo,Papa Superchola,0.239166666666667,11.0,1,1,1,0.1969460533333333,1.0,0.25112681633044015,7.0,25.666666666666668,24.0,3,3.0,24.944899133104354,23.546,63,105.72241358330724,-0.0091466396301022,0.0047713014119836,0.0101154091171657,432.9488518134864,89.62465281624871,91.2549764072918,4,2020,8,3,-0.8660254037844385,-0.5000000000000004,0,0.1969460533333333,0,25.666666666666668,0,0.283571428571429,0.283076923076923,0.285384615384615,0.285454545454545,0.43,0.2840109890109889,0.0012150189223328052,0.301464368964369,0.026560991813343926,-0.0018131868131860407,-0.0018831168831160428,0.1910470972826086,0.1921168857142856,25.666666666666668,25.333333333333332,106.69834489317346,-0.0147750217698042,390.7403310696489,93.11665820630758,95.74749920387195
2020-08-01,cotopaxi,Cotopaxi,Papa Superchola,0.2825,13.06375,2,2,2,0.2333222833333333,1.0,0.25112681633044015,7.0,24.129166666666666,22.125,3,3.0,24.944899133104354,23.546,63,105.72241358330724,-0.0091466396301022,0.0047713014119836,0.0101154091171657,432.9488518134864,89.62465281624871,91.2549764072918,5,2020,8,3,-0.8660254037844385,-0.5000000000000004,0,0.2333222833333333,0,24.129166666666666,0,0.285,0.38625,0.392,0.246666666666667,0.444444444444444,0.3544166666666666,0.0601853041309353,0.33855753968253977,0.06603432266369176,-0.10700000000000004,0.03833333333333297,0.2384663966666666,0.2550010466666666,25.900000000000002,26.099999999999998,106.69834489317346,-0.0147750217698042,390.7403310696489,93.11665820630758,95.74749920387195
2020-08-01,pichincha,Pichincha,Papa Superchola,0.308333333333333,14.240555555555549,2,2,2,0.3110541436781608,1.0,0.25112681633044015,7.0,25.982269693842444,24.04866666666667,3,3.0,24.944899133104354,23.546,63,105.72241358330724,-0.0091466396301022,0.0047713014119836,0.0101154091171657,432.9488518134864,89.62465281624871,91.2549764072918,6,2020,8,3,-0.8660254037844385,-0.5000000000000004,0,0.3110541436781608,0,25.982269693842444,0,0.313625,0.3131944444444445,0.29777777777777803,0.31,0.443333333333333,0.3081990740740741,0.009027674500826323,0.3233587962962963,0.028424608449083937,0.015847222222221957,0.0036249999999999893,0.3083023281249999,0.2945828448275862,25.98351098901099,26.036473856209152,106.69834489317346,-0.0147750217698042,390.7403310696489,93.11665820630758,95.74749920387195
2020-08-01,tungurahua,Tungurahua,Papa Superchola,0.271666666666667,12.4983333333333,1,1,1,0.2248712399999999,1.0,0.25112681633044015,7.0,24.333333333333332,22.5,3,3.0,24.944899133104354,23.546,63,105.72241358330724,-0.0091466396301022,0.0047713014119836,0.0101154091171657,432.9488518134864,89.62465281624871,91.2549764072918,7,2020,8,3,-0.8660254037844385,-0.5000000000000004,0,0.2248712399999999,0,24.333333333333332,0,0.297857142857143,0.317692307692308,0.316153846153846,0.338181818181818,0.483333333333333,0.3105677655677655,0.011034566744780313,0.3266475191475192,0.02235212802112886,-0.01829670329670302,-0.040324675324674986,0.2645543999999999,0.2645543999999999,24.358333333333334,24.899999999999995,106.69834489317346,-0.0147750217698042,390.7403310696489,93.11665820630758,95.74749920387195
2020-09-01,azuay,Azuay,Papa Superchola,0.39,21.8888888888889,2,1,1,0.2229805124367147,0.0,0.2229805124367147,7.0,25.930555555555557,23.275,3,3.0,24.827630783133635,23.339479166666663,62,104.88511580823268,-0.0079197754449181,-0.0030341531545254,0.0021155219035062,389.1476099175865,86.87174832548851,87.77507209241139,0,2020,9,3,-1.0,-1.8369701987210297e-16,1,0.2229805124367147,0,25.930555555555557,0,0.4394444444444445,0.467777777777778,0.441875,0.514732142857143,0.6891666666666665,0.4496990740740741,0.015703711210470275,0.47500132275132284,0.03895256856404529,-0.0024305555555554914,-0.07528769841269844,0.25112681633044015,0.28725781350366225,25.930555555555557,26.327777777777772,105.72241358330724,-0.0091466396301022,432.9488518134864,89.62465281624871,91.2549764072918
2020-09-01,chimborazo,Chimborazo,Papa Superchola,0.228461538461539,10.5123076923077,1,1,1,0.1543234,1.0,0.2229805124367147,7.0,25.166666666666668,24.0,3,3.0,24.827630783133635,23.339479166666663,62,104.88511580823268,-0.0079197754449181,-0.0030341531545254,0.0021155219035062,389.1476099175865,86.87174832548851,87.77507209241139,4,2020,9,3,-1.0,-1.8369701987210297e-16,0,0.1543234,0,25.166666666666668,0,0.239166666666667,0.283571428571429,0.283076923076923,0.332727272727273,0.504615384615385,0.26860500610500626,0.025495548740634196,0.2937497224997227,0.03686468790822234,-0.043910256410256004,-0.09356060606060598,0.1969460533333333,0.2012913913043478,25.666666666666668,25.666666666666668,105.72241358330724,-0.0091466396301022,432.9488518134864,89.62465281624871,91.2549764072918
2020-09-01,cotopaxi,Cotopaxi,Papa Superchola,0.27,12.54125,2,2,2,0.20502966,1.0,0.2229805124367147,7.0,24.854166666666668,22.6875,3,3.0,24.827630783133635,23.339479166666663,62,104.88511580823268,-0.0079197754449181,-0.0030341531545254,0.0021155219035062,389.1476099175865,86.87174832548851,87.77507209241139,5,2020,9,3,-1.0,-1.8369701987210297e-16,0,0.20502966,0,24.854166666666668,0,0.2825,0.285,0.38625,0.3139285714285715,0.53375,0.31791666666666657,0.059191602726511555,0.34452976190476187,0.0570739335078167,-0.10375000000000001,-0.03142857142857153,0.2333222833333333,0.2590428499999999,24.129166666666666,25.61111111111111,105.72241358330724,-0.0091466396301022,432.9488518134864,89.62465281624871,91.2549764072918
2020-09-01,pichincha,Pichincha,Papa Superchola,0.29416666666666647,13.536249999999999,2,2,2,0.2949699907407407,1.0,0.2229805124367147,7.0,25.615676169590643,23.345625,3,3.0,24.827630783133635,23.339479166666663,62,104.88511580823268,-0.0079197754449181,-0.0030341531545254,0.0021155219035062,389.1476099175865,86.87174832548851,87.77507209241139,6,2020,9,3,-1.0,-1.8369701987210297e-16,0,0.2949699907407407,0,25.615676169590643,0,0.308333333333333,0.313625,0.3131944444444445,0.3780555555555555,0.54125,0.3117175925925924,0.0029387501717375725,0.3230810185185185,0.028588934793801424,-0.004861111111111482,-0.06972222222222246,0.3110541436781608,0.3006299999999999,25.982269693842444,25.92297794117647,105.72241358330724,-0.0091466396301022,432.9488518134864,89.62465281624871,91.2549764072918
2020-09-01,tungurahua,Tungurahua,Papa Superchola,0.263846153846154,12.1530769230769,1,1,1,0.1954763066666666,1.0,0.2229805124367147,7.0,24.2,21.9,3,3.0,24.827630783133635,23.339479166666663,62,104.88511580823268,-0.0079197754449181,-0.0030341531545254,0.0021155219035062,389.1476099175865,86.87174832548851,87.77507209241139,7,2020,9,3,-1.0,-1.8369701987210297e-16,0,0.1954763066666666,0,24.2,0,0.271666666666667,0.297857142857143,0.317692307692308,0.363333333333333,0.564615384615385,0.2957387057387058,0.02308583418080656,0.3155616605616607,0.0304977528915144,-0.046025641025640995,-0.09166666666666601,0.2248712399999999,0.2645543999999999,24.333333333333332,24.333333333333332,105.72241358330724,-0.0091466396301022,432.9488518134864,89.62465281624871,91.2549764072918
2020-10-01,azuay,Azuay,Papa Superchola,0.34111111111111103,19.16666666666665,2,1,1,0.19654818073629451,0.0,0.19654818073629451,7.0,25.11833333333333,23.025,3,3.0,24.94336865399454,23.512857142857143,63,104.52342143410544,-0.0034484814298012,-0.0166747620014227,-0.0013402548642935,344.49686235739364,84.4552601081578,87.06224856669488,0,2020,10,4,-0.8660254037844386,0.5000000000000001,1,0.19654818073629451,0,25.11833333333333,0,0.39,0.4394444444444445,0.467777777777778,0.5314285714285716,0.7329464285714284,0.4324074074074075,0.0393635058995992,0.45421263227513237,0.04613064465534306,-0.077777777777778,-0.14142857142857157,0.2229805124367147,0.28905338823240506,25.930555555555557,26.093333333333334,104.88511580823268,-0.0079197754449181,389.1476099175865,86.87174832548851,87.77507209241139
2020-10-01,carchi,Carchi,Papa Superchola,0.166666666666667,7.77666666666667,1,1,1,0.1822979899159664,1.0,0.19654818073629451,7.0,24.733684210526317,23.68,3,3.0,24.94336865399454,23.512857142857143,63,104.52342143410544,-0.0034484814298012,-0.0166747620014227,-0.0013402548642935,344.49686235739364,84.4552601081578,87.06224856669488,2,2020,10,4,-0.8660254037844386,0.5000000000000001,0,0.1822979899159664,0,24.733684210526317,0,0.265,0.24,0.276,0.515,0.336666666666667,0.26033333333333325,0.018448125469358253,0.33641666666666664,0.1044750767727257,-0.01100000000000001,-0.25,0.2736536570754717,0.2726022384955752,25.42342047930283,25.513686995265946,106.34559024229866,0.010589857986238,400.6289700978381,96.61422177486232,99.24394012005274
2020-10-01,chimborazo,Chimborazo,Papa Superchola,0.206153846153846,9.48692307692308,1,1,1,0.1506490333333333,1.0,0.19654818073629451,7.0,25.0,24.0,3,3.0,24.94336865399454,23.512857142857143,63,104.52342143410544,-0.0034484814298012,-0.0166747620014227,-0.0013402548642935,344.49686235739364,84.4552601081578,87.06224856669488,4,2020,10,4,-0.8660254037844386,0.5000000000000001,0,0.1506490333333333,0,25.0,0,0.228461538461539,0.239166666666667,0.283571428571429,0.338571428571429,0.533636363636364,0.2503998778998782,0.029221803040510128,0.27637210012210034,0.03931013372940967,-0.05510989010988998,-0.11010989010989003,0.1543234,0.1910470972826086,25.166666666666668,25.666666666666668,104.88511580823268,-0.0079197754449181,389.1476099175865,86.87174832548851,87.77507209241139
2020-10-01,cotopaxi,Cotopaxi,Papa Superchola,0.22625,10.49925,2,2,2,0.1451374833333333,1.0,0.19654818073629451,7.0,24.72,22.5,3,3.0,24.94336865399454,23.512857142857143,63,104.52342143410544,-0.0034484814298012,-0.0166747620014227,-0.0013402548642935,344.49686235739364,84.4552601081578,87.06224856669488,5,2020,10,4,-0.8660254037844386,0.5000000000000001,0,0.1451374833333333,0,24.72,0,0.27,0.2825,0.285,0.4075,0.61,0.27916666666666656,0.008036375634149997,0.33720833333333333,0.06416198576000379,-0.014999999999999958,-0.13749999999999996,0.20502966,0.2384663966666666,24.854166666666668,25.900000000000002,104.88511580823268,-0.0079197754449181,389.1476099175865,86.87174832548851,87.77507209241139
2020-10-01,pichincha,Pichincha,Papa Superchola,0.269777777777778,12.478333333333335,2,2,2,0.2866006,1.0,0.19654818073629451,7.0,25.876801739926737,23.520625,3,3.0,24.94336865399454,23.512857142857143,63,104.52342143410544,-0.0034484814298012,-0.0166747620014227,-0.0013402548642935,344.49686235739364,84.4552601081578,87.06224856669488,6,2020,10,4,-0.8660254037844386,0.5000000000000001,0,0.2866006,0,25.876801739926737,0,0.29416666666666647,0.308333333333333,0.313625,0.3275,0.61,0.30537499999999973,0.010060839234923619,0.309099537037037,0.012063043043073781,-0.019458333333333522,-0.03333333333333355,0.2949699907407407,0.3083023281249999,25.615676169590643,25.98351098901099,104.88511580823268,-0.0079197754449181,389.1476099175865,86.87174832548851,87.77507209241139
2020-10-01,tungurahua,Tungurahua,Papa Superchola,0.24,11.1546153846154,1,1,1,0.18518808,1.0,0.19654818073629451,7.0,24.166666666666668,22.0,3,3.0,24.94336865399454,23.512857142857143,63,104.52342143410544,-0.0034484814298012,-0.0166747620014227,-0.0013402548642935,344.49686235739364,84.4552601081578,87.06224856669488,7,2020,10,4,-0.8660254037844386,0.5000000000000001,0,0.18518808,0,24.166666666666668,0,0.263846153846154,0.271666666666667,0.297857142857143,0.326666666666667,0.625833333333333,0.27778998778998787,0.017813145133880864,0.29898046398046424,0.02605113852487671,-0.03401098901098898,-0.06282051282051299,0.1954763066666666,0.2645543999999999,24.2,24.358333333333334,104.88511580823268,-0.0079197754449181,389.1476099175865,86.87174832548851,87.77507209241139
2020-11-01,azuay,Azuay,Papa Superchola,0.36125,20.125,2,1,1,0.20243174489984458,0.0,0.20243174489984458,7.0,25.251666666666665,23.275,3,3.0,24.75626568615562,23.15642857142857,62,104.86630769616858,0.003280473001731,-0.0026857423079422,0.0019358214675397,418.63400894933767,83.21833313161638,86.77619790402845,0,2020,11,4,-0.5000000000000004,0.8660254037844384,1,0.20243174489984458,0,25.251666666666665,0,0.34111111111111103,0.39,0.4394444444444445,0.45475,0.6027777777777775,0.39018518518518513,0.04916692822696656,0.42249305555555566,0.047818501499400666,-0.0983333333333335,-0.11363888888888896,0.19654818073629451,0.25112681633044015,25.11833333333333,25.930555555555557,104.52342143410544,-0.0034484814298012,344.49686235739364,84.4552601081578,87.06224856669488
2020-11-01,carchi,Carchi,Papa Superchola,0.165,7.75,1,1,1,0.1773800508333333,1.0,0.20243174489984458,7.0,24.728421052631578,23.68,3,3.0,24.75626568615562,23.15642857142857,62,104.86630769616858,0.003280473001731,-0.0026857423079422,0.0019358214675397,418.63400894933767,83.21833313161638,86.77619790402845,2,2020,11,4,-0.5000000000000004,0.8660254037844384,0,0.1773800508333333,0,24.728421052631578,0,0.166666666666667,0.265,0.24,0.4025,0.363333333333333,0.22388888888888892,0.05110809169825148,0.27836111111111117,0.07908928967149127,-0.073333333333333,-0.23583333333333303,0.1822979899159664,0.2331625282608695,24.733684210526317,25.462183235867446,104.52342143410544,-0.0034484814298012,344.49686235739364,84.4552601081578,87.06224856669488
2020-11-01,chimborazo,Chimborazo,Papa Superchola,0.214166666666667,9.805,1,1,1,0.1524862166666666,1.0,0.20243174489984458,7.0,25.0,24.0,3,3.0,24.75626568615562,23.15642857142857,62,104.86630769616858,0.003280473001731,-0.0026857423079422,0.0019358214675397,418.63400894933767,83.21833313161638,86.77619790402845,4,2020,11,4,-0.5000000000000004,0.8660254037844384,0,0.1524862166666666,0,25.0,0,0.206153846153846,0.228461538461539,0.239166666666667,0.285384615384615,0.35,0.22459401709401727,0.01684279877867651,0.2543025030525032,0.034251648459707865,-0.033012820512821006,-0.07923076923076902,0.1506490333333333,0.1969460533333333,25.0,25.666666666666668,104.52342143410544,-0.0034484814298012,344.49686235739364,84.4552601081578,87.06224856669488
2020-11-01,cotopaxi,Cotopaxi,Papa Superchola,0.2354166666666665,10.900625,2,2,2,0.1451374833333333,1.0,0.20243174489984458,7.0,24.816666666666666,22.875,3,3.0,24.75626568615562,23.15642857142857,62,104.86630769616858,0.003280473001731,-0.0026857423079422,0.0019358214675397,418.63400894933767,83.21833313161638,86.77619790402845,5,2020,11,4,-0.5000000000000004,0.8660254037844384,0,0.1451374833333333,0,24.816666666666666,0,0.22625,0.27,0.2825,0.392,0.46125,0.2595833333333333,0.029536347664075792,0.307,0.06705128634113051,-0.05624999999999997,-0.16575,0.1451374833333333,0.2333222833333333,24.72,24.129166666666666,104.52342143410544,-0.0034484814298012,344.49686235739364,84.4552601081578,87.06224856669488
2020-11-01,pichincha,Pichincha,Papa Superchola,0.2625,12.13125,2,2,2,0.2566489444444444,1.0,0.20243174489984458,7.0,25.45029365079365,22.982666666666667,3,3.0,24.75626568615562,23.15642857142857,62,104.86630769616858,0.003280473001731,-0.0026857423079422,0.0019358214675397,418.63400894933767,83.21833313161638,86.77619790402845,6,2020,11,4,-0.5000000000000004,0.8660254037844384,0,0.2566489444444444,0,25.45029365079365,0,0.269777777777778,0.29416666666666647,0.308333333333333,0.29777777777777803,0.463333333333333,0.2907592592592591,0.019502321271563317,0.2994791666666667,0.016612643347212457,-0.03855555555555501,-0.028000000000000025,0.2866006,0.3110541436781608,25.876801739926737,25.982269693842444,104.52342143410544,-0.0034484814298012,344.49686235739364,84.4552601081578,87.06224856669488
2020-11-01,tungurahua,Tungurahua,Papa Superchola,0.253333333333333,11.7483333333333,1,1,1,0.1953749448275862,1.0,0.20243174489984458,7.0,24.083333333333332,22.0,3,3.0,24.75626568615562,23.15642857142857,62,104.86630769616858,0.003280473001731,-0.0026857423079422,0.0019358214675397,418.63400894933767,83.21833313161638,86.77619790402845,7,2020,11,4,-0.5000000000000004,0.8660254037844384,0,0.1953749448275862,0,24.083333333333332,0,0.24,0.263846153846154,0.271666666666667,0.316153846153846,0.509090909090909,0.2585042735042735,0.01649533899725876,0.2845360195360197,0.03115646498731545,-0.03166666666666701,-0.07615384615384602,0.18518808,0.2248712399999999,24.166666666666668,24.333333333333332,104.52342143410544,-0.0034484814298012,344.49686235739364,84.4552601081578,87.06224856669488
2020-12-01,azuay,Azuay,Papa Superchola,0.375,21.0,2,1,1,0.2138902767860232,0.0,0.2138902767860232,7.0,24.822222222222223,22.925,3,3.0,24.61393637572438,23.320588235294117,60,104.602644241769,-0.0025142818526948,-0.000583327585941,-0.000583327585941,387.45139280747645,82.0385697892736,87.03225511626644,0,2020,12,4,-2.4492935982947064e-16,1.0,1,0.2138902767860232,0,24.822222222222223,0,0.36125,0.34111111111111103,0.39,0.441875,0.5508333333333335,0.3641203703703703,0.02457051350185445,0.40690972222222227,0.05037103364129659,-0.028749999999999998,-0.080625,0.20243174489984458,0.2229805124367147,25.251666666666665,25.930555555555557,104.86630769616858,0.003280473001731,418.63400894933767,83.21833313161638,86.77619790402845
2020-12-01,carchi,Carchi,Papa Superchola,0.17,7.83333333333333,1,1,1,0.1720314767741935,1.0,0.2138902767860232,7.0,24.721578947368425,23.68,3,3.0,24.61393637572438,23.320588235294117,60,104.602644241769,-0.0025142818526948,-0.000583327585941,-0.000583327585941,387.45139280747645,82.0385697892736,87.03225511626644,2,2020,12,4,-2.4492935982947064e-16,1.0,0,0.1720314767741935,0,24.721578947368425,0,0.165,0.166666666666667,0.265,0.32,0.44,0.19888888888888892,0.057259965977142925,0.23877777777777784,0.06215273898198959,-0.1,-0.155,0.1773800508333333,0.2736536570754717,24.728421052631578,25.42342047930283,104.86630769616858,0.003280473001731,418.63400894933767,83.21833313161638,86.77619790402845
2020-12-01,chimborazo,Chimborazo,Papa Superchola,0.221666666666667,10.1675,1,1,1,0.1616721333333333,1.0,0.2138902767860232,7.0,25.333333333333332,24.0,3,3.0,24.61393637572438,23.320588235294117,60,104.602644241769,-0.0025142818526948,-0.000583327585941,-0.000583327585941,387.45139280747645,82.0385697892736,87.03225511626644,4,2020,12,4,-2.4492935982947064e-16,1.0,0,0.1616721333333333,0,25.333333333333332,0,0.214166666666667,0.206153846153846,0.228461538461539,0.283076923076923,0.332,0.21626068376068394,0.011300308169075743,0.24243284493284514,0.03366105186454017,-0.014294871794871988,-0.068910256410256,0.1524862166666666,0.1543234,25.0,25.166666666666668,104.86630769616858,0.003280473001731,418.63400894933767,83.21833313161638,86.77619790402845
2020-12-01,cotopaxi,Cotopaxi,Papa Superchola,0.2395,11.114833333333351,2,2,2,0.1451374833333333,1.0,0.2138902767860232,7.0,24.983333333333334,23.25,3,3.0,24.61393637572438,23.320588235294117,60,104.602644241769,-0.0025142818526948,-0.000583327585941,-0.000583327585941,387.45139280747645,82.0385697892736,87.03225511626644,5,2020,12,4,-2.4492935982947064e-16,1.0,0,0.1451374833333333,0,24.983333333333334,0,0.2354166666666665,0.22625,0.27,0.38625,0.355,0.24388888888888874,0.023072701121387134,0.2809027777777778,0.05708267436765074,-0.03458333333333352,-0.15083333333333349,0.1451374833333333,0.20502966,24.816666666666666,24.854166666666668,104.86630769616858,0.003280473001731,418.63400894933767,83.21833313161638,86.77619790402845
2020-12-01,pichincha,Pichincha,Papa Superchola,0.277,12.803125000000001,2,2,2,0.2878253888888888,1.0,0.2138902767860232,7.0,25.64577677224736,23.391176470588235,3,3.0,24.61393637572438,23.320588235294117,60,104.602644241769,-0.0025142818526948,-0.000583327585941,-0.000583327585941,387.45139280747645,82.0385697892736,87.03225511626644,6,2020,12,4,-2.4492935982947064e-16,1.0,0,0.2878253888888888,0,25.64577677224736,0,0.2625,0.269777777777778,0.29416666666666647,0.3131944444444445,0.392857142857143,0.27548148148148144,0.01658594650295912,0.293599537037037,0.02252573359794783,-0.031666666666666454,-0.050694444444444486,0.2566489444444444,0.2949699907407407,25.45029365079365,25.615676169590643,104.86630769616858,0.003280473001731,418.63400894933767,83.21833313161638,86.77619790402845
2020-12-01,tungurahua,Tungurahua,Papa Superchola,0.264166666666667,12.165,1,1,1,0.2014566551724137,1.0,0.2138902767860232,7.0,23.766666666666666,21.7,3,3.0,24.61393637572438,23.320588235294117,60,104.602644241769,-0.0025142818526948,-0.000583327585941,-0.000583327585941,387.45139280747645,82.0385697892736,87.03225511626644,7,2020,12,4,-2.4492935982947064e-16,1.0,0,0.2014566551724137,0,23.766666666666666,0,0.253333333333333,0.24,0.263846153846154,0.317692307692308,0.439,0.2523931623931622,0.011950845340852464,0.2740659340659342,0.028878403973392,-0.010512820512820986,-0.06435897435897497,0.1953749448275862,0.1954763066666666,24.083333333333332,24.2,104.86630769616858,0.003280473001731,418.63400894933767,83.21833313161638,86.77619790402845
2021-01-01,azuay,Azuay,Papa Superchola,0.413125,22.8125,2,1,1,0.2816786358758503,0.0,0.2816786358758503,7.0,24.847222222222225,22.925,3,3.0,24.213853298847056,22.5625,59,104.96914259188055,0.0035037197459797,-0.007403603409643,0.0035037197459797,370.4872979667096,83.82314185005556,88.2617465529793,0,2021,1,1,0.49999999999999994,0.8660254037844387,1,0.2816786358758503,0,24.847222222222225,0,0.375,0.36125,0.34111111111111103,0.467777777777778,0.52,0.3591203703703703,0.01704452079996287,0.39576388888888897,0.04844891591876692,0.03388888888888897,-0.09277777777777801,0.2138902767860232,0.19654818073629451,24.822222222222223,25.11833333333333,104.602644241769,-0.0025142818526948,387.45139280747645,82.0385697892736,87.03225511626644
2021-01-01,carchi,Carchi,Papa Superchola,0.2675,12.3325,1,1,1,0.2908326830357142,1.0,0.2816786358758503,7.0,24.76175438596491,23.68,3,3.0,24.213853298847056,22.5625,59,104.96914259188055,0.0035037197459797,-0.007403603409643,0.0035037197459797,370.4872979667096,83.82314185005556,88.2617465529793,2,2021,1,1,0.49999999999999994,0.8660254037844387,0,0.2908326830357142,0,24.76175438596491,0,0.17,0.165,0.166666666666667,0.276,0.3875,0.16722222222222227,0.0025458753860632816,0.21377777777777784,0.05234147141254274,0.0033333333333330217,-0.10600000000000001,0.1720314767741935,0.1822979899159664,24.721578947368425,24.733684210526317,104.602644241769,-0.0025142818526948,387.45139280747645,82.0385697892736,87.03225511626644
2021-01-01,chimborazo,Chimborazo,Papa Superchola,0.3075,14.1666666666667,1,1,1,0.21495045,1.0,0.2816786358758503,7.0,22.1875,22.1875,2,2.0,24.213853298847056,22.5625,59,104.96914259188055,0.0035037197459797,-0.007403603409643,0.0035037197459797,370.4872979667096,83.82314185005556,88.2617465529793,4,2021,1,1,0.49999999999999994,0.8660254037844387,0,0.21495045,0,22.1875,0,0.221666666666667,0.214166666666667,0.206153846153846,0.283571428571429,0.291538461538462,0.2139957264957266,0.00775782285645647,0.2321978021978025,0.027626395117742952,0.015512820512821018,-0.06190476190476196,0.1616721333333333,0.1506490333333333,25.333333333333332,25.0,104.602644241769,-0.0025142818526948,387.45139280747645,82.0385697892736,87.03225511626644
2021-01-01,cotopaxi,Cotopaxi,Papa Superchola,0.3125,14.436875,2,2,2,0.2197271266666666,1.0,0.2816786358758503,7.0,24.645833333333332,22.5625,3,3.0,24.213853298847056,22.5625,59,104.96914259188055,0.0035037197459797,-0.007403603409643,0.0035037197459797,370.4872979667096,83.82314185005556,88.2617465529793,5,2021,1,1,0.49999999999999994,0.8660254037844387,0,0.2197271266666666,0,24.645833333333332,0,0.2395,0.2354166666666665,0.22625,0.285,0.301111111111111,0.23372222222222208,0.006785571566294164,0.2564444444444444,0.025764514068491264,0.013249999999999984,-0.045499999999999985,0.1451374833333333,0.1451374833333333,24.983333333333334,24.72,104.602644241769,-0.0025142818526948,387.45139280747645,82.0385697892736,87.03225511626644
2021-01-01,pichincha,Pichincha,Papa Superchola,0.38875000000000004,17.855,2,2,2,0.3858084999999999,1.0,0.2816786358758503,7.0,25.30893055555556,22.719999999999995,3,3.0,24.213853298847056,22.5625,59,104.96914259188055,0.0035037197459797,-0.007403603409643,0.0035037197459797,370.4872979667096,83.82314185005556,88.2617465529793,6,2021,1,1,0.49999999999999994,0.8660254037844387,0,0.3858084999999999,0,25.30893055555556,0,0.277,0.2625,0.269777777777778,0.313625,0.3425,0.26975925925925925,0.007250017738012326,0.28756712962962955,0.02102516572773688,0.007222222222222019,-0.03662499999999996,0.2878253888888888,0.2866006,25.64577677224736,25.876801739926737,104.602644241769,-0.0025142818526948,387.45139280747645,82.0385697892736,87.03225511626644
2021-01-01,tungurahua,Tungurahua,Papa Superchola,0.359166666666667,16.485,1,1,1,0.2924795866666667,1.0,0.2816786358758503,7.0,23.958333333333332,21.875,3,3.0,24.213853298847056,22.5625,59,104.96914259188055,0.0035037197459797,-0.007403603409643,0.0035037197459797,370.4872979667096,83.82314185005556,88.2617465529793,7,2021,1,1,0.49999999999999994,0.8660254037844387,0,0.2924795866666667,0,23.958333333333332,0,0.264166666666667,0.253333333333333,0.24,0.297857142857143,0.398461538461539,0.2524999999999999,0.012104865871937159,0.2651449938949941,0.019427027864835057,0.024166666666667003,-0.03369047619047599,0.2014566551724137,0.18518808,23.766666666666666,24.166666666666668,104.602644241769,-0.0025142818526948,387.45139280747645,82.0385697892736,87.03225511626644
2021-02-01,azuay,Azuay,Papa Superchola,0.5326785714285716,29.3392857142857,2,1,1,0.3658940662472988,0.0,0.3658940662472988,7.0,24.847222222222225,22.925,3,3.0,24.761153310846474,23.52285714285714,61,105.33495840584128,0.0034849843004149,0.0009859404024923,0.0070009144547023,371.13726571030753,86.55235063984662,89.84503511298021,0,2021,2,1,0.8660254037844386,0.5000000000000001,1,0.3658940662472988,0,24.847222222222225,0,0.413125,0.375,0.36125,0.4394444444444445,0.488611111111111,0.38312499999999994,0.02687499999999912,0.3866550925925926,0.035648490107788,0.051875000000000004,-0.026319444444444506,0.2816786358758503,0.20243174489984458,24.847222222222225,25.251666666666665,104.96914259188055,0.0035037197459797,370.4872979667096,83.82314185005556,88.2617465529793
2021-02-01,carchi,Carchi,Papa Superchola,0.3925,18.08,1,1,1,0.3993969759999999,1.0,0.3658940662472988,7.0,24.70127192982456,23.68,3,3.0,24.761153310846474,23.52285714285714,61,105.33495840584128,0.0034849843004149,0.0009859404024923,0.0070009144547023,371.13726571030753,86.55235063984662,89.84503511298021,2,2021,2,1,0.8660254037844386,0.5000000000000001,0,0.3993969759999999,0,24.70127192982456,0,0.2675,0.17,0.165,0.24,0.3975,0.20083333333333328,0.05778912815861825,0.21236111111111114,0.05039956091813838,0.10250000000000001,0.027500000000000024,0.2908326830357142,0.1773800508333333,24.76175438596491,24.728421052631578,104.96914259188055,0.0035037197459797,370.4872979667096,83.82314185005556,88.2617465529793
2021-02-01,chimborazo,Chimborazo,Papa Superchola,0.401818181818182,18.4854545454545,1,1,1,0.3086468,1.0,0.3658940662472988,7.0,24.833333333333332,23.5,3,3.0,24.761153310846474,23.52285714285714,61,105.33495840584128,0.0034849843004149,0.0009859404024923,0.0070009144547023,371.13726571030753,86.55235063984662,89.84503511298021,4,2021,2,1,0.8660254037844386,0.5000000000000001,0,0.3086468,0,24.833333333333332,0,0.3075,0.221666666666667,0.214166666666667,0.239166666666667,0.285454545454545,0.24777777777777796,0.05185672926795731,0.23618589743589766,0.03674732812410676,0.09333333333333299,0.068333333333333,0.21495045,0.1524862166666666,22.1875,25.0,104.96914259188055,0.0035037197459797,370.4872979667096,83.82314185005556,88.2617465529793
2021-02-01,cotopaxi,Cotopaxi,Papa Superchola,0.40937500000000004,18.9075,2,2,2,0.2373640866666666,1.0,0.3658940662472988,7.0,24.041666666666668,22.125,3,3.0,24.761153310846474,23.52285714285714,61,105.33495840584128,0.0034849843004149,0.0009859404024923,0.0070009144547023,371.13726571030753,86.55235063984662,89.84503511298021,5,2021,2,1,0.8660254037844386,0.5000000000000001,0,0.2373640866666666,0,24.041666666666668,0,0.3125,0.2395,0.2354166666666665,0.2825,0.246666666666667,0.26247222222222205,0.04337340561697505,0.26102777777777775,0.03322593810508982,0.0770833333333335,0.030000000000000027,0.2197271266666666,0.1451374833333333,24.645833333333332,24.816666666666666,104.96914259188055,0.0035037197459797,370.4872979667096,83.82314185005556,88.2617465529793
2021-02-01,pichincha,Pichincha,Papa Superchola,0.520892857142857,23.91035714285715,2,2,2,0.5144113333333333,1.0,0.3658940662472988,7.0,26.15984126984127,23.746,3,3.0,24.761153310846474,23.52285714285714,61,105.33495840584128,0.0034849843004149,0.0009859404024923,0.0070009144547023,371.13726571030753,86.55235063984662,89.84503511298021,6,2021,2,1,0.8660254037844386,0.5000000000000001,0,0.5144113333333333,0,26.15984126984127,0,0.38875000000000004,0.277,0.2625,0.308333333333333,0.31,0.3094166666666666,0.06908614791210461,0.300087962962963,0.0465373420241756,0.12625000000000003,0.08041666666666702,0.3858084999999999,0.2566489444444444,25.30893055555556,25.45029365079365,104.96914259188055,0.0035037197459797,370.4872979667096,83.82314185005556,88.2617465529793
2021-02-01,tungurahua,Tungurahua,Papa Superchola,0.472727272727273,21.7263636363636,1,1,1,0.3902177399999999,1.0,0.3658940662472988,7.0,23.958333333333332,21.875,3,3.0,24.761153310846474,23.52285714285714,61,105.33495840584128,0.0034849843004149,0.0009859404024923,0.0070009144547023,371.13726571030753,86.55235063984662,89.84503511298021,7,2021,2,1,0.8660254037844386,0.5000000000000001,0,0.3902177399999999,0,23.958333333333332,0,0.359166666666667,0.264166666666667,0.253333333333333,0.271666666666667,0.338181818181818,0.2922222222222222,0.058228079645984455,0.275363247863248,0.042498378873572745,0.105833333333334,0.08750000000000002,0.2924795866666667,0.1953749448275862,23.958333333333332,24.083333333333332,104.96914259188055,0.0035037197459797,370.4872979667096,83.82314185005556,88.2617465529793
2021-03-01,azuay,Azuay,Papa Superchola,0.5694444444444445,31.6111111111111,2,1,1,0.3956713078681236,0.0,0.3956713078681236,7.0,25.638388888888887,24.336,3,3.0,24.9373288926599,23.21875,61,105.9182053031571,0.00553706866308,-0.0040188308529559,0.0125767476618223,287.27542389197697,90.15702171365892,92.12291706969788,0,2021,3,1,1.0,6.123233995736766e-17,1,0.3956713078681236,0,25.638388888888887,0,0.5326785714285716,0.413125,0.375,0.39,0.514732142857143,0.4402678571428571,0.08226897344896733,0.4021941137566138,0.06847108567100842,0.15767857142857156,0.14267857142857154,0.3658940662472988,0.2138902767860232,24.847222222222225,24.822222222222223,105.33495840584128,0.0034849843004149,371.13726571030753,86.55235063984662,89.84503511298021
2021-03-01,bolivar,Bolivar,Papa Superchola,0.415,19.1675,1,1,1,0.440924,1.0,0.3956713078681236,7.0,23.854166666666668,21.375,3,3.0,24.9373288926599,23.21875,61,105.9182053031571,0.00553706866308,-0.0040188308529559,0.0125767476618223,287.27542389197697,90.15702171365892,92.12291706969788,1,2021,3,1,1.0,6.123233995736766e-17,0,0.440924,0,23.854166666666668,0,0.41,0.3375,0.252,0.2075,0.26,0.3331666666666666,0.07908908479261309,0.26258333333333334,0.09262689494238148,0.15799999999999997,0.20249999999999999,0.2425081999999999,0.220462,23.355357142857144,21.361805555555556,105.33495840584128,0.0034849843004149,371.13726571030753,86.55235063984662,89.84503511298021
2021-03-01,carchi,Carchi,Papa Superchola,0.382,17.634,1,1,1,0.3972655803149605,1.0,0.3956713078681236,7.0,24.685000000000002,23.68,3,3.0,24.9373288926599,23.21875,61,105.9182053031571,0.00553706866308,-0.0040188308529559,0.0125767476618223,287.27542389197697,90.15702171365892,92.12291706969788,2,2021,3,1,1.0,6.123233995736766e-17,0,0.3972655803149605,0,24.685000000000002,0,0.3925,0.2675,0.17,0.265,0.476666666666667,0.2766666666666666,0.11153288005486625,0.23777777777777784,0.09001183049816283,0.2225,0.1275,0.3993969759999999,0.1720314767741935,24.70127192982456,24.721578947368425,105.33495840584128,0.0034849843004149,371.13726571030753,86.55235063984662,89.84503511298021
2021-03-01,chimborazo,Chimborazo,Papa Superchola,0.418571428571429,19.1428571428571,1,1,1,0.3589856233333333,1.0,0.3956713078681236,7.0,25.150000000000002,22.475,3,3.0,24.9373288926599,23.21875,61,105.9182053031571,0.00553706866308,-0.0040188308529559,0.0125767476618223,287.27542389197697,90.15702171365892,92.12291706969788,4,2021,3,1,1.0,6.123233995736766e-17,0,0.3589856233333333,0,25.150000000000002,0,0.401818181818182,0.3075,0.221666666666667,0.228461538461539,0.332727272727273,0.3103282828282829,0.0901090533224274,0.2632944832944835,0.07715924662965105,0.180151515151515,0.17335664335664303,0.3086468,0.1616721333333333,24.833333333333332,25.333333333333332,105.33495840584128,0.0034849843004149,371.13726571030753,86.55235063984662,89.84503511298021
2021-03-01,cotopaxi,Cotopaxi,Papa Superchola,0.441875,20.302500000000002,2,2,2,0.2605125966666666,1.0,0.3956713078681236,7.0,25.020833333333332,22.9375,3,3.0,24.9373288926599,23.21875,61,105.9182053031571,0.00553706866308,-0.0040188308529559,0.0125767476618223,287.27542389197697,90.15702171365892,92.12291706969788,5,2021,3,1,1.0,6.123233995736766e-17,0,0.2605125966666666,0,25.020833333333332,0,0.40937500000000004,0.3125,0.2395,0.27,0.3139285714285715,0.3204583333333333,0.0852166662592076,0.2821736111111111,0.06983234096683066,0.16987500000000005,0.13937500000000003,0.2373640866666666,0.1451374833333333,24.041666666666668,24.983333333333334,105.33495840584128,0.0034849843004149,371.13726571030753,86.55235063984662,89.84503511298021
2021-03-01,pichincha,Pichincha,Papa Superchola,0.4843055555555555,22.2222222222222,2,2,2,0.4514221904761905,1.0,0.3956713078681236,7.0,25.99171802054155,23.10238095238095,3,3.0,24.9373288926599,23.21875,61,105.9182053031571,0.00553706866308,-0.0040188308529559,0.0125767476618223,287.27542389197697,90.15702171365892,92.12291706969788,6,2021,3,1,1.0,6.123233995736766e-17,0,0.4514221904761905,0,25.99171802054155,0,0.520892857142857,0.38875000000000004,0.277,0.29416666666666647,0.3780555555555555,0.395547619047619,0.12208843991084427,0.33551455026455024,0.10196585472363111,0.24389285714285702,0.22672619047619058,0.5144113333333333,0.2878253888888888,26.15984126984127,25.64577677224736,105.33495840584128,0.0034849843004149,371.13726571030753,86.55235063984662,89.84503511298021
2021-03-01,tungurahua,Tungurahua,Papa Superchola,0.475714285714286,21.8807142857143,1,1,1,0.3684864857142857,1.0,0.3956713078681236,7.0,24.541666666666668,21.875,3,3.0,24.9373288926599,23.21875,61,105.9182053031571,0.00553706866308,-0.0040188308529559,0.0125767476618223,287.27542389197697,90.15702171365892,92.12291706969788,7,2021,3,1,1.0,6.123233995736766e-17,0,0.3684864857142857,0,24.541666666666668,0,0.472727272727273,0.359166666666667,0.264166666666667,0.263846153846154,0.363333333333333,0.36535353535353554,0.10441786058047296,0.30887334887334905,0.09080957373994233,0.208560606060606,0.208881118881119,0.3902177399999999,0.2014566551724137,23.958333333333332,23.766666666666666,105.33495840584128,0.0034849843004149,371.13726571030753,86.55235063984662,89.84503511298021
2021-04-01,azuay,Azuay,Papa Superchola,0.534375,29.6875,2,1,1,0.3505472254581569,0.0,0.3505472254581569,7.0,25.311111111111114,22.83333333333333,3,3.0,25.84127957519734,23.75,61,106.05573576294096,0.0012984591212645,-0.0435448984591364,0.0138915371758043,237.241878958171,89.75438478349835,86.32613642173338,0,2021,4,2,0.8660254037844387,-0.4999999999999998,1,0.3505472254581569,0,25.311111111111114,0,0.5694444444444445,0.5326785714285716,0.413125,0.34111111111111103,0.5314285714285716,0.505082671957672,0.0817318324067243,0.4321015211640212,0.09581096645240193,0.1563194444444445,0.2283333333333335,0.3956713078681236,0.2816786358758503,25.638388888888887,24.847222222222225,105.9182053031571,0.00553706866308,287.27542389197697,90.15702171365892,92.12291706969788
2021-04-01,bolivar,Bolivar,Papa Superchola,0.354,16.332,1,1,1,0.3417160999999999,1.0,0.3505472254581569,7.0,24.329761904761906,21.975,3,3.0,25.84127957519734,23.75,61,106.05573576294096,0.0012984591212645,-0.0435448984591364,0.0138915371758043,237.241878958171,89.75438478349835,86.32613642173338,1,2021,4,2,0.8660254037844387,-0.4999999999999998,0,0.3417160999999999,0,24.329761904761906,0,0.415,0.41,0.3375,0.176,0.314,0.38749999999999996,0.04337337893224131,0.29716666666666663,0.10575380213811196,0.07749999999999996,0.239,0.440924,0.2425081999999999,23.854166666666668,20.750555555555557,105.9182053031571,0.00553706866308,287.27542389197697,90.15702171365892,92.12291706969788
2021-04-01,carchi,Carchi,Papa Superchola,0.31,14.2766666666667,1,1,1,0.3272558759055117,1.0,0.3505472254581569,7.0,24.59269005847953,23.51333333333333,3,3.0,25.84127957519734,23.75,61,106.05573576294096,0.0012984591212645,-0.0435448984591364,0.0138915371758043,237.241878958171,89.75438478349835,86.32613642173338,2,2021,4,2,0.8660254037844387,-0.4999999999999998,0,0.3272558759055117,0,24.59269005847953,0,0.382,0.3925,0.2675,0.166666666666667,0.515,0.34733333333333327,0.06933673869842134,0.2572777777777779,0.10797050351660852,0.11449999999999999,0.21533333333333302,0.3972655803149605,0.2908326830357142,24.685000000000002,24.76175438596491,105.9182053031571,0.00553706866308,287.27542389197697,90.15702171365892,92.12291706969788
2021-04-01,chimborazo,Chimborazo,Papa Superchola,0.363636363636364,16.7272727272727,1,1,1,0.3386541277777777,1.0,0.3505472254581569,7.0,26.702777777777772,24.58333333333333,3,3.0,25.84127957519734,23.75,61,106.05573576294096,0.0012984591212645,-0.0435448984591364,0.0138915371758043,237.241878958171,89.75438478349835,86.32613642173338,4,2021,4,2,0.8660254037844387,-0.4999999999999998,0,0.3386541277777777,0,26.702777777777772,0,0.418571428571429,0.401818181818182,0.3075,0.206153846153846,0.338571428571429,0.3759632034632036,0.05987967510371662,0.2949794649794652,0.09658334639555129,0.11107142857142899,0.212417582417583,0.3589856233333333,0.21495045,25.150000000000002,22.1875,105.9182053031571,0.00553706866308,287.27542389197697,90.15702171365892,92.12291706969788
2021-04-01,cotopaxi,Cotopaxi,Papa Superchola,0.38857142857142846,17.80842857142855,2,2,2,0.2608800333333333,1.0,0.3505472254581569,7.0,24.78333333333333,22.65,3,3.0,25.84127957519734,23.75,61,106.05573576294096,0.0012984591212645,-0.0435448984591364,0.0138915371758043,237.241878958171,89.75438478349835,86.32613642173338,5,2021,4,2,0.8660254037844387,-0.4999999999999998,0,0.2608800333333333,0,24.78333333333333,0,0.441875,0.40937500000000004,0.3125,0.22625,0.4075,0.38791666666666663,0.06730392045292147,0.3108194444444444,0.0946737697843783,0.12937500000000002,0.215625,0.2605125966666666,0.2197271266666666,25.020833333333332,24.645833333333332,105.9182053031571,0.00553706866308,287.27542389197697,90.15702171365892,92.12291706969788
2021-04-01,pichincha,Pichincha,Papa Superchola,0.415625,19.10475,2,2,2,0.3904014583333333,1.0,0.3505472254581569,7.0,26.92834188034188,24.294666666666668,3,3.0,25.84127957519734,23.75,61,106.05573576294096,0.0012984591212645,-0.0435448984591364,0.0138915371758043,237.241878958171,89.75438478349835,86.32613642173338,6,2021,4,2,0.8660254037844387,-0.4999999999999998,0,0.3904014583333333,0,26.92834188034188,0,0.4843055555555555,0.520892857142857,0.38875000000000004,0.269777777777778,0.3275,0.4646494708994708,0.0682290621471136,0.3672043650793651,0.11522918662136208,0.09555555555555545,0.21452777777777748,0.4514221904761905,0.3858084999999999,25.99171802054155,25.30893055555556,105.9182053031571,0.00553706866308,287.27542389197697,90.15702171365892,92.12291706969788
2021-04-01,tungurahua,Tungurahua,Papa Superchola,0.396666666666667,18.25,1,1,1,0.3306929999999999,1.0,0.3505472254581569,7.0,25.241666666666664,22.3,3,3.0,25.84127957519734,23.75,61,106.05573576294096,0.0012984591212645,-0.0435448984591364,0.0138915371758043,237.241878958171,89.75438478349835,86.32613642173338,7,2021,4,2,0.8660254037844387,-0.4999999999999998,0,0.3306929999999999,0,25.241666666666664,0,0.475714285714286,0.472727272727273,0.359166666666667,0.24,0.326666666666667,0.4358694083694085,0.06644331042463304,0.34418470418470437,0.10914118603400445,0.11654761904761896,0.235714285714286,0.3684864857142857,0.2924795866666667,24.541666666666668,23.958333333333332,105.9182053031571,0.00553706866308,287.27542389197697,90.15702171365892,92.12291706969788
2021-05-01,azuay,Azuay,Papa Superchola,0.559375,31.75,2,1,1,0.35464213835199926,0.0,0.35464213835199926,7.0,25.394444444444446,22.92,3,3.0,26.374303465402594,24.775,68,105.6528980999749,-0.0037983580998059,-0.0318584297149651,0.0100404140432479,340.2938001843754,88.43143185191153,87.0871117251322,0,2021,5,2,0.49999999999999994,-0.8660254037844387,1,0.35464213835199926,0,25.394444444444446,0,0.534375,0.5694444444444445,0.5326785714285716,0.36125,0.45475,0.5454993386243386,0.020754410062116025,0.4643121693121694,0.09149225222890765,0.0016964285714284877,0.17312500000000003,0.3505472254581569,0.3658940662472988,25.311111111111114,24.847222222222225,106.05573576294096,0.0012984591212645,237.241878958171,89.75438478349835,86.32613642173338
2021-05-01,bolivar,Bolivar,Papa Superchola,0.3275,15.0,1,1,1,0.3306929999999999,1.0,0.35464213835199926,7.0,26.2734126984127,23.791666666666668,3,3.0,26.374303465402594,24.775,68,105.6528980999749,-0.0037983580998059,-0.0318584297149651,0.0100404140432479,340.2938001843754,88.43143185191153,87.0871117251322,1,2021,5,2,0.49999999999999994,-0.8660254037844387,0,0.3306929999999999,0,26.2734126984127,0,0.354,0.415,0.41,0.1925,0.28,0.39299999999999996,0.03386738844374918,0.3268333333333333,0.0885294677870984,-0.055999999999999994,0.16149999999999998,0.3417160999999999,0.2425081999999999,24.329761904761906,23.355357142857144,106.05573576294096,0.0012984591212645,237.241878958171,89.75438478349835,86.32613642173338
2021-05-01,carchi,Carchi,Papa Superchola,0.315,14.58,1,1,1,0.3283629138211382,1.0,0.35464213835199926,7.0,24.763245614035085,23.8,3,3.0,26.374303465402594,24.775,68,105.6528980999749,-0.0037983580998059,-0.0318584297149651,0.0100404140432479,340.2938001843754,88.43143185191153,87.0871117251322,2,2021,5,2,0.49999999999999994,-0.8660254037844387,0,0.3283629138211382,0,24.763245614035085,0,0.31,0.382,0.3925,0.165,0.4025,0.36149999999999993,0.044908239778461846,0.2811666666666666,0.0994317186146704,-0.08250000000000002,0.145,0.3272558759055117,0.3993969759999999,24.59269005847953,24.70127192982456,106.05573576294096,0.0012984591212645,237.241878958171,89.75438478349835,86.32613642173338
2021-05-01,chimborazo,Chimborazo,Papa Superchola,0.368333333333333,16.9725,1,1,1,0.321769538095238,1.0,0.35464213835199926,7.0,27.037777777777777,25.08333333333333,3,3.0,26.374303465402594,24.775,68,105.6528980999749,-0.0037983580998059,-0.0318584297149651,0.0100404140432479,340.2938001843754,88.43143185191153,87.0871117251322,4,2021,5,2,0.49999999999999994,-0.8660254037844387,0,0.321769538095238,0,27.037777777777777,0,0.363636363636364,0.418571428571429,0.401818181818182,0.214166666666667,0.285384615384615,0.39467532467532496,0.02815547275357393,0.32122655122655147,0.08869276854340795,-0.03818181818181804,0.14946969696969697,0.3386541277777777,0.3086468,26.702777777777772,24.833333333333332,106.05573576294096,0.0012984591212645,237.241878958171,89.75438478349835,86.32613642173338
2021-05-01,cotopaxi,Cotopaxi,Papa Superchola,0.33791666666666653,15.55625,2,2,2,0.1921693766666666,1.0,0.35464213835199926,7.0,25.395833333333332,22.875,3,3.0,26.374303465402594,24.775,68,105.6528980999749,-0.0037983580998059,-0.0318584297149651,0.0100404140432479,340.2938001843754,88.43143185191153,87.0871117251322,5,2021,5,2,0.49999999999999994,-0.8660254037844387,0,0.1921693766666666,0,25.395833333333332,0,0.38857142857142846,0.441875,0.40937500000000004,0.2354166666666665,0.392,0.4132738095238094,0.02686481376330885,0.3378730158730158,0.08867651229691338,-0.020803571428571588,0.15315476190476196,0.2608800333333333,0.2373640866666666,24.78333333333333,24.041666666666668,106.05573576294096,0.0012984591212645,237.241878958171,89.75438478349835,86.32613642173338
2021-05-01,pichincha,Pichincha,Papa Superchola,0.414375,19.09375,2,2,2,0.4018838541666666,1.0,0.35464213835199926,7.0,27.721806298276885,25.325909090909093,3,3.0,26.374303465402594,24.775,68,105.6528980999749,-0.0037983580998059,-0.0318584297149651,0.0100404140432479,340.2938001843754,88.43143185191153,87.0871117251322,6,2021,5,2,0.49999999999999994,-0.8660254037844387,0,0.4018838541666666,0,27.721806298276885,0,0.415625,0.4843055555555555,0.520892857142857,0.2625,0.29777777777777803,0.4736078042328041,0.053443071107345155,0.3915122354497354,0.10554260736624874,-0.10526785714285702,0.153125,0.3904014583333333,0.5144113333333333,26.92834188034188,26.15984126984127,106.05573576294096,0.0012984591212645,237.241878958171,89.75438478349835,86.32613642173338
2021-05-01,tungurahua,Tungurahua,Papa Superchola,0.391666666666667,18.0266666666667,1,1,1,0.3306929999999999,1.0,0.35464213835199926,7.0,26.25,23.75,3,3.0,26.374303465402594,24.775,68,105.6528980999749,-0.0037983580998059,-0.0318584297149651,0.0100404140432479,340.2938001843754,88.43143185191153,87.0871117251322,7,2021,5,2,0.49999999999999994,-0.8660254037844387,0,0.3306929999999999,0,26.25,0,0.396666666666667,0.475714285714286,0.472727272727273,0.253333333333333,0.316153846153846,0.44836940836940853,0.04480078890300198,0.3702958152958155,0.09733257985249218,-0.076060606060606,0.14333333333333398,0.3306929999999999,0.3902177399999999,25.241666666666664,23.958333333333332,106.05573576294096,0.0012984591212645,237.241878958171,89.75438478349835,86.32613642173338
2021-06-01,azuay,Azuay,Papa Superchola,0.573888888888889,32.44444444444445,2,1,1,0.3499959766152618,0.0,0.3499959766152618,7.0,25.394444444444446,22.92,3,3.0,27.350031166180994,25.76956043956044,68,104.54157517471404,-0.0105186222550114,-0.0346900766944534,-0.0005838195343683,236.78632196497148,90.00517401347898,89.92839182028855,0,2021,6,2,1.2246467991473532e-16,-1.0,1,0.3499959766152618,0,25.394444444444446,0,0.559375,0.534375,0.5694444444444445,0.375,0.441875,0.5543981481481481,0.01805666841299573,0.49733300264550273,0.08213043226536249,-0.010069444444444575,0.18437499999999996,0.35464213835199926,0.3956713078681236,25.394444444444446,25.638388888888887,105.6528980999749,-0.0037983580998059,340.2938001843754,88.43143185191153,87.0871117251322
2021-06-01,bolivar,Bolivar,Papa Superchola,0.34,15.5825,1,1,1,0.3196698999999999,1.0,0.3499959766152618,7.0,26.939123376623375,24.5875,3,3.0,27.350031166180994,25.76956043956044,68,104.54157517471404,-0.0105186222550114,-0.0346900766944534,-0.0005838195343683,236.78632196497148,90.00517401347898,89.92839182028855,1,2021,6,2,1.2246467991473532e-16,-1.0,0,0.3196698999999999,0,26.939123376623375,0,0.3275,0.354,0.415,0.252,0.29,0.36549999999999994,0.04486925450684246,0.34933333333333333,0.060174468561565754,-0.08749999999999997,0.07550000000000001,0.3306929999999999,0.440924,26.2734126984127,23.854166666666668,105.6528980999749,-0.0037983580998059,340.2938001843754,88.43143185191153,87.0871117251322
2021-06-01,carchi,Carchi,Papa Superchola,0.3325,15.25,1,1,1,0.343483161832061,1.0,0.3499959766152618,7.0,26.33277777777778,24.540000000000003,3,3.0,27.350031166180994,25.76956043956044,68,104.54157517471404,-0.0105186222550114,-0.0346900766944534,-0.0005838195343683,236.78632196497148,90.00517401347898,89.92839182028855,2,2021,6,2,1.2246467991473532e-16,-1.0,0,0.343483161832061,0,26.33277777777778,0,0.315,0.31,0.382,0.17,0.32,0.33566666666666656,0.04020364825899714,0.30616666666666664,0.08164965809277443,-0.067,0.145,0.3283629138211382,0.3972655803149605,24.763245614035085,24.685000000000002,105.6528980999749,-0.0037983580998059,340.2938001843754,88.43143185191153,87.0871117251322
2021-06-01,chimborazo,Chimborazo,Papa Superchola,0.363076923076923,16.6923076923077,1,1,1,0.3242961751295337,1.0,0.3499959766152618,7.0,27.328000000000003,24.7,3,3.0,27.350031166180994,25.76956043956044,68,104.54157517471404,-0.0105186222550114,-0.0346900766944534,-0.0005838195343683,236.78632196497148,90.00517401347898,89.92839182028855,4,2021,6,2,1.2246467991473532e-16,-1.0,0,0.3242961751295337,0,27.328000000000003,0,0.368333333333333,0.363636363636364,0.418571428571429,0.221666666666667,0.283076923076923,0.3835137085137086,0.030451571105897322,0.3469209956709958,0.07228836579436655,-0.05023809523809597,0.146666666666666,0.321769538095238,0.3589856233333333,27.037777777777777,25.150000000000002,105.6528980999749,-0.0037983580998059,340.2938001843754,88.43143185191153,87.0871117251322
2021-06-01,cotopaxi,Cotopaxi,Papa Superchola,0.33125000000000004,15.3125,2,2,2,0.1660813733333333,1.0,0.3499959766152618,7.0,25.0625,22.5625,3,3.0,27.350031166180994,25.76956043956044,68,104.54157517471404,-0.0105186222550114,-0.0346900766944534,-0.0005838195343683,236.78632196497148,90.00517401347898,89.92839182028855,5,2021,6,2,1.2246467991473532e-16,-1.0,0,0.1660813733333333,0,25.0625,0,0.33791666666666653,0.38857142857142846,0.441875,0.2395,0.38625,0.38945436507936493,0.051984790564344394,0.35495634920634916,0.07357890446555292,-0.10395833333333349,0.09841666666666654,0.1921693766666666,0.2605125966666666,25.395833333333332,25.020833333333332,105.6528980999749,-0.0037983580998059,340.2938001843754,88.43143185191153,87.0871117251322
2021-06-01,pichincha,Pichincha,Papa Superchola,0.45375,20.8436111111111,2,2,2,0.4110697708333333,1.0,0.3499959766152618,7.0,28.719816176470587,26.03,3,3.0,27.350031166180994,25.76956043956044,68,104.54157517471404,-0.0105186222550114,-0.0346900766944534,-0.0005838195343683,236.78632196497148,90.00517401347898,89.92839182028855,6,2021,6,2,1.2246467991473532e-16,-1.0,0,0.4110697708333333,0,28.719816176470587,0,0.414375,0.415625,0.4843055555555555,0.277,0.3131944444444445,0.4381018518518518,0.04001846201385862,0.4168247354497355,0.08453451723168891,-0.0699305555555555,0.13737499999999997,0.4018838541666666,0.4514221904761905,27.721806298276885,25.99171802054155,105.6528980999749,-0.0037983580998059,340.2938001843754,88.43143185191153,87.0871117251322
2021-06-01,tungurahua,Tungurahua,Papa Superchola,0.400769230769231,18.4369230769231,1,1,1,0.3681715399999999,1.0,0.3499959766152618,7.0,27.483333333333334,24.5,3,3.0,27.350031166180994,25.76956043956044,68,104.54157517471404,-0.0105186222550114,-0.0346900766944534,-0.0005838195343683,236.78632196497148,90.00517401347898,89.92839182028855,7,2021,6,2,1.2246467991473532e-16,-1.0,0,0.3681715399999999,0,27.483333333333334,0,0.391666666666667,0.396666666666667,0.475714285714286,0.264166666666667,0.317692307692308,0.42134920634920653,0.04714786729830314,0.3933513708513712,0.07868328253618795,-0.08404761904761898,0.1275,0.3306929999999999,0.3684864857142857,26.25,24.541666666666668,105.6528980999749,-0.0037983580998059,340.2938001843754,88.43143185191153,87.0871117251322
2021-07-01,azuay,Azuay,Papa Superchola,0.6038888888888889,34.1111111111111,2,1,1,0.40481034868287125,0.0,0.40481034868287125,7.0,30.841944444444447,28.53333333333333,3,3.0,29.702016676385117,27.9375,64,105.79508630751828,0.0119905514213776,-0.0084655351173397,0.0113997315688616,214.3918877442821,90.12552687131276,90.21534976886625,0,2021,7,3,-0.4999999999999997,-0.8660254037844388,1,0.40481034868287125,0,30.841944444444447,0,0.573888888888889,0.559375,0.534375,0.413125,0.467777777777778,0.5558796296296297,0.019987497699820615,0.5304811507936509,0.060049448538371596,0.03951388888888896,0.16076388888888898,0.3499959766152618,0.3505472254581569,25.394444444444446,25.311111111111114,104.54157517471404,-0.0105186222550114,236.78632196497148,90.00517401347898,89.92839182028855
2021-07-01,bolivar,Bolivar,Papa Superchola,0.342,15.6,1,1,1,0.3637623,1.0,0.40481034868287125,7.0,28.423214285714284,26.15714285714285,3,3.0,29.702016676385117,27.9375,64,105.79508630751828,0.0119905514213776,-0.0084655351173397,0.0113997315688616,214.3918877442821,90.12552687131276,90.21534976886625,1,2021,7,3,-0.4999999999999997,-0.8660254037844388,0,0.3637623,0,28.423214285714284,0,0.34,0.3275,0.354,0.3375,0.286,0.34049999999999997,0.013257073583555753,0.36399999999999993,0.038542184681205884,-0.013999999999999957,0.0025000000000000022,0.3196698999999999,0.3417160999999999,26.939123376623375,24.329761904761906,104.54157517471404,-0.0105186222550114,236.78632196497148,90.00517401347898,89.92839182028855
2021-07-01,carchi,Carchi,Papa Superchola,0.372,17.066,1,1,1,0.3986292132307691,1.0,0.40481034868287125,7.0,27.688450292397658,25.226666666666667,3,3.0,29.702016676385117,27.9375,64,105.79508630751828,0.0119905514213776,-0.0084655351173397,0.0113997315688616,214.3918877442821,90.12552687131276,90.21534976886625,2,2021,7,3,-0.4999999999999997,-0.8660254037844388,0,0.3986292132307691,0,27.688450292397658,0,0.3325,0.315,0.31,0.2675,0.276,0.3191666666666666,0.01181453906562456,0.33325,0.047083702063455704,0.02250000000000002,0.065,0.343483161832061,0.3272558759055117,26.33277777777778,24.59269005847953,104.54157517471404,-0.0105186222550114,236.78632196497148,90.00517401347898,89.92839182028855
2021-07-01,canar,Cañar,Papa Superchola,0.648,44.4,1,1,1,0.5543044571428571,1.0,0.40481034868287125,7.0,30.427777777777774,27.53333333333333,3,3.0,29.702016676385117,27.9375,64,105.79508630751828,0.0119905514213776,-0.0084655351173397,0.0113997315688616,214.3918877442821,90.12552687131276,90.21534976886625,3,2021,7,3,-0.4999999999999997,-0.8660254037844388,0,0.5543044571428571,0,30.427777777777774,0,0.5975,0.5975,0.5375,0.4525,0.485,0.5775,0.034641016151372904,0.55875,0.05940854315668746,0.06000000000000005,0.14500000000000002,0.5171999151785713,0.4642299828571428,28.53611111111111,27.55674603174603,104.54157517471404,-0.0105186222550114,236.78632196497148,90.00517401347898,89.92839182028855
2021-07-01,chimborazo,Chimborazo,Papa Superchola,0.356923076923077,16.4615384615385,1,1,1,0.3343878938547485,1.0,0.40481034868287125,7.0,29.49277777777778,27.00333333333333,3,3.0,29.702016676385117,27.9375,64,105.79508630751828,0.0119905514213776,-0.0084655351173397,0.0113997315688616,214.3918877442821,90.12552687131276,90.21534976886625,4,2021,7,3,-0.4999999999999997,-0.8660254037844388,0,0.3343878938547485,0,29.49277777777778,0,0.363076923076923,0.368333333333333,0.363636363636364,0.3075,0.283571428571429,0.36501554001553993,0.0028868768261614986,0.3704893717393718,0.03838644578264349,-0.0005594405594409602,0.055576923076923024,0.3242961751295337,0.3386541277777777,27.328000000000003,26.702777777777772,104.54157517471404,-0.0105186222550114,236.78632196497148,90.00517401347898,89.92839182028855
2021-07-01,cotopaxi,Cotopaxi,Papa Superchola,0.396,18.183,2,2,2,0.2696985133333333,1.0,0.40481034868287125,7.0,25.45,23.25,3,3.0,29.702016676385117,27.9375,64,105.79508630751828,0.0119905514213776,-0.0084655351173397,0.0113997315688616,214.3918877442821,90.12552687131276,90.21534976886625,5,2021,7,3,-0.4999999999999997,-0.8660254037844388,0,0.2696985133333333,0,25.45,0,0.33125000000000004,0.33791666666666653,0.38857142857142846,0.3125,0.285,0.35257936507936494,0.031347768452052414,0.37024801587301587,0.05078993584505304,-0.05732142857142841,0.018750000000000044,0.1660813733333333,0.2608800333333333,25.0625,24.78333333333333,104.54157517471404,-0.0105186222550114,236.78632196497148,90.00517401347898,89.92839182028855
2021-07-01,pichincha,Pichincha,Papa Superchola,0.518777777777778,23.76655555555555,2,2,2,0.5327831666666666,1.0,0.40481034868287125,7.0,31.55403361344538,27.513529411764704,3,3.0,29.702016676385117,27.9375,64,105.79508630751828,0.0119905514213776,-0.0084655351173397,0.0113997315688616,214.3918877442821,90.12552687131276,90.21534976886625,6,2021,7,3,-0.4999999999999997,-0.8660254037844388,0,0.5327831666666666,0,31.55403361344538,0,0.45375,0.414375,0.415625,0.38875000000000004,0.313625,0.42791666666666656,0.022381051323234157,0.4462830687830688,0.049671281682327005,0.038124999999999964,0.06499999999999995,0.4110697708333333,0.3904014583333333,28.719816176470587,26.92834188034188,104.54157517471404,-0.0105186222550114,236.78632196497148,90.00517401347898,89.92839182028855
2021-07-01,tungurahua,Tungurahua,Papa Superchola,0.433846153846154,19.9223076923077,1,1,1,0.3801068965517241,1.0,0.40481034868287125,7.0,28.791666666666668,25.875,3,3.0,29.702016676385117,27.9375,64,105.79508630751828,0.0119905514213776,-0.0084655351173397,0.0113997315688616,214.3918877442821,90.12552687131276,90.21534976886625,7,2021,7,3,-0.4999999999999997,-0.8660254037844388,0,0.3801068965517241,0,28.791666666666668,0,0.400769230769231,0.391666666666667,0.396666666666667,0.359166666666667,0.297857142857143,0.3963675213675215,0.004558649387996909,0.4161184648684652,0.04735311644215225,0.004102564102563988,0.041602564102563966,0.3681715399999999,0.3306929999999999,27.483333333333334,25.241666666666664,104.54157517471404,-0.0105186222550114,236.78632196497148,90.00517401347898,89.92839182028855
2021-08-01,azuay,Azuay,Papa Superchola,0.5655555555555555,31.8888888888889,2,1,1,0.36530297027077496,0.0,0.36530297027077496,7.0,31.55027777777778,29.78333333333333,3,3.0,32.444991063512205,30.093214285714282,66,105.6524247730372,-0.0013484703256103,-0.0006620054149151,0.0100358890435106,267.4470313204882,90.1531704052227,88.39180890367169,0,2021,8,3,-0.8660254037844385,-0.5000000000000004,1,0.36530297027077496,0,31.55027777777778,0,0.6038888888888889,0.573888888888889,0.559375,0.5326785714285716,0.4394444444444445,0.5790509259259259,0.02270146571879903,0.5622751322751324,0.026761045126455232,0.044513888888888964,0.07121031746031736,0.40481034868287125,0.35464213835199926,30.841944444444447,25.394444444444446,105.79508630751828,0.0119905514213776,214.3918877442821,90.12552687131276,90.21534976886625
2021-08-01,bolivar,Bolivar,Papa Superchola,0.3075,14.25,1,1,1,0.30423756,1.0,0.36530297027077496,7.0,31.9712962962963,28.1,3,3.0,32.444991063512205,30.093214285714282,66,105.6524247730372,-0.0013484703256103,-0.0006620054149151,0.0100358890435106,267.4470313204882,90.1531704052227,88.39180890367169,1,2021,8,3,-0.8660254037844385,-0.5000000000000004,0,0.30423756,0,31.9712962962963,0,0.342,0.34,0.3275,0.41,0.225,0.3365,0.00785811682273902,0.36474999999999996,0.03796281074947139,0.014500000000000013,-0.06799999999999995,0.3637623,0.3306929999999999,28.423214285714284,26.2734126984127,105.79508630751828,0.0119905514213776,214.3918877442821,90.12552687131276,90.21534976886625
2021-08-01,carchi,Carchi,Papa Superchola,0.3125,14.375,1,1,1,0.3208278822222221,1.0,0.36530297027077496,7.0,31.168230994152044,28.026666666666664,3,3.0,32.444991063512205,30.093214285714282,66,105.6524247730372,-0.0013484703256103,-0.0006620054149151,0.0100358890435106,267.4470313204882,90.1531704052227,88.39180890367169,2,2021,8,3,-0.8660254037844385,-0.5000000000000004,0,0.3208278822222221,0,31.168230994152044,0,0.372,0.3325,0.315,0.3925,0.24,0.33983333333333327,0.029199029664239914,0.3506666666666667,0.03589661079638169,0.056999999999999995,-0.020500000000000018,0.3986292132307691,0.3283629138211382,27.688450292397658,24.763245614035085,105.79508630751828,0.0119905514213776,214.3918877442821,90.12552687131276,90.21534976886625
2021-08-01,canar,Cañar,Papa Superchola,0.6425,44.0825,1,1,1,0.531113,1.0,0.36530297027077496,7.0,31.741666666666664,28.316666666666663,3,3.0,32.444991063512205,30.093214285714282,66,105.6524247730372,-0.0013484703256103,-0.0006620054149151,0.0100358890435106,267.4470313204882,90.1531704052227,88.39180890367169,3,2021,8,3,-0.8660254037844385,-0.5000000000000004,0,0.531113,0,31.741666666666664,0,0.648,0.5975,0.5975,0.555,0.38,0.6143333333333333,0.029156188594070105,0.5913333333333334,0.03988316269638896,0.05049999999999999,0.09299999999999997,0.5543044571428571,0.5769232857142856,30.427777777777774,26.977777777777778,105.79508630751828,0.0119905514213776,214.3918877442821,90.12552687131276,90.21534976886625
2021-08-01,chimborazo,Chimborazo,Papa Superchola,0.351666666666667,16.0825,1,1,1,0.2973787422222222,1.0,0.36530297027077496,7.0,31.566190476190474,28.867142857142856,3,3.0,32.444991063512205,30.093214285714282,66,105.6524247730372,-0.0013484703256103,-0.0006620054149151,0.0100358890435106,267.4470313204882,90.1531704052227,88.39180890367169,4,2021,8,3,-0.8660254037844385,-0.5000000000000004,0,0.2973787422222222,0,31.566190476190474,0,0.356923076923077,0.363076923076923,0.368333333333333,0.401818181818182,0.239166666666667,0.3627777777777776,0.0057110072464754595,0.37872655122655136,0.025206637009394524,-0.011410256410256003,-0.04489510489510501,0.3343878938547485,0.321769538095238,29.49277777777778,27.037777777777777,105.79508630751828,0.0119905514213776,214.3918877442821,90.12552687131276,90.21534976886625
2021-08-01,cotopaxi,Cotopaxi,Papa Superchola,0.40249999999999997,18.490000000000002,2,2,2,0.2704333866666666,1.0,0.36530297027077496,7.0,29.516666666666666,27.0,3,3.0,32.444991063512205,30.093214285714282,66,105.6524247730372,-0.0013484703256103,-0.0006620054149151,0.0100358890435106,267.4470313204882,90.1531704052227,88.39180890367169,5,2021,8,3,-0.8660254037844385,-0.5000000000000004,0,0.2704333866666666,0,29.516666666666666,0,0.396,0.33125000000000004,0.33791666666666653,0.40937500000000004,0.2825,0.35505555555555546,0.03561526020204119,0.3841646825396825,0.042577875941062764,0.05808333333333349,-0.013375000000000026,0.2696985133333333,0.1921693766666666,25.45,25.395833333333332,105.79508630751828,0.0119905514213776,214.3918877442821,90.12552687131276,90.21534976886625
2021-08-01,pichincha,Pichincha,Papa Superchola,0.4769444444444445,21.8523611111111,2,2,2,0.4884746274509804,1.0,0.36530297027077496,7.0,33.502700926524454,30.186428571428568,3,3.0,32.444991063512205,30.093214285714282,66,105.6524247730372,-0.0013484703256103,-0.0006620054149151,0.0100358890435106,267.4470313204882,90.1531704052227,88.39180890367169,6,2021,8,3,-0.8660254037844385,-0.5000000000000004,0,0.4884746274509804,0,33.502700926524454,0,0.518777777777778,0.45375,0.414375,0.520892857142857,0.308333333333333,0.4623009259259259,0.052724033917863,0.46795436507936516,0.047882647064431176,0.10440277777777801,-0.0021150793650790423,0.5327831666666666,0.4018838541666666,31.55403361344538,27.721806298276885,105.79508630751828,0.0119905514213776,214.3918877442821,90.12552687131276,90.21534976886625
2021-08-01,tungurahua,Tungurahua,Papa Superchola,0.371666666666667,17.1108333333333,1,1,1,0.3446555933333333,1.0,0.36530297027077496,7.0,30.347222222222225,27.666666666666668,3,3.0,32.444991063512205,30.093214285714282,66,105.6524247730372,-0.0013484703256103,-0.0006620054149151,0.0100358890435106,267.4470313204882,90.1531704052227,88.39180890367169,7,2021,8,3,-0.8660254037844385,-0.5000000000000004,0,0.3446555933333333,0,30.347222222222225,0,0.433846153846154,0.400769230769231,0.391666666666667,0.472727272727273,0.271666666666667,0.40876068376068386,0.022196278412539037,0.42856504606504636,0.03834800521824552,0.042179487179486996,-0.038881118881119,0.3801068965517241,0.3306929999999999,28.791666666666668,26.25,105.79508630751828,0.0119905514213776,214.3918877442821,90.12552687131276,90.21534976886625
2021-09-01,azuay,Azuay,Papa Superchola,0.5605,31.725,2,1,1,0.3503652126413324,0.0,0.3503652126413324,7.0,34.920833333333334,31.9,3,3.0,34.278640825084004,31.89318181818182,66,105.359652826097,-0.0027710859222531,0.0045243504210039,0.0072369928104116,243.73984571452408,90.32938273911368,86.00309850672903,0,2021,9,3,-1.0,-1.8369701987210297e-16,1,0.3503652126413324,0,34.920833333333334,0,0.5655555555555555,0.6038888888888889,0.573888888888889,0.5694444444444445,0.39,0.5811111111111111,0.020161385901802383,0.5677546296296296,0.022518539458445196,-0.008333333333333526,-0.0038888888888890527,0.36530297027077496,0.3499959766152618,31.55027777777778,25.394444444444446,105.6524247730372,-0.0013484703256103,267.4470313204882,90.1531704052227,88.39180890367169
2021-09-01,bolivar,Bolivar,Papa Superchola,0.31,14.266,1,1,1,0.28219136,1.0,0.3503652126413324,7.0,33.39060606060606,29.88181818181818,3,3.0,34.278640825084004,31.89318181818182,66,105.359652826097,-0.0027710859222531,0.0045243504210039,0.0072369928104116,243.73984571452408,90.32938273911368,86.00309850672903,1,2021,9,3,-1.0,-1.8369701987210297e-16,0,0.28219136,0,33.39060606060606,0,0.3075,0.342,0.34,0.415,0.2075,0.3298333333333333,0.01936706826892368,0.34766666666666673,0.03656455478556886,-0.03250000000000003,-0.10749999999999998,0.30423756,0.3196698999999999,31.9712962962963,26.939123376623375,105.6524247730372,-0.0013484703256103,267.4470313204882,90.1531704052227,88.39180890367169
2021-09-01,carchi,Carchi,Papa Superchola,0.3175,14.625,1,1,1,0.3234709689655172,1.0,0.3503652126413324,7.0,32.43713450292398,28.94666666666667,3,3.0,34.278640825084004,31.89318181818182,66,105.359652826097,-0.0027710859222531,0.0045243504210039,0.0072369928104116,243.73984571452408,90.32938273911368,86.00309850672903,2,2021,9,3,-1.0,-1.8369701987210297e-16,0,0.3234709689655172,0,32.43713450292398,0,0.3125,0.372,0.3325,0.382,0.265,0.33899999999999997,0.030277879714402565,0.3373333333333333,0.03188364261916954,-0.020000000000000018,-0.0695,0.3208278822222221,0.343483161832061,31.168230994152044,26.33277777777778,105.6524247730372,-0.0013484703256103,267.4470313204882,90.1531704052227,88.39180890367169
2021-09-01,canar,Cañar,Papa Superchola,0.62,42.5,1,1,1,0.5039131428571428,1.0,0.3503652126413324,7.0,35.82833333333333,32.586666666666666,3,3.0,34.278640825084004,31.89318181818182,66,105.359652826097,-0.0027710859222531,0.0045243504210039,0.0072369928104116,243.73984571452408,90.32938273911368,86.00309850672903,3,2021,9,3,-1.0,-1.8369701987210297e-16,0,0.5039131428571428,0,35.82833333333333,0,0.6425,0.648,0.5975,0.6125,0.3625,0.6293333333333333,0.027705294319551505,0.6059166666666668,0.0399379727410721,0.04499999999999993,0.029999999999999916,0.531113,0.5171999151785713,31.741666666666664,28.53611111111111,105.6524247730372,-0.0013484703256103,267.4470313204882,90.1531704052227,88.39180890367169
2021-09-01,chimborazo,Chimborazo,Papa Superchola,0.347692307692308,15.9746153846154,1,1,1,0.2976237,1.0,0.3503652126413324,7.0,34.11571428571429,31.285714285714285,3,3.0,34.278640825084004,31.89318181818182,66,105.359652826097,-0.0027710859222531,0.0045243504210039,0.0072369928104116,243.73984571452408,90.32938273911368,86.00309850672903,4,2021,9,3,-1.0,-1.8369701987210297e-16,0,0.2976237,0,34.11571428571429,0,0.351666666666667,0.356923076923077,0.363076923076923,0.418571428571429,0.228461538461539,0.3572222222222223,0.005711007246475493,0.3703679653679655,0.024317446207604752,-0.011410256410256003,-0.06690476190476197,0.2973787422222222,0.3242961751295337,31.566190476190474,27.328000000000003,105.6524247730372,-0.0013484703256103,267.4470313204882,90.1531704052227,88.39180890367169
2021-09-01,cotopaxi,Cotopaxi,Papa Superchola,0.404,18.57575,2,2,2,0.2704333866666666,1.0,0.3503652126413324,7.0,30.933333333333334,27.0,3,3.0,34.278640825084004,31.89318181818182,66,105.359652826097,-0.0027710859222531,0.0045243504210039,0.0072369928104116,243.73984571452408,90.32938273911368,86.00309850672903,5,2021,9,3,-1.0,-1.8369701987210297e-16,0,0.2704333866666666,0,30.933333333333334,0,0.40249999999999997,0.396,0.33125000000000004,0.441875,0.27,0.37658333333333327,0.03939410911967897,0.38301884920634915,0.041850026891309455,0.07124999999999992,-0.03937500000000005,0.2704333866666666,0.1660813733333333,29.516666666666666,25.0625,105.6524247730372,-0.0013484703256103,267.4470313204882,90.1531704052227,88.39180890367169
2021-09-01,pichincha,Pichincha,Papa Superchola,0.459,21.051625,2,2,2,0.4317380833333333,1.0,0.3503652126413324,7.0,35.48224206349206,31.668333333333333,3,3.0,34.278640825084004,31.89318181818182,66,105.359652826097,-0.0027710859222531,0.0045243504210039,0.0072369928104116,243.73984571452408,90.32938273911368,86.00309850672903,6,2021,9,3,-1.0,-1.8369701987210297e-16,0,0.4317380833333333,0,35.48224206349206,0,0.4769444444444445,0.518777777777778,0.45375,0.4843055555555555,0.29416666666666647,0.4831574074074074,0.03295608672557073,0.4606296296296297,0.04103697488379661,0.023194444444444517,-0.007361111111110985,0.4884746274509804,0.4110697708333333,33.502700926524454,28.719816176470587,105.6524247730372,-0.0013484703256103,267.4470313204882,90.1531704052227,88.39180890367169
2021-09-01,tungurahua,Tungurahua,Papa Superchola,0.393846153846154,18.1015384615385,1,1,1,0.3431858466666666,1.0,0.3503652126413324,7.0,34.175000000000004,31.75,3,3.0,34.278640825084004,31.89318181818182,66,105.359652826097,-0.0027710859222531,0.0045243504210039,0.0072369928104116,243.73984571452408,90.32938273911368,86.00309850672903,7,2021,9,3,-1.0,-1.8369701987210297e-16,0,0.3431858466666666,0,34.175000000000004,0,0.371666666666667,0.433846153846154,0.400769230769231,0.475714285714286,0.263846153846154,0.4020940170940172,0.03111090565349419,0.41172161172161204,0.03724986752352146,-0.02910256410256401,-0.104047619047619,0.3446555933333333,0.3681715399999999,30.347222222222225,27.483333333333334,105.6524247730372,-0.0013484703256103,267.4470313204882,90.1531704052227,88.39180890367169
2021-10-01,azuay,Azuay,Papa Superchola,0.601607142857143,33.98214285714285,2,1,1,0.4068240339585958,0.0,0.4068240339585958,7.0,41.11805555555555,43.3625,3,3.0,38.64179545155801,38.24102564102564,66,105.53965125391971,0.0017084189535068,0.0097225081792307,0.0089577755796022,361.35029964462535,90.71588485521067,85.28322796427891,0,2021,10,4,-0.8660254037844386,0.5000000000000001,1,0.4068240339585958,0,41.11805555555555,0,0.5605,0.5655555555555555,0.6038888888888889,0.534375,0.34111111111111103,0.5766481481481481,0.02372621182515099,0.5662638888888889,0.0226797858275861,-0.04338888888888892,0.026124999999999954,0.3503652126413324,0.40481034868287125,34.920833333333334,30.841944444444447,105.359652826097,-0.0027710859222531,243.73984571452408,90.32938273911368,86.00309850672903
2021-10-01,bolivar,Bolivar,Papa Superchola,0.4075,18.75,1,1,1,0.4078546999999999,1.0,0.4068240339585958,7.0,38.19941798941799,35.357142857142854,3,3.0,38.64179545155801,38.24102564102564,66,105.53965125391971,0.0017084189535068,0.0097225081792307,0.0089577755796022,361.35029964462535,90.71588485521067,85.28322796427891,1,2021,10,4,-0.8660254037844386,0.5000000000000001,0,0.4078546999999999,0,38.19941798941799,0,0.31,0.3075,0.342,0.354,0.176,0.31983333333333336,0.019237550086566486,0.33016666666666666,0.018613615088608832,-0.03200000000000003,-0.043999999999999984,0.28219136,0.3637623,33.39060606060606,28.423214285714284,105.359652826097,-0.0027710859222531,243.73984571452408,90.32938273911368,86.00309850672903
2021-10-01,carchi,Carchi,Papa Superchola,0.365,16.7925,1,1,1,0.3664378097087378,1.0,0.4068240339585958,7.0,32.881052631578946,29.08,3,3.0,38.64179545155801,38.24102564102564,66,105.53965125391971,0.0017084189535068,0.0097225081792307,0.0089577755796022,361.35029964462535,90.71588485521067,85.28322796427891,2,2021,10,4,-0.8660254037844386,0.5000000000000001,0,0.3664378097087378,0,32.881052631578946,0,0.3175,0.3125,0.372,0.31,0.166666666666667,0.3339999999999999,0.033003787661415956,0.32658333333333334,0.0236123202304843,-0.05449999999999999,0.007500000000000007,0.3234709689655172,0.3986292132307691,32.43713450292398,27.688450292397658,105.359652826097,-0.0027710859222531,243.73984571452408,90.32938273911368,86.00309850672903
2021-10-01,canar,Cañar,Papa Superchola,0.644,44.268,1,1,1,0.5473141986062717,1.0,0.4068240339585958,7.0,37.06722222222222,33.87,3,3.0,38.64179545155801,38.24102564102564,66,105.53965125391971,0.0017084189535068,0.0097225081792307,0.0089577755796022,361.35029964462535,90.71588485521067,85.28322796427891,3,2021,10,4,-0.8660254037844386,0.5000000000000001,0,0.5473141986062717,0,37.06722222222222,0,0.62,0.6425,0.648,0.5375,0.346,0.6368333333333333,0.014835205874303547,0.6071666666666666,0.04030095118811238,-0.028000000000000025,0.08250000000000002,0.5039131428571428,0.5543044571428571,35.82833333333333,30.427777777777774,105.359652826097,-0.0027710859222531,243.73984571452408,90.32938273911368,86.00309850672903
2021-10-01,chimborazo,Chimborazo,Papa Superchola,0.419166666666667,19.1116666666667,1,1,1,0.3506723687499999,1.0,0.4068240339585958,7.0,39.43809523809524,37.04285714285714,3,3.0,38.64179545155801,38.24102564102564,66,105.53965125391971,0.0017084189535068,0.0097225081792307,0.0089577755796022,361.35029964462535,90.71588485521067,85.28322796427891,4,2021,10,4,-0.8660254037844386,0.5000000000000001,0,0.3506723687499999,0,39.43809523809524,0,0.347692307692308,0.351666666666667,0.356923076923077,0.363636363636364,0.206153846153846,0.3520940170940173,0.004630199395122612,0.3585547785547787,0.007873934726872577,-0.009230769230768987,-0.015944055944055957,0.2976237,0.3343878938547485,34.11571428571429,29.49277777777778,105.359652826097,-0.0027710859222531,243.73984571452408,90.32938273911368,86.00309850672903
2021-10-01,cotopaxi,Cotopaxi,Papa Superchola,0.426388888888889,19.546111111111102,2,2,2,0.2696985133333333,1.0,0.4068240339585958,7.0,30.666666666666668,26.5,3,3.0,38.64179545155801,38.24102564102564,66,105.53965125391971,0.0017084189535068,0.0097225081792307,0.0089577755796022,361.35029964462535,90.71588485521067,85.28322796427891,5,2021,10,4,-0.8660254037844386,0.5000000000000001,0,0.2696985133333333,0,30.666666666666668,0,0.404,0.40249999999999997,0.396,0.38857142857142846,0.22625,0.4008333333333332,0.004252450274039839,0.37670634920634916,0.03314875568976186,0.008000000000000007,0.01542857142857157,0.2704333866666666,0.2696985133333333,30.933333333333334,25.45,105.359652826097,-0.0027710859222531,243.73984571452408,90.32938273911368,86.00309850672903
2021-10-01,pichincha,Pichincha,Papa Superchola,0.4947222222222225,22.71,2,2,2,0.4942615806451612,1.0,0.4068240339585958,7.0,40.48588034188034,38.315384615384616,3,3.0,38.64179545155801,38.24102564102564,66,105.53965125391971,0.0017084189535068,0.0097225081792307,0.0089577755796022,361.35029964462535,90.71588485521067,85.28322796427891,6,2021,10,4,-0.8660254037844386,0.5000000000000001,0,0.4942615806451612,0,40.48588034188034,0,0.459,0.4769444444444445,0.518777777777778,0.415625,0.269777777777778,0.4849074074074074,0.03067413019752069,0.4564120370370371,0.03938411923271629,-0.059777777777777985,0.043375,0.4317380833333333,0.5327831666666666,35.48224206349206,31.55403361344538,105.359652826097,-0.0027710859222531,243.73984571452408,90.32938273911368,86.00309850672903
2021-10-01,tungurahua,Tungurahua,Papa Superchola,0.454166666666667,20.7775,1,1,1,0.4115290666666666,1.0,0.4068240339585958,7.0,38.388888888888886,36.125,3,3.0,38.64179545155801,38.24102564102564,66,105.53965125391971,0.0017084189535068,0.0097225081792307,0.0089577755796022,361.35029964462535,90.71588485521067,85.28322796427891,7,2021,10,4,-0.8660254037844386,0.5000000000000001,0,0.4115290666666666,0,38.388888888888886,0,0.393846153846154,0.371666666666667,0.433846153846154,0.396666666666667,0.24,0.39978632478632486,0.03151247974334452,0.3980769230769234,0.020224577389212187,-0.03999999999999998,-0.002820512820512988,0.3431858466666666,0.3801068965517241,34.175000000000004,28.791666666666668,105.359652826097,-0.0027710859222531,243.73984571452408,90.32938273911368,86.00309850672903
2021-11-01,azuay,Azuay,Papa Superchola,0.6883035714285715,38.258928571428555,2,1,1,0.514398233835034,0.0,0.514398233835034,7.0,48.492,47.775,3,3.0,46.87135936743492,47.05704545454546,64,105.4875104139525,-0.0004940402905232,0.0059237588452503,0.0084593097870291,345.87800545193625,91.21073124862598,88.27,0,2021,11,4,-0.5000000000000004,0.8660254037844384,1,0.514398233835034,0,48.492,0,0.601607142857143,0.5605,0.5655555555555555,0.559375,0.36125,0.5758875661375661,0.022416782339787143,0.5774692460317461,0.02025214862787935,0.03605158730158753,0.04223214285714305,0.4068240339585958,0.36530297027077496,41.11805555555555,31.55027777777778,105.53965125391971,0.0017084189535068,361.35029964462535,90.71588485521067,85.28322796427891
2021-11-01,bolivar,Bolivar,Papa Superchola,0.44,20.0825,1,1,1,0.6613859999999999,1.0,0.514398233835034,7.0,45.88324074074074,43.6875,3,3.0,46.87135936743492,47.05704545454546,64,105.4875104139525,-0.0004940402905232,0.0059237588452503,0.0084593097870291,345.87800545193625,91.21073124862598,88.27,1,2021,11,4,-0.5000000000000004,0.8660254037844384,0,0.6613859999999999,0,45.88324074074074,0,0.4075,0.31,0.3075,0.3275,0.1925,0.3416666666666666,0.05702704036975041,0.33908333333333335,0.036517689777241895,0.09999999999999998,0.07999999999999996,0.4078546999999999,0.30423756,38.19941798941799,31.9712962962963,105.53965125391971,0.0017084189535068,361.35029964462535,90.71588485521067,85.28322796427891
2021-11-01,carchi,Carchi,Papa Superchola,0.48,22.0,1,1,1,0.4779106,1.0,0.514398233835034,7.0,37.6850462962963,35.38125000000001,3,3.0,46.87135936743492,47.05704545454546,64,105.4875104139525,-0.0004940402905232,0.0059237588452503,0.0084593097870291,345.87800545193625,91.21073124862598,88.27,2,2021,11,4,-0.5000000000000004,0.8660254037844384,0,0.4779106,0,37.6850462962963,0,0.365,0.3175,0.3125,0.315,0.165,0.33166666666666655,0.028975564417853303,0.33575,0.0263983901024335,0.05249999999999999,0.04999999999999999,0.3664378097087378,0.3208278822222221,32.881052631578946,31.168230994152044,105.53965125391971,0.0017084189535068,361.35029964462535,90.71588485521067,85.28322796427891
2021-11-01,canar,Cañar,Papa Superchola,0.655,45.0825,1,1,1,0.5550918214285714,1.0,0.514398233835034,7.0,45.91266666666667,44.412,3,3.0,46.87135936743492,47.05704545454546,64,105.4875104139525,-0.0004940402905232,0.0059237588452503,0.0084593097870291,345.87800545193625,91.21073124862598,88.27,3,2021,11,4,-0.5000000000000004,0.8660254037844384,0,0.5550918214285714,0,45.91266666666667,0,0.644,0.62,0.6425,0.5975,0.37,0.6355,0.013444329659735304,0.6249166666666667,0.023382507706971842,0.0015000000000000568,0.046499999999999986,0.5473141986062717,0.531113,37.06722222222222,31.741666666666664,105.53965125391971,0.0017084189535068,361.35029964462535,90.71588485521067,85.28322796427891
2021-11-01,chimborazo,Chimborazo,Papa Superchola,0.497272727272727,22.7572727272727,1,1,1,0.4629701999999999,1.0,0.514398233835034,7.0,45.73904761904762,44.315714285714286,3,3.0,46.87135936743492,47.05704545454546,64,105.4875104139525,-0.0004940402905232,0.0059237588452503,0.0084593097870291,345.87800545193625,91.21073124862598,88.27,4,2021,11,4,-0.5000000000000004,0.8660254037844384,0,0.4629701999999999,0,45.73904761904762,0,0.419166666666667,0.347692307692308,0.351666666666667,0.368333333333333,0.214166666666667,0.37284188034188065,0.04016762693192049,0.36780982905982923,0.026245140330566626,0.0675,0.05083333333333401,0.3506723687499999,0.2973787422222222,39.43809523809524,31.566190476190474,105.53965125391971,0.0017084189535068,361.35029964462535,90.71588485521067,85.28322796427891
2021-11-01,cotopaxi,Cotopaxi,Papa Superchola,0.47875,21.93625,2,2,2,0.33951148,1.0,0.514398233835034,7.0,43.69583333333333,41.55,3,3.0,46.87135936743492,47.05704545454546,64,105.4875104139525,-0.0004940402905232,0.0059237588452503,0.0084593097870291,345.87800545193625,91.21073124862598,88.27,5,2021,11,4,-0.5000000000000004,0.8660254037844384,0,0.33951148,0,43.69583333333333,0,0.426388888888889,0.404,0.40249999999999997,0.33791666666666653,0.2354166666666665,0.4109629629629629,0.013380280004692251,0.38300925925925927,0.0389446135147202,0.023888888888889015,0.08847222222222245,0.2696985133333333,0.2704333866666666,30.666666666666668,29.516666666666666,105.53965125391971,0.0017084189535068,361.35029964462535,90.71588485521067,85.28322796427891
2021-11-01,pichincha,Pichincha,Papa Superchola,0.6025,27.664375,2,2,2,0.5637856354166666,1.0,0.514398233835034,7.0,48.905178872053874,47.279375,3,3.0,46.87135936743492,47.05704545454546,64,105.4875104139525,-0.0004940402905232,0.0059237588452503,0.0084593097870291,345.87800545193625,91.21073124862598,88.27,6,2021,11,4,-0.5000000000000004,0.8660254037844384,0,0.5637856354166666,0,48.905178872053874,0,0.4947222222222225,0.459,0.4769444444444445,0.414375,0.2625,0.4768888888888889,0.017861175911407064,0.4695949074074075,0.036102364770565006,0.017777777777778003,0.08034722222222251,0.4942615806451612,0.4884746274509804,40.48588034188034,33.502700926524454,105.53965125391971,0.0017084189535068,361.35029964462535,90.71588485521067,85.28322796427891
2021-11-01,tungurahua,Tungurahua,Papa Superchola,0.561818181818182,25.7863636363636,1,1,1,0.5401318999999999,1.0,0.514398233835034,7.0,43.138888888888886,43.66666666666666,3,3.0,46.87135936743492,47.05704545454546,64,105.4875104139525,-0.0004940402905232,0.0059237588452503,0.0084593097870291,345.87800545193625,91.21073124862598,88.27,7,2021,11,4,-0.5000000000000004,0.8660254037844384,0,0.5401318999999999,0,43.138888888888886,0,0.454166666666667,0.393846153846154,0.371666666666667,0.391666666666667,0.253333333333333,0.4065598290598292,0.04269415244596131,0.4076602564102567,0.0304571715660368,0.08250000000000002,0.0625,0.4115290666666666,0.3446555933333333,38.388888888888886,30.347222222222225,105.53965125391971,0.0017084189535068,361.35029964462535,90.71588485521067,85.28322796427891
2021-12-01,azuay,Azuay,Papa Superchola,0.7388095238095235,40.7857142857143,2,1,1,0.5544693761218765,0.0,0.5544693761218765,7.0,53.16388888888889,54.2,3,3.0,50.02883402933884,51.19166666666666,61,105.73397757888316,0.0023364582590248,0.0108155328702714,0.0108155328702714,345.3860928719633,92.84514594516622,91.16867793875424,0,2021,12,4,-2.4492935982947064e-16,1.0,1,0.5544693761218765,0,53.16388888888889,0,0.6883035714285715,0.601607142857143,0.5605,0.573888888888889,0.375,0.6168035714285715,0.06524290611606198,0.5989573412698413,0.04740709682140812,0.12780357142857146,0.11441468253968246,0.514398233835034,0.3503652126413324,48.492,34.920833333333334,105.4875104139525,-0.0004940402905232,345.87800545193625,91.21073124862598,88.27
2021-12-01,bolivar,Bolivar,Papa Superchola,0.592,27.0,1,1,1,0.6613859999999999,1.0,0.5544693761218765,7.0,48.02333333333333,46.695,3,3.0,50.02883402933884,51.19166666666666,61,105.73397757888316,0.0023364582590248,0.0108155328702714,0.0108155328702714,345.3860928719633,92.84514594516622,91.16867793875424,1,2021,12,4,-2.4492935982947064e-16,1.0,0,0.6613859999999999,0,48.02333333333333,0,0.44,0.4075,0.31,0.34,0.252,0.38583333333333325,0.06765414498264778,0.3578333333333334,0.0540524436697071,0.13,0.09999999999999998,0.6613859999999999,0.28219136,45.88324074074074,33.39060606060606,105.4875104139525,-0.0004940402905232,345.87800545193625,91.21073124862598,88.27
2021-12-01,carchi,Carchi,Papa Superchola,0.526666666666667,24.22,1,1,1,0.5377355739130434,1.0,0.5544693761218765,7.0,42.10148148148148,42.25,3,3.0,50.02883402933884,51.19166666666666,61,105.73397757888316,0.0023364582590248,0.0108155328702714,0.0108155328702714,345.3860928719633,92.84514594516622,91.16867793875424,2,2021,12,4,-2.4492935982947064e-16,1.0,0,0.5377355739130434,0,42.10148148148148,0,0.48,0.365,0.3175,0.3325,0.17,0.3874999999999999,0.0835538748353409,0.36325,0.062168118839162435,0.16249999999999998,0.14749999999999996,0.4779106,0.3234709689655172,37.6850462962963,32.43713450292398,105.4875104139525,-0.0004940402905232,345.87800545193625,91.21073124862598,88.27
2021-12-01,canar,Cañar,Papa Superchola,0.626666666666667,43.0,1,1,1,0.5393445357142856,1.0,0.5544693761218765,7.0,53.0,52.09166666666667,3,3.0,50.02883402933884,51.19166666666666,61,105.73397757888316,0.0023364582590248,0.0108155328702714,0.0108155328702714,345.3860928719633,92.84514594516622,91.16867793875424,3,2021,12,4,-2.4492935982947064e-16,1.0,0,0.5393445357142856,0,53.0,0,0.655,0.644,0.62,0.5975,0.44,0.6396666666666666,0.01789785834486822,0.6345000000000001,0.021614809737768262,0.03500000000000003,0.057499999999999996,0.5550918214285714,0.5039131428571428,45.91266666666667,35.82833333333333,105.4875104139525,-0.0004940402905232,345.87800545193625,91.21073124862598,88.27
2021-12-01,chimborazo,Chimborazo,Papa Superchola,0.56,25.75,1,1,1,0.5070626,1.0,0.5544693761218765,7.0,49.36571428571429,48.66571428571428,3,3.0,50.02883402933884,51.19166666666666,61,105.73397757888316,0.0023364582590248,0.0108155328702714,0.0108155328702714,345.3860928719633,92.84514594516622,91.16867793875424,4,2021,12,4,-2.4492935982947064e-16,1.0,0,0.5070626,0,49.36571428571429,0,0.497272727272727,0.419166666666667,0.347692307692308,0.363076923076923,0.221666666666667,0.42137723387723397,0.07481470735094607,0.3892997280497282,0.05904830287186578,0.14958041958041896,0.13419580419580396,0.4629701999999999,0.2976237,45.73904761904762,34.11571428571429,105.4875104139525,-0.0004940402905232,345.87800545193625,91.21073124862598,88.27
2021-12-01,cotopaxi,Cotopaxi,Papa Superchola,0.6053333333333335,27.812,2,2,2,0.4218172933333333,1.0,0.5544693761218765,7.0,49.14166666666667,48.1875,3,3.0,50.02883402933884,51.19166666666666,61,105.73397757888316,0.0023364582590248,0.0108155328702714,0.0108155328702714,345.3860928719633,92.84514594516622,91.16867793875424,5,2021,12,4,-2.4492935982947064e-16,1.0,0,0.4218172933333333,0,49.14166666666667,0,0.47875,0.426388888888889,0.404,0.33125000000000004,0.2395,0.43637962962962956,0.0383634174756548,0.4064814814814815,0.047771729806701455,0.07474999999999998,0.14749999999999996,0.33951148,0.2704333866666666,43.69583333333333,30.933333333333334,105.4875104139525,-0.0004940402905232,345.87800545193625,91.21073124862598,88.27
2021-12-01,pichincha,Pichincha,Papa Superchola,0.6697142857142855,30.57557142857145,2,2,2,0.6341245698924731,1.0,0.5544693761218765,7.0,50.09126495726495,49.47846153846154,3,3.0,50.02883402933884,51.19166666666666,61,105.73397757888316,0.0023364582590248,0.0108155328702714,0.0108155328702714,345.3860928719633,92.84514594516622,91.16867793875424,6,2021,12,4,-2.4492935982947064e-16,1.0,0,0.6341245698924731,0,50.09126495726495,0,0.6025,0.4947222222222225,0.459,0.45375,0.277,0.5187407407407408,0.07470427982296793,0.5009490740740742,0.055195881311798735,0.14350000000000002,0.14875000000000005,0.5637856354166666,0.4317380833333333,48.905178872053874,35.48224206349206,105.4875104139525,-0.0004940402905232,345.87800545193625,91.21073124862598,88.27
2021-12-01,tungurahua,Tungurahua,Papa Superchola,0.6475,29.5825,1,1,1,0.5798150599999999,1.0,0.5544693761218765,7.0,42.888888888888886,42.5,3,3.0,50.02883402933884,51.19166666666666,61,105.73397757888316,0.0023364582590248,0.0108155328702714,0.0108155328702714,345.3860928719633,92.84514594516622,91.16867793875424,7,2021,12,4,-2.4492935982947064e-16,1.0,0,0.5798150599999999,0,42.888888888888886,0,0.561818181818182,0.454166666666667,0.393846153846154,0.400769230769231,0.264166666666667,0.4699436674436675,0.08509016312357708,0.4360188422688425,0.06829613634871516,0.16797202797202798,0.161048951048951,0.5401318999999999,0.3431858466666666,43.138888888888886,34.175000000000004,105.4875104139525,-0.0004940402905232,345.87800545193625,91.21073124862598,88.27
2022-01-01,azuay,Azuay,Papa Superchola,0.703,38.7,2,1,1,0.5544693761218765,0.0,0.5544693761218765,0.0,52.26334365079365,52.56357142857143,0,0.0,52.26334365079365,52.56357142857143,30,107.81061711347644,0.0196402290176211,0.0270696173316715,0.0196402290176211,314.1075183610775,94.0418644522278,91.16867793875424,0,2022,1,1,0.49999999999999994,0.8660254037844387,1,0.5544693761218765,1,52.26334365079365,0,0.7388095238095235,0.6883035714285715,0.601607142857143,0.6038888888888889,0.413125,0.6762400793650793,0.06939214087578542,0.6264441137566137,0.07160200252935768,0.13720238095238046,0.13492063492063455,0.5544693761218765,0.4068240339585958,53.16388888888889,41.11805555555555,105.73397757888316,0.0023364582590248,345.3860928719633,92.84514594516622,91.16867793875424
2022-01-01,carchi,Carchi,Papa Superchola,0.473333333333333,21.78,1,1,1,0.5377355739130434,0.0,0.5377355739130434,0.0,52.26334365079365,52.56357142857143,0,0.0,52.26334365079365,52.56357142857143,30,107.81061711347644,0.0196402290176211,0.0270696173316715,0.0196402290176211,314.1075183610775,94.0418644522278,91.16867793875424,2,2022,1,1,0.49999999999999994,0.8660254037844387,1,0.5377355739130434,1,52.26334365079365,0,0.526666666666667,0.48,0.365,0.372,0.2675,0.45722222222222225,0.08320545744209301,0.39561111111111114,0.08809128262248354,0.16166666666666696,0.15466666666666695,0.5377355739130434,0.3664378097087378,42.10148148148148,32.881052631578946,105.73397757888316,0.0023364582590248,345.3860928719633,92.84514594516622,91.16867793875424
2022-01-01,canar,Cañar,Papa Superchola,0.65,44.5566666666667,1,1,1,0.5393445357142856,0.0,0.5393445357142856,0.0,51.833333333333336,50.375,3,3.0,52.26334365079365,52.56357142857143,30,107.81061711347644,0.0196402290176211,0.0270696173316715,0.0196402290176211,314.1075183610775,94.0418644522278,91.16867793875424,3,2022,1,1,0.49999999999999994,0.8660254037844387,1,0.5393445357142856,0,51.833333333333336,0,0.626666666666667,0.655,0.644,0.648,0.4525,0.641888888888889,0.014284153353862633,0.6393611111111112,0.013315995672147713,-0.01733333333333298,-0.021333333333332982,0.5393445357142856,0.5473141986062717,53.0,37.06722222222222,105.73397757888316,0.0023364582590248,345.3860928719633,92.84514594516622,91.16867793875424
2022-01-01,chimborazo,Chimborazo,Papa Superchola,0.512222222222222,23.3722222222222,1,1,1,0.5070626,0.0,0.5070626,0.0,52.61666666666667,52.25,3,3.0,52.26334365079365,52.56357142857143,30,107.81061711347644,0.0196402290176211,0.0270696173316715,0.0196402290176211,314.1075183610775,94.0418644522278,91.16867793875424,4,2022,1,1,0.49999999999999994,0.8660254037844387,1,0.5070626,0,52.61666666666667,0,0.56,0.497272727272727,0.419166666666667,0.356923076923077,0.3075,0.4921464646464646,0.0705564729194232,0.42212024087024097,0.0887934021565613,0.14083333333333303,0.20307692307692304,0.5070626,0.3506723687499999,49.36571428571429,39.43809523809524,105.73397757888316,0.0023364582590248,345.3860928719633,92.84514594516622,91.16867793875424
2022-01-01,cotopaxi,Cotopaxi,Papa Superchola,0.5683333333333336,26.0,2,2,2,0.4218172933333333,0.0,0.4218172933333333,0.0,52.26334365079365,52.56357142857143,0,0.0,52.26334365079365,52.56357142857143,30,107.81061711347644,0.0196402290176211,0.0270696173316715,0.0196402290176211,314.1075183610775,94.0418644522278,91.16867793875424,5,2022,1,1,0.49999999999999994,0.8660254037844387,1,0.4218172933333333,1,52.26334365079365,0,0.6053333333333335,0.47875,0.426388888888889,0.396,0.3125,0.5034907407407408,0.09200193877676169,0.4521620370370371,0.08096010756841855,0.17894444444444452,0.20933333333333348,0.4218172933333333,0.2696985133333333,49.14166666666667,30.666666666666668,105.73397757888316,0.0023364582590248,345.3860928719633,92.84514594516622,91.16867793875424
2022-01-01,pichincha,Pichincha,Papa Superchola,0.5800000000000001,26.53266666666665,2,2,2,0.6341245698924731,0.0,0.6341245698924731,0.0,52.26334365079365,52.56357142857143,0,0.0,52.26334365079365,52.56357142857143,30,107.81061711347644,0.0196402290176211,0.0270696173316715,0.0196402290176211,314.1075183610775,94.0418644522278,91.16867793875424,6,2022,1,1,0.49999999999999994,0.8660254037844387,1,0.6341245698924731,1,52.26334365079365,0,0.6697142857142855,0.6025,0.4947222222222225,0.518777777777778,0.38875000000000004,0.5889788359788359,0.08827611216330268,0.5369431216931217,0.08211387440796171,0.17499206349206298,0.15093650793650748,0.6341245698924731,0.4942615806451612,50.09126495726495,40.48588034188034,105.73397757888316,0.0023364582590248,345.3860928719633,92.84514594516622,91.16867793875424
2022-01-01,tungurahua,Tungurahua,Papa Superchola,0.564,25.932,1,1,1,0.5798150599999999,0.0,0.5798150599999999,0.0,46.333333333333336,47.0,3,3.0,52.26334365079365,52.56357142857143,30,107.81061711347644,0.0196402290176211,0.0270696173316715,0.0196402290176211,314.1075183610775,94.0418644522278,91.16867793875424,7,2022,1,1,0.49999999999999994,0.8660254037844387,1,0.5798150599999999,0,46.333333333333336,0,0.6475,0.561818181818182,0.454166666666667,0.433846153846154,0.359166666666667,0.5544949494949495,0.0968744896409235,0.4771406371406374,0.10644955996562946,0.19333333333333297,0.21365384615384597,0.5798150599999999,0.4115290666666666,42.888888888888886,38.388888888888886,105.73397757888316,0.0023364582590248,345.3860928719633,92.84514594516622,91.16867793875424
2022-02-01,azuay,Azuay,Papa Superchola,0.731517857142857,40.23214285714285,2,1,1,0.5281136590277777,0.0,0.5281136590277777,3.0,51.5599312018391,51.04653846153846,0,0.0,51.5599312018391,51.04653846153846,38,108.1420307640297,0.0030740353726426,0.026649009983686,0.0227746391489906,329.69630813083336,94.2332391459856,92.71937565632958,0,2022,2,1,0.8660254037844386,0.5000000000000001,1,0.5281136590277777,1,51.5599312018391,0,0.703,0.7388095238095235,0.6883035714285715,0.5655555555555555,0.5326785714285716,0.7100376984126983,0.025978062007926378,0.6429626322751322,0.0766147905517825,0.0146964285714285,0.13744444444444448,0.5544693761218765,0.514398233835034,52.26334365079365,48.492,107.81061711347644,0.0196402290176211,314.1075183610775,94.0418644522278,91.16867793875424
2022-02-01,carchi,Carchi,Papa Superchola,0.525,24.125,1,1,1,0.5052254166666666,1.0,0.5281136590277777,3.0,51.5599312018391,51.04653846153846,0,0.0,51.5599312018391,51.04653846153846,38,108.1420307640297,0.0030740353726426,0.026649009983686,0.0227746391489906,329.69630813083336,94.2332391459856,92.71937565632958,2,2022,2,1,0.8660254037844386,0.5000000000000001,0,0.5052254166666666,1,51.5599312018391,0,0.473333333333333,0.526666666666667,0.48,0.3125,0.3925,0.49333333333333323,0.02905932629026738,0.41250000000000003,0.0922737473198342,-0.006666666666666987,0.160833333333333,0.5377355739130434,0.4779106,52.26334365079365,37.6850462962963,107.81061711347644,0.0196402290176211,314.1075183610775,94.0418644522278,91.16867793875424
2022-02-01,canar,Cañar,Papa Superchola,0.63,43.33,1,1,1,0.5281136590277777,0.0,0.5281136590277777,3.0,51.48333333333333,50.375,3,3.0,51.5599312018391,51.04653846153846,38,108.1420307640297,0.0030740353726426,0.026649009983686,0.0227746391489906,329.69630813083336,94.2332391459856,92.71937565632958,3,2022,2,1,0.8660254037844386,0.5000000000000001,1,0.5281136590277777,0,51.48333333333333,0,0.65,0.626666666666667,0.655,0.6425,0.555,0.643888888888889,0.015122952876450073,0.6396944444444445,0.013597555608212596,-0.0050000000000000044,0.007500000000000062,0.5393445357142856,0.5550918214285714,51.833333333333336,45.91266666666667,107.81061711347644,0.0196402290176211,314.1075183610775,94.0418644522278,91.16867793875424
2022-02-01,chimborazo,Chimborazo,Papa Superchola,0.561818181818182,25.8172727272727,1,1,1,0.487772175,1.0,0.5281136590277777,3.0,48.57222222222222,50.36666666666667,3,3.0,51.5599312018391,51.04653846153846,38,108.1420307640297,0.0030740353726426,0.026649009983686,0.0227746391489906,329.69630813083336,94.2332391459856,92.71937565632958,4,2022,2,1,0.8660254037844386,0.5000000000000001,0,0.487772175,0,48.57222222222222,0,0.512222222222222,0.56,0.497272727272727,0.351666666666667,0.401818181818182,0.5231649831649828,0.032764091605567876,0.4480034317534319,0.08862212000139603,0.014949494949495046,0.160555555555555,0.5070626,0.4629701999999999,52.61666666666667,45.73904761904762,107.81061711347644,0.0196402290176211,314.1075183610775,94.0418644522278,91.16867793875424
2022-02-01,cotopaxi,Cotopaxi,Papa Superchola,0.5764285714285715,26.4,2,2,2,0.5281136590277777,0.0,0.5281136590277777,3.0,54.51111111111111,54.63333333333333,3,3.0,51.5599312018391,51.04653846153846,38,108.1420307640297,0.0030740353726426,0.026649009983686,0.0227746391489906,329.69630813083336,94.2332391459856,92.71937565632958,5,2022,2,1,0.8660254037844386,0.5000000000000001,1,0.5281136590277777,0,54.51111111111111,0,0.5683333333333336,0.6053333333333335,0.47875,0.40249999999999997,0.40937500000000004,0.5508055555555557,0.0650864987137479,0.4808842592592593,0.08736646321119507,0.08958333333333357,0.1658333333333336,0.4218172933333333,0.33951148,52.26334365079365,43.69583333333333,107.81061711347644,0.0196402290176211,314.1075183610775,94.0418644522278,91.16867793875424
2022-02-01,pichincha,Pichincha,Papa Superchola,0.6664583333333336,30.429791666666652,2,2,2,0.5913433854166666,1.0,0.5281136590277777,3.0,51.53013986013986,51.19307692307692,3,3.0,51.5599312018391,51.04653846153846,38,108.1420307640297,0.0030740353726426,0.026649009983686,0.0227746391489906,329.69630813083336,94.2332391459856,92.71937565632958,6,2022,2,1,0.8660254037844386,0.5000000000000001,0,0.5913433854166666,0,51.53013986013986,0,0.5800000000000001,0.6697142857142855,0.6025,0.4769444444444445,0.520892857142857,0.6174047619047617,0.04667737365024282,0.5471468253968254,0.08320175897872024,-0.022499999999999964,0.10305555555555557,0.6341245698924731,0.5637856354166666,52.26334365079365,48.905178872053874,107.81061711347644,0.0196402290176211,314.1075183610775,94.0418644522278,91.16867793875424
2022-02-01,tungurahua,Tungurahua,Papa Superchola,0.635555555555556,29.0011111111111,1,1,1,0.5281136590277777,0.0,0.5281136590277777,3.0,51.5599312018391,51.04653846153846,0,0.0,51.5599312018391,51.04653846153846,38,108.1420307640297,0.0030740353726426,0.026649009983686,0.0227746391489906,329.69630813083336,94.2332391459856,92.71937565632958,7,2022,2,1,0.8660254037844386,0.5000000000000001,1,0.5281136590277777,1,51.5599312018391,0,0.564,0.6475,0.561818181818182,0.371666666666667,0.472727272727273,0.5911060606060605,0.04885076645171581,0.4988329448329451,0.10909110269758236,0.0021818181818179516,0.19233333333333297,0.5798150599999999,0.5401318999999999,46.333333333333336,43.138888888888886,107.81061711347644,0.0196402290176211,314.1075183610775,94.0418644522278,91.16867793875424
2022-03-01,azuay,Azuay,Papa Superchola,0.788125,43.3125,2,1,1,0.562556640521978,0.0,0.562556640521978,4.0,53.427803525550544,53.50091666666666,0,0.0,53.427803525550544,53.50091666666666,40,108.20394858132713,0.0005725601494623,0.0215802682043924,0.0233602391492482,179.07707367707349,95.97762848829085,100.60970286451266,0,2022,3,1,1.0,6.123233995736766e-17,1,0.562556640521978,1,53.427803525550544,0,0.731517857142857,0.703,0.7388095238095235,0.5605,0.5694444444444445,0.7244424603174601,0.018924228624799345,0.6706230158730158,0.07295028726040476,-0.007291666666666474,0.171017857142857,0.5281136590277777,0.5544693761218765,51.5599312018391,53.16388888888889,108.1420307640297,0.0030740353726426,329.69630813083336,94.2332391459856,92.71937565632958
2022-03-01,carchi,Carchi,Papa Superchola,0.555,25.4175,1,1,1,0.5487323406593406,1.0,0.562556640521978,4.0,53.427803525550544,53.50091666666666,0,0.0,53.427803525550544,53.50091666666666,40,108.20394858132713,0.0005725601494623,0.0215802682043924,0.0233602391492482,179.07707367707349,95.97762848829085,100.60970286451266,2,2022,3,1,1.0,6.123233995736766e-17,0,0.5487323406593406,1,53.427803525550544,0,0.525,0.473333333333333,0.526666666666667,0.3175,0.382,0.5083333333333333,0.03032234233109668,0.4479166666666667,0.08683597244869912,-0.0016666666666669272,0.20750000000000002,0.5052254166666666,0.5377355739130434,51.5599312018391,42.10148148148148,108.1420307640297,0.0030740353726426,329.69630813083336,94.2332391459856,92.71937565632958
2022-03-01,chimborazo,Chimborazo,Papa Superchola,0.606923076923077,27.7961538461539,1,1,1,0.53462035,1.0,0.562556640521978,4.0,51.8125,51.875,3,3.0,53.427803525550544,53.50091666666666,40,108.20394858132713,0.0005725601494623,0.0215802682043924,0.0233602391492482,179.07707367707349,95.97762848829085,100.60970286451266,4,2022,3,1,1.0,6.123233995736766e-17,0,0.53462035,0,51.8125,0,0.561818181818182,0.512222222222222,0.56,0.347692307692308,0.418571428571429,0.5446801346801347,0.028124073444736514,0.4830286842786844,0.08435853946801333,0.001818181818181941,0.21412587412587397,0.487772175,0.5070626,48.57222222222222,49.36571428571429,108.1420307640297,0.0030740353726426,329.69630813083336,94.2332391459856,92.71937565632958
2022-03-01,cotopaxi,Cotopaxi,Papa Superchola,0.6396666666666665,29.246555555555553,2,2,2,0.487116038095238,1.0,0.562556640521978,4.0,54.514166666666675,55.4175,3,3.0,53.427803525550544,53.50091666666666,40,108.20394858132713,0.0005725601494623,0.0215802682043924,0.0233602391492482,179.07707367707349,95.97762848829085,100.60970286451266,5,2022,3,1,1.0,6.123233995736766e-17,0,0.487116038095238,0,54.514166666666675,0,0.5764285714285715,0.5683333333333336,0.6053333333333335,0.404,0.441875,0.5833650793650794,0.0194508703343786,0.5098723544973546,0.08497912680800189,-0.02890476190476199,0.1724285714285715,0.5281136590277777,0.4218172933333333,54.51111111111111,49.14166666666667,108.1420307640297,0.0030740353726426,329.69630813083336,94.2332391459856,92.71937565632958
2022-03-01,pichincha,Pichincha,Papa Superchola,0.70125,32.08125,2,2,2,0.6797578333333333,1.0,0.562556640521978,4.0,54.354169542213015,53.91111111111111,3,3.0,53.427803525550544,53.50091666666666,40,108.20394858132713,0.0005725601494623,0.0215802682043924,0.0233602391492482,179.07707367707349,95.97762848829085,100.60970286451266,6,2022,3,1,1.0,6.123233995736766e-17,0,0.6797578333333333,0,54.354169542213015,0,0.6664583333333336,0.5800000000000001,0.6697142857142855,0.459,0.4843055555555555,0.6387242063492063,0.05088270447789634,0.5787324735449736,0.08710178655668747,-0.0032559523809518875,0.20745833333333358,0.5913433854166666,0.6341245698924731,51.53013986013986,50.09126495726495,108.1420307640297,0.0030740353726426,329.69630813083336,94.2332391459856,92.71937565632958
2022-03-01,tungurahua,Tungurahua,Papa Superchola,0.661818181818182,30.2127272727273,1,1,1,0.562556640521978,0.0,0.562556640521978,4.0,53.427803525550544,53.50091666666666,0,0.0,53.427803525550544,53.50091666666666,40,108.20394858132713,0.0005725601494623,0.0215802682043924,0.0233602391492482,179.07707367707349,95.97762848829085,100.60970286451266,7,2022,3,1,1.0,6.123233995736766e-17,1,0.562556640521978,1,53.427803525550544,0,0.635555555555556,0.564,0.6475,0.393846153846154,0.475714285714286,0.6156851851851851,0.04515734950140193,0.5428144263144266,0.10041905111997448,-0.01194444444444398,0.24170940170940197,0.5281136590277777,0.5798150599999999,51.5599312018391,42.888888888888886,108.1420307640297,0.0030740353726426,329.69630813083336,94.2332391459856,92.71937565632958
2022-04-01,azuay,Azuay,Papa Superchola,0.788125,43.375,2,1,1,0.5652790759160053,0.0,0.5652790759160053,4.0,54.11004745133318,54.43258064516129,0,0.0,54.11004745133318,54.43258064516129,36,108.71860080267848,0.0047563164570147,0.0251081661975325,0.0282276642961685,204.96368521707427,98.53853237190296,102.1451008707699,0,2022,4,2,0.8660254037844387,-0.4999999999999998,1,0.5652790759160053,1,54.11004745133318,0,0.788125,0.731517857142857,0.703,0.601607142857143,0.534375,0.7408809523809522,0.04332801715493183,0.7085605158730157,0.06269423620746534,0.085125,0.18651785714285696,0.562556640521978,0.5544693761218765,53.427803525550544,52.26334365079365,108.20394858132713,0.0005725601494623,179.07707367707349,95.97762848829085,100.60970286451266
2022-04-01,carchi,Carchi,Papa Superchola,0.525,24.0425,1,1,1,0.5604458985714286,1.0,0.5652790759160053,4.0,54.11004745133318,54.43258064516129,0,0.0,54.11004745133318,54.43258064516129,36,108.71860080267848,0.0047563164570147,0.0251081661975325,0.0282276642961685,204.96368521707427,98.53853237190296,102.1451008707699,2,2022,4,2,0.8660254037844387,-0.4999999999999998,0,0.5604458985714286,1,54.11004745133318,0,0.555,0.525,0.473333333333333,0.365,0.31,0.5177777777777776,0.041309580988933406,0.48750000000000004,0.06746809945777717,0.08166666666666705,0.19000000000000006,0.5487323406593406,0.5377355739130434,53.427803525550544,52.26334365079365,108.20394858132713,0.0005725601494623,179.07707367707349,95.97762848829085,100.60970286451266
2022-04-01,chimborazo,Chimborazo,Papa Superchola,0.605454545454546,27.7881818181818,1,1,1,0.5162485166666667,1.0,0.5652790759160053,4.0,53.87944444444444,54.03333333333333,3,3.0,54.11004745133318,54.43258064516129,36,108.71860080267848,0.0047563164570147,0.0251081661975325,0.0282276642961685,204.96368521707427,98.53853237190296,102.1451008707699,4,2022,4,2,0.8660254037844387,-0.4999999999999998,0,0.5162485166666667,0,53.87944444444444,0,0.606923076923077,0.561818181818182,0.512222222222222,0.419166666666667,0.363636363636364,0.5603211603211603,0.047368172598167814,0.5262338124838125,0.06544555445214853,0.09470085470085499,0.18775641025641,0.53462035,0.5070626,51.8125,52.61666666666667,108.20394858132713,0.0005725601494623,179.07707367707349,95.97762848829085,100.60970286451266
2022-04-01,cotopaxi,Cotopaxi,Papa Superchola,0.575892857142857,26.42392857142855,2,2,2,0.4931816592592592,1.0,0.5652790759160053,4.0,52.95952380952381,52.82857142857143,3,3.0,54.11004745133318,54.43258064516129,36,108.71860080267848,0.0047563164570147,0.0251081661975325,0.0282276642961685,204.96368521707427,98.53853237190296,102.1451008707699,5,2022,4,2,0.8660254037844387,-0.4999999999999998,0,0.4931816592592592,0,52.95952380952381,0,0.6396666666666665,0.5764285714285715,0.5683333333333336,0.426388888888889,0.38857142857142846,0.5948095238095238,0.039057722270174754,0.5491501322751323,0.08060819440600385,0.07133333333333292,0.2132777777777775,0.487116038095238,0.4218172933333333,54.514166666666675,52.26334365079365,108.20394858132713,0.0005725601494623,179.07707367707349,95.97762848829085,100.60970286451266
2022-04-01,pichincha,Pichincha,Papa Superchola,0.7081249999999999,32.374375,2,2,2,0.6912402291666666,1.0,0.5652790759160053,4.0,55.762395833333336,55.762395833333336,2,2.0,54.11004745133318,54.43258064516129,36,108.71860080267848,0.0047563164570147,0.0251081661975325,0.0282276642961685,204.96368521707427,98.53853237190296,102.1451008707699,6,2022,4,2,0.8660254037844387,-0.4999999999999998,0,0.6912402291666666,0,55.762395833333336,0,0.70125,0.6664583333333336,0.5800000000000001,0.4947222222222225,0.415625,0.6492361111111111,0.062432718415136805,0.6191074735449736,0.07593081248649182,0.12124999999999997,0.20652777777777753,0.6797578333333333,0.6341245698924731,54.354169542213015,52.26334365079365,108.20394858132713,0.0005725601494623,179.07707367707349,95.97762848829085,100.60970286451266
2022-04-01,tungurahua,Tungurahua,Papa Superchola,0.649166666666667,29.6116666666667,1,1,1,0.5652790759160053,0.0,0.5652790759160053,4.0,54.11004745133318,54.43258064516129,0,0.0,54.11004745133318,54.43258064516129,36,108.71860080267848,0.0047563164570147,0.0251081661975325,0.0282276642961685,204.96368521707427,98.53853237190296,102.1451008707699,7,2022,4,2,0.8660254037844387,-0.4999999999999998,1,0.5652790759160053,1,54.11004745133318,0,0.661818181818182,0.635555555555556,0.564,0.454166666666667,0.396666666666667,0.6204579124579125,0.05062660658074544,0.5874764309764312,0.07800270354086804,0.09781818181818203,0.20765151515151498,0.562556640521978,0.5798150599999999,53.427803525550544,46.333333333333336,108.20394858132713,0.0005725601494623,179.07707367707349,95.97762848829085,100.60970286451266
2022-05-01,azuay,Azuay,Papa Superchola,0.774375,42.6875,2,1,1,0.4148438504265872,0.0,0.4148438504265872,4.0,54.33897167605394,54.70799999999999,0,0.0,54.33897167605394,54.70799999999999,45,109.84816676089956,0.0103898132415372,0.0397080320215621,0.0389107576979876,268.7214063635081,101.06768934677072,103.8232458384688,0,2022,5,2,0.49999999999999994,-0.8660254037844387,1,0.4148438504265872,1,54.33897167605394,0,0.788125,0.788125,0.731517857142857,0.6883035714285715,0.559375,0.7692559523809522,0.0326821491666244,0.7396468253968252,0.04182383904963139,0.05660714285714297,0.0998214285714285,0.5652790759160053,0.5281136590277777,54.11004745133318,51.5599312018391,108.71860080267848,0.0047563164570147,204.96368521707427,98.53853237190296,102.1451008707699
2022-05-01,carchi,Carchi,Papa Superchola,0.4025,18.5825,1,1,1,0.3919463624999999,1.0,0.4148438504265872,4.0,54.33897167605394,54.70799999999999,0,0.0,54.33897167605394,54.70799999999999,45,109.84816676089956,0.0103898132415372,0.0397080320215621,0.0389107576979876,268.7214063635081,101.06768934677072,103.8232458384688,2,2022,5,2,0.49999999999999994,-0.8660254037844387,0,0.3919463624999999,1,54.33897167605394,0,0.525,0.555,0.525,0.48,0.315,0.535,0.017320508075681258,0.5141666666666667,0.031282760605661715,0.0,0.04500000000000004,0.5604458985714286,0.5052254166666666,54.11004745133318,51.5599312018391,108.71860080267848,0.0047563164570147,204.96368521707427,98.53853237190296,102.1451008707699
2022-05-01,chimborazo,Chimborazo,Papa Superchola,0.474545454545455,21.7590909090909,1,1,1,0.3619251166666666,1.0,0.4148438504265872,4.0,53.65138888888888,53.86666666666667,3,3.0,54.33897167605394,54.70799999999999,45,109.84816676089956,0.0103898132415372,0.0397080320215621,0.0389107576979876,268.7214063635081,101.06768934677072,103.8232458384688,4,2022,5,2,0.49999999999999994,-0.8660254037844387,0,0.3619251166666666,0,53.65138888888888,0,0.605454545454546,0.606923076923077,0.561818181818182,0.497272727272727,0.368333333333333,0.5913986013986016,0.025627915699166014,0.5572817922817924,0.04570402938367979,0.04363636363636403,0.10818181818181904,0.5162485166666667,0.487772175,53.87944444444444,48.57222222222222,108.71860080267848,0.0047563164570147,204.96368521707427,98.53853237190296,102.1451008707699
2022-05-01,cotopaxi,Cotopaxi,Papa Superchola,0.493611111111111,22.6452777777778,2,2,2,0.3996661114285714,1.0,0.4148438504265872,4.0,53.040625000000006,53.040625000000006,2,2.0,54.33897167605394,54.70799999999999,45,109.84816676089956,0.0103898132415372,0.0397080320215621,0.0389107576979876,268.7214063635081,101.06768934677072,103.8232458384688,5,2022,5,2,0.49999999999999994,-0.8660254037844387,0,0.3996661114285714,0,53.040625000000006,0,0.575892857142857,0.6396666666666665,0.5764285714285715,0.47875,0.33791666666666653,0.597329365079365,0.03666615710323966,0.5740674603174604,0.05368056643140219,-0.0005357142857145281,0.09714285714285698,0.4931816592592592,0.5281136590277777,52.95952380952381,54.51111111111111,108.71860080267848,0.0047563164570147,204.96368521707427,98.53853237190296,102.1451008707699
2022-05-01,pichincha,Pichincha,Papa Superchola,0.5594444444444445,25.65055555555555,2,2,2,0.505837811111111,1.0,0.4148438504265872,4.0,56.93175,56.93175,2,2.0,54.33897167605394,54.70799999999999,45,109.84816676089956,0.0103898132415372,0.0397080320215621,0.0389107576979876,268.7214063635081,101.06768934677072,103.8232458384688,6,2022,5,2,0.49999999999999994,-0.8660254037844387,0,0.505837811111111,0,56.93175,0,0.7081249999999999,0.70125,0.6664583333333336,0.6025,0.414375,0.6919444444444444,0.02233769909650476,0.6546746031746032,0.052325417214382386,0.0416666666666663,0.10562499999999986,0.6912402291666666,0.5913433854166666,55.762395833333336,51.53013986013986,108.71860080267848,0.0047563164570147,204.96368521707427,98.53853237190296,102.1451008707699
2022-05-01,tungurahua,Tungurahua,Papa Superchola,0.498181818181818,22.8781818181818,1,1,1,0.4148438504265872,0.0,0.4148438504265872,4.0,54.33897167605394,54.70799999999999,0,0.0,54.33897167605394,54.70799999999999,45,109.84816676089956,0.0103898132415372,0.0397080320215621,0.0389107576979876,268.7214063635081,101.06768934677072,103.8232458384688,7,2022,5,2,0.49999999999999994,-0.8660254037844387,1,0.4148438504265872,1,54.33897167605394,0,0.649166666666667,0.661818181818182,0.635555555555556,0.561818181818182,0.391666666666667,0.6488468013468015,0.01313423465298681,0.6199764309764312,0.04498622170757321,0.013611111111111018,0.08734848484848501,0.5652790759160053,0.5281136590277777,54.11004745133318,51.5599312018391,108.71860080267848,0.0047563164570147,204.96368521707427,98.53853237190296,102.1451008707699
2022-06-01,azuay,Azuay,Papa Superchola,0.7727142857142855,43.64285714285715,2,1,1,0.4316177915674603,0.0,0.4316177915674603,4.0,54.78329083804659,55.49499999999999,0,0.0,54.78329083804659,55.49499999999999,42,112.1407601857628,0.0208705660955945,0.0726905539575875,0.0605934133339478,25.63,106.43832854608016,106.7479257166828,0,2022,6,2,1.2246467991473532e-16,-1.0,1,0.4316177915674603,1,54.78329083804659,0,0.774375,0.788125,0.788125,0.7388095238095235,0.573888888888889,0.7835416666666667,0.00793856620134582,0.7539920634920634,0.034875116663354355,-0.013749999999999929,0.035565476190476564,0.4148438504265872,0.562556640521978,54.33897167605394,53.427803525550544,109.84816676089956,0.0103898132415372,268.7214063635081,101.06768934677072,103.8232458384688
2022-06-01,bolivar,Bolivar,Papa Superchola,0.33,15.33,1,1,1,0.4316177915674603,0.0,0.4316177915674603,4.0,54.78329083804659,55.49499999999999,0,0.0,54.78329083804659,55.49499999999999,42,112.1407601857628,0.0208705660955945,0.0726905539575875,0.0605934133339478,25.63,106.43832854608016,106.7479257166828,1,2022,6,2,1.2246467991473532e-16,-1.0,1,0.4316177915674603,1,54.78329083804659,0,0.592,0.44,0.4075,0.342,0.3375,0.4798333333333333,0.09848900107795332,0.3998333333333333,0.10820382001882752,0.1845,0.24999999999999994,0.6613859999999999,0.4078546999999999,48.02333333333333,38.19941798941799,105.73397757888316,0.0023364582590248,345.3860928719633,92.84514594516622,91.16867793875424
2022-06-01,carchi,Carchi,Papa Superchola,0.36,16.5,1,1,1,0.4007684214285714,1.0,0.4316177915674603,4.0,54.78329083804659,55.49499999999999,0,0.0,54.78329083804659,55.49499999999999,42,112.1407601857628,0.0208705660955945,0.0726905539575875,0.0605934133339478,25.63,106.43832854608016,106.7479257166828,2,2022,6,2,1.2246467991473532e-16,-1.0,0,0.4007684214285714,1,54.78329083804659,0,0.4025,0.525,0.555,0.526666666666667,0.3325,0.49416666666666664,0.08079036658744099,0.50125,0.055125488156065244,-0.15250000000000002,-0.12416666666666692,0.3919463624999999,0.5487323406593406,54.33897167605394,53.427803525550544,109.84816676089956,0.0103898132415372,268.7214063635081,101.06768934677072,103.8232458384688
2022-06-01,chimborazo,Chimborazo,Papa Superchola,0.375714285714286,17.2871428571429,1,1,1,0.3539639888888888,1.0,0.4316177915674603,4.0,54.144999999999996,54.144999999999996,2,2.0,54.78329083804659,55.49499999999999,42,112.1407601857628,0.0208705660955945,0.0726905539575875,0.0605934133339478,25.63,106.43832854608016,106.7479257166828,4,2022,6,2,1.2246467991473532e-16,-1.0,0,0.3539639888888888,0,54.144999999999996,0,0.474545454545455,0.605454545454546,0.606923076923077,0.56,0.363076923076923,0.5623076923076926,0.0760078741246258,0.5534939134939137,0.0521582535252292,-0.13237762237762202,-0.08545454545454506,0.3619251166666666,0.53462035,53.65138888888888,51.8125,109.84816676089956,0.0103898132415372,268.7214063635081,101.06768934677072,103.8232458384688
2022-06-01,cotopaxi,Cotopaxi,Papa Superchola,0.3991666666666665,18.39,2,2,2,0.4306882642857142,1.0,0.4316177915674603,4.0,54.78125,54.78125,2,2.0,54.78329083804659,55.49499999999999,42,112.1407601857628,0.0208705660955945,0.0726905539575875,0.0605934133339478,25.63,106.43832854608016,106.7479257166828,5,2022,6,2,1.2246467991473532e-16,-1.0,0,0.4306882642857142,0,54.78125,0,0.493611111111111,0.575892857142857,0.6396666666666665,0.6053333333333335,0.33125000000000004,0.5697235449735447,0.07322295839859373,0.5765443121693122,0.04849538777584564,-0.1460555555555555,-0.1117222222222225,0.3996661114285714,0.487116038095238,53.040625000000006,54.514166666666675,109.84816676089956,0.0103898132415372,268.7214063635081,101.06768934677072,103.8232458384688
2022-06-01,pichincha,Pichincha,Papa Superchola,0.558214285714286,25.49857142857145,2,2,2,0.5410504916666666,1.0,0.4316177915674603,4.0,58.518232323232326,58.518232323232326,2,2.0,54.78329083804659,55.49499999999999,42,112.1407601857628,0.0208705660955945,0.0726905539575875,0.0605934133339478,25.63,106.43832854608016,106.7479257166828,6,2022,6,2,1.2246467991473532e-16,-1.0,0,0.5410504916666666,0,58.518232323232326,0,0.5594444444444445,0.7081249999999999,0.70125,0.6697142857142855,0.45375,0.6562731481481481,0.08392654408442404,0.6474986772486773,0.0628130191461509,-0.14180555555555552,-0.11026984126984096,0.505837811111111,0.6797578333333333,56.93175,54.354169542213015,109.84816676089956,0.0103898132415372,268.7214063635081,101.06768934677072,103.8232458384688
2022-06-01,tungurahua,Tungurahua,Papa Superchola,0.464285714285714,21.3314285714286,1,1,1,0.4316177915674603,0.0,0.4316177915674603,4.0,54.78329083804659,55.49499999999999,0,0.0,54.78329083804659,55.49499999999999,42,112.1407601857628,0.0208705660955945,0.0726905539575875,0.0605934133339478,25.63,106.43832854608016,106.7479257166828,7,2022,6,2,1.2246467991473532e-16,-1.0,1,0.4316177915674603,1,54.78329083804659,0,0.498181818181818,0.649166666666667,0.661818181818182,0.6475,0.400769230769231,0.6030555555555556,0.09104334573135489,0.6093703703703706,0.06464582793773291,-0.16363636363636397,-0.14931818181818196,0.4148438504265872,0.562556640521978,54.33897167605394,53.427803525550544,109.84816676089956,0.0103898132415372,268.7214063635081,101.06768934677072,103.8232458384688
2022-07-01,azuay,Azuay,Papa Superchola,0.634375,35.9625,2,1,1,0.2977399436,0.0,0.2977399436,5.0,55.45277777777778,57.333333333333336,3,3.0,55.313870293814375,55.97727272727273,52,112.3300535059745,0.0016879974765475,0.0617700445884681,0.0623836923392986,192.48418600759345,100.1090178137248,103.398558525028,0,2022,7,3,-0.4999999999999997,-0.8660254037844388,1,0.2977399436,0,55.45277777777778,0,0.7727142857142855,0.774375,0.788125,0.703,0.6038888888888889,0.7784047619047617,0.00845882760526557,0.7596428571428571,0.034669271961886176,-0.0154107142857145,0.0697142857142855,0.4316177915674603,0.5652790759160053,54.78329083804659,54.11004745133318,112.1407601857628,0.0208705660955945,25.63,106.43832854608016,106.7479257166828
2022-07-01,bolivar,Bolivar,Papa Superchola,0.295,13.5,1,1,1,0.2271426666666666,1.0,0.2977399436,5.0,52.083333333333336,52.0,3,3.0,55.313870293814375,55.97727272727273,52,112.3300535059745,0.0016879974765475,0.0617700445884681,0.0623836923392986,192.48418600759345,100.1090178137248,103.398558525028,1,2022,7,3,-0.4999999999999997,-0.8660254037844388,0,0.2271426666666666,0,52.083333333333336,0,0.33,0.592,0.44,0.3075,0.41,0.45399999999999996,0.13155987230154859,0.3978333333333333,0.10958862471382157,-0.10999999999999999,0.02250000000000002,0.4316177915674603,0.6613859999999999,54.78329083804659,45.88324074074074,112.1407601857628,0.0208705660955945,25.63,106.43832854608016,106.7479257166828
2022-07-01,carchi,Carchi,Papa Superchola,0.276,12.866,1,1,1,0.2976237,1.0,0.2977399436,5.0,55.130471380471384,54.25,3,3.0,55.313870293814375,55.97727272727273,52,112.3300535059745,0.0016879974765475,0.0617700445884681,0.0623836923392986,192.48418600759345,100.1090178137248,103.398558525028,2,2022,7,3,-0.4999999999999997,-0.8660254037844388,0,0.2976237,0,55.130471380471384,0,0.36,0.4025,0.525,0.473333333333333,0.372,0.42916666666666664,0.08567136822377207,0.47347222222222224,0.07729168538484399,-0.16500000000000004,-0.11333333333333301,0.4007684214285714,0.5604458985714286,54.78329083804659,54.11004745133318,112.1407601857628,0.0208705660955945,25.63,106.43832854608016,106.7479257166828
2022-07-01,chimborazo,Chimborazo,Papa Superchola,0.353076923076923,16.18,1,1,1,0.28108905,1.0,0.2977399436,5.0,54.980555555555554,54.075,3,3.0,55.313870293814375,55.97727272727273,52,112.3300535059745,0.0016879974765475,0.0617700445884681,0.0623836923392986,192.48418600759345,100.1090178137248,103.398558525028,4,2022,7,3,-0.4999999999999997,-0.8660254037844388,0,0.28108905,0,54.980555555555554,0,0.375714285714286,0.474545454545455,0.605454545454546,0.512222222222222,0.356923076923077,0.48523809523809563,0.11524277053297867,0.522779627779628,0.08888810928826893,-0.22974025974026002,-0.13650793650793602,0.3539639888888888,0.5162485166666667,54.144999999999996,53.87944444444444,112.1407601857628,0.0208705660955945,25.63,106.43832854608016,106.7479257166828
2022-07-01,cotopaxi,Cotopaxi,Papa Superchola,0.3375,15.51083333333335,2,2,2,0.278663968,1.0,0.2977399436,5.0,55.68541666666667,56.30500000000001,3,3.0,55.313870293814375,55.97727272727273,52,112.3300535059745,0.0016879974765475,0.0617700445884681,0.0623836923392986,192.48418600759345,100.1090178137248,103.398558525028,5,2022,7,3,-0.4999999999999997,-0.8660254037844388,0,0.278663968,0,55.68541666666667,0,0.3991666666666665,0.493611111111111,0.575892857142857,0.5683333333333336,0.396,0.48955687830687805,0.08843282310759823,0.5421832010582011,0.08403442011626815,-0.17672619047619048,-0.16916666666666708,0.4306882642857142,0.4931816592592592,54.78125,52.95952380952381,112.1407601857628,0.0208705660955945,25.63,106.43832854608016,106.7479257166828
2022-07-01,pichincha,Pichincha,Papa Superchola,0.4133333333333335,18.981666666666648,2,2,2,0.4041803333333332,1.0,0.2977399436,5.0,56.32976190476191,56.32976190476191,2,2.0,55.313870293814375,55.97727272727273,52,112.3300535059745,0.0016879974765475,0.0617700445884681,0.0623836923392986,192.48418600759345,100.1090178137248,103.398558525028,6,2022,7,3,-0.4999999999999997,-0.8660254037844388,0,0.4041803333333332,0,56.32976190476191,0,0.558214285714286,0.5594444444444445,0.7081249999999999,0.5800000000000001,0.518777777777778,0.6085945767195767,0.08619806953412884,0.628915343915344,0.07089923062597546,-0.1499107142857139,-0.021785714285714075,0.5410504916666666,0.6912402291666666,58.518232323232326,55.762395833333336,112.1407601857628,0.0208705660955945,25.63,106.43832854608016,106.7479257166828
2022-07-01,tungurahua,Tungurahua,Papa Superchola,0.389230769230769,17.8453846153846,1,1,1,0.2977399436,0.0,0.2977399436,5.0,55.313870293814375,55.97727272727273,0,0.0,55.313870293814375,55.97727272727273,52,112.3300535059745,0.0016879974765475,0.0617700445884681,0.0623836923392986,192.48418600759345,100.1090178137248,103.398558525028,7,2022,7,3,-0.4999999999999997,-0.8660254037844388,1,0.2977399436,1,55.313870293814375,0,0.464285714285714,0.498181818181818,0.649166666666667,0.564,0.433846153846154,0.5372113997113995,0.09842623031541305,0.5788346560846562,0.08354223487871577,-0.18488095238095298,-0.09971428571428592,0.4316177915674603,0.5652790759160053,54.78329083804659,54.11004745133318,112.1407601857628,0.0208705660955945,25.63,106.43832854608016,106.7479257166828
2022-08-01,azuay,Azuay,Papa Superchola,0.4973333333333335,28.33333333333335,2,1,1,0.2457777427828746,0.0,0.2457777427828746,5.0,56.25,56.25,2,2.0,56.12462462962653,57.333333333333336,47,111.91780618532256,-0.003669964606845,0.0593018231786413,0.0584847817895239,110.42277895468828,98.28856404456582,102.93974502000182,0,2022,8,3,-0.8660254037844385,-0.5000000000000004,1,0.2457777427828746,0,56.25,0,0.634375,0.7727142857142855,0.774375,0.731517857142857,0.5655555555555555,0.7271547619047617,0.08035392123171553,0.7482053571428571,0.059512211221216256,-0.14,-0.09714285714285698,0.2977399436,0.4148438504265872,55.45277777777778,54.33897167605394,112.3300535059745,0.0016879974765475,192.48418600759345,100.1090178137248,103.398558525028
2022-08-01,bolivar,Bolivar,Papa Superchola,0.245,11.25,1,1,1,0.2141988749999999,1.0,0.2457777427828746,5.0,54.12154761904762,56.07000000000001,3,3.0,56.12462462962653,57.333333333333336,47,111.91780618532256,-0.003669964606845,0.0593018231786413,0.0584847817895239,110.42277895468828,98.28856404456582,102.93974502000182,1,2022,8,3,-0.8660254037844385,-0.5000000000000004,0,0.2141988749999999,0,54.12154761904762,0,0.295,0.33,0.592,0.31,0.415,0.4056666666666666,0.16231553632765144,0.39575000000000005,0.11174692389502343,-0.297,-0.015000000000000013,0.2271426666666666,0.6613859999999999,52.083333333333336,48.02333333333333,112.3300535059745,0.0016879974765475,192.48418600759345,100.1090178137248,103.398558525028
2022-08-01,carchi,Carchi,Papa Superchola,0.203333333333333,9.49666666666667,1,1,1,0.2035733972477064,1.0,0.2457777427828746,5.0,55.130471380471384,54.25,3,3.0,56.12462462962653,57.333333333333336,47,111.91780618532256,-0.003669964606845,0.0593018231786413,0.0584847817895239,110.42277895468828,98.28856404456582,102.93974502000182,2,2022,8,3,-0.8660254037844385,-0.5000000000000004,0,0.2035733972477064,0,55.130471380471384,0,0.276,0.36,0.4025,0.525,0.3125,0.34616666666666657,0.06437455501464216,0.4405833333333333,0.11169172604390527,-0.1265,-0.249,0.2976237,0.3919463624999999,55.130471380471384,54.33897167605394,112.3300535059745,0.0016879974765475,192.48418600759345,100.1090178137248,103.398558525028
2022-08-01,chimborazo,Chimborazo,Papa Superchola,0.273846153846154,12.6661538461538,1,1,1,0.2305665083333333,1.0,0.2457777427828746,5.0,56.00277777777777,57.333333333333336,3,3.0,56.12462462962653,57.333333333333336,47,111.91780618532256,-0.003669964606845,0.0593018231786413,0.0584847817895239,110.42277895468828,98.28856404456582,102.93974502000182,4,2022,8,3,-0.8660254037844385,-0.5000000000000004,0,0.2305665083333333,0,56.00277777777777,0,0.353076923076923,0.375714285714286,0.474545454545455,0.561818181818182,0.351666666666667,0.4011122211122213,0.06459444539694206,0.49625541125541145,0.11311217853280447,-0.12146853146853198,-0.20874125874125898,0.28108905,0.3619251166666666,54.980555555555554,53.65138888888888,112.3300535059745,0.0016879974765475,192.48418600759345,100.1090178137248,103.398558525028
2022-08-01,cotopaxi,Cotopaxi,Papa Superchola,0.257,11.842500000000001,2,2,2,0.220462,1.0,0.2457777427828746,5.0,57.866666666666674,58.18000000000001,3,3.0,56.12462462962653,57.333333333333336,47,111.91780618532256,-0.003669964606845,0.0593018231786413,0.0584847817895239,110.42277895468828,98.28856404456582,102.93974502000182,5,2022,8,3,-0.8660254037844385,-0.5000000000000004,0,0.220462,0,57.866666666666674,0,0.3375,0.3991666666666665,0.493611111111111,0.5764285714285715,0.40249999999999997,0.41009259259259245,0.07862697785169162,0.5037109788359787,0.11630961344834401,-0.15611111111111098,-0.2389285714285715,0.278663968,0.3996661114285714,55.68541666666667,53.040625000000006,112.3300535059745,0.0016879974765475,192.48418600759345,100.1090178137248,103.398558525028
2022-08-01,pichincha,Pichincha,Papa Superchola,0.354375,16.396250000000002,2,2,2,0.3600879333333333,1.0,0.2457777427828746,5.0,56.88533333333334,56.88533333333334,2,2.0,56.12462462962653,57.333333333333336,47,111.91780618532256,-0.003669964606845,0.0593018231786413,0.0584847817895239,110.42277895468828,98.28856404456582,102.93974502000182,6,2022,8,3,-0.8660254037844385,-0.5000000000000004,0,0.3600879333333333,0,56.88533333333334,0,0.4133333333333335,0.558214285714286,0.5594444444444445,0.6664583333333336,0.4769444444444445,0.5103306878306879,0.08400442492654425,0.6011375661375663,0.11365453559218172,-0.14611111111111103,-0.2531250000000001,0.4041803333333332,0.505837811111111,56.32976190476191,56.93175,112.3300535059745,0.0016879974765475,192.48418600759345,100.1090178137248,103.398558525028
2022-08-01,tungurahua,Tungurahua,Papa Superchola,0.291538461538462,13.4361538461538,1,1,1,0.2457777427828746,0.0,0.2457777427828746,5.0,56.12462462962653,57.333333333333336,0,0.0,56.12462462962653,57.333333333333336,47,111.91780618532256,-0.003669964606845,0.0593018231786413,0.0584847817895239,110.42277895468828,98.28856404456582,102.93974502000182,7,2022,8,3,-0.8660254037844385,-0.5000000000000004,1,0.2457777427828746,1,56.12462462962653,0,0.389230769230769,0.464285714285714,0.498181818181818,0.635555555555556,0.371666666666667,0.4505661005661002,0.055756198017305705,0.549706450956451,0.11448613708887158,-0.10895104895104901,-0.246324786324787,0.2977399436,0.4148438504265872,55.313870293814375,54.33897167605394,112.3300535059745,0.0016879974765475,192.48418600759345,100.1090178137248,103.398558525028
2022-09-01,azuay,Azuay,Papa Superchola,0.5733333333333335,32.66666666666665,2,1,1,0.28756000561997935,0.0,0.28756000561997935,5.0,54.91666666666667,54.91666666666667,2,2.0,55.957039018080685,56.42916666666667,54,112.88100219314993,0.0086062802752979,0.0713873780456328,0.0675943984887423,104.24323942595734,100.15837631663705,102.42912160522202,0,2022,9,3,-1.0,-1.8369701987210297e-16,1,0.28756000561997935,0,54.91666666666667,0,0.4973333333333335,0.634375,0.7727142857142855,0.788125,0.5605,0.6348075396825396,0.1376909857307028,0.7091746031746031,0.11935360703744764,-0.27538095238095195,-0.29079166666666645,0.2457777427828746,0.4316177915674603,56.25,54.78329083804659,111.91780618532256,-0.003669964606845,110.42277895468828,98.28856404456582,102.93974502000182
2022-09-01,bolivar,Bolivar,Papa Superchola,0.286666666666667,13.11,1,1,1,0.2536565624999999,1.0,0.28756000561997935,5.0,56.8,56.8,2,2.0,55.957039018080685,56.42916666666667,54,112.88100219314993,0.0086062802752979,0.0713873780456328,0.0675943984887423,104.24323942595734,100.15837631663705,102.42912160522202,1,2022,9,3,-1.0,-1.8369701987210297e-16,0,0.2536565624999999,0,56.8,0,0.245,0.295,0.33,0.4075,0.354,0.29,0.042720018726586116,0.38491666666666663,0.12418148681130707,-0.08500000000000002,-0.16249999999999998,0.2141988749999999,0.4316177915674603,54.12154761904762,54.78329083804659,111.91780618532256,-0.003669964606845,110.42277895468828,98.28856404456582,102.93974502000182
2022-09-01,carchi,Carchi,Papa Superchola,0.29,13.334,1,1,1,0.2836261126984127,1.0,0.28756000561997935,5.0,57.200610269360276,56.14375,3,3.0,55.957039018080685,56.42916666666667,54,112.88100219314993,0.0086062802752979,0.0713873780456328,0.0675943984887423,104.24323942595734,100.15837631663705,102.42912160522202,2,2022,9,3,-1.0,-1.8369701987210297e-16,0,0.2836261126984127,0,57.200610269360276,0,0.203333333333333,0.276,0.36,0.555,0.3175,0.27977777777777757,0.07840162507763944,0.3869722222222222,0.13732566389048767,-0.15666666666666698,-0.351666666666667,0.2035733972477064,0.4007684214285714,55.130471380471384,54.78329083804659,111.91780618532256,-0.003669964606845,110.42277895468828,98.28856404456582,102.93974502000182
2022-09-01,chimborazo,Chimborazo,Papa Superchola,0.31,14.31,1,1,1,0.2594668153846154,1.0,0.28756000561997935,5.0,55.637499999999996,56.225,3,3.0,55.957039018080685,56.42916666666667,54,112.88100219314993,0.0086062802752979,0.0713873780456328,0.0675943984887423,104.24323942595734,100.15837631663705,102.42912160522202,4,2022,9,3,-1.0,-1.8369701987210297e-16,0,0.2594668153846154,0,55.637499999999996,0,0.273846153846154,0.353076923076923,0.375714285714286,0.606923076923077,0.347692307692308,0.33421245421245427,0.053490001044396086,0.4482600732600735,0.1380709315851355,-0.10186813186813198,-0.333076923076923,0.2305665083333333,0.3539639888888888,56.00277777777777,54.144999999999996,111.91780618532256,-0.003669964606845,110.42277895468828,98.28856404456582,102.93974502000182
2022-09-01,cotopaxi,Cotopaxi,Papa Superchola,0.322,14.785499999999999,2,2,2,0.2620106076923076,1.0,0.28756000561997935,5.0,57.86916666666667,58.9375,3,3.0,55.957039018080685,56.42916666666667,54,112.88100219314993,0.0086062802752979,0.0713873780456328,0.0675943984887423,104.24323942595734,100.15837631663705,102.42912160522202,5,2022,9,3,-1.0,-1.8369701987210297e-16,0,0.2620106076923076,0,57.86916666666667,0,0.257,0.3375,0.3991666666666665,0.6396666666666665,0.404,0.3312222222222221,0.07129094015474911,0.4504728835978835,0.14574794749894598,-0.1421666666666665,-0.3826666666666665,0.220462,0.4306882642857142,57.866666666666674,54.78125,111.91780618532256,-0.003669964606845,110.42277895468828,98.28856404456582,102.93974502000182
2022-09-01,pichincha,Pichincha,Papa Superchola,0.402,18.408,2,2,2,0.3790399298245613,1.0,0.28756000561997935,5.0,58.42833333333333,58.42833333333333,2,2.0,55.957039018080685,56.42916666666667,54,112.88100219314993,0.0086062802752979,0.0713873780456328,0.0675943984887423,104.24323942595734,100.15837631663705,102.42912160522202,6,2022,9,3,-1.0,-1.8369701987210297e-16,0,0.3790399298245613,0,58.42833333333333,0,0.354375,0.4133333333333335,0.558214285714286,0.70125,0.459,0.4419742063492064,0.10489441503464819,0.5491236772486774,0.1448993173890421,-0.203839285714286,-0.34687500000000004,0.3600879333333333,0.5410504916666666,56.88533333333334,58.518232323232326,111.91780618532256,-0.003669964606845,110.42277895468828,98.28856404456582,102.93974502000182
2022-09-01,tungurahua,Tungurahua,Papa Superchola,0.338571428571429,15.6192857142857,1,1,1,0.28756000561997935,0.0,0.28756000561997935,5.0,52.666666666666664,53.0,3,3.0,55.957039018080685,56.42916666666667,54,112.88100219314993,0.0086062802752979,0.0713873780456328,0.0675943984887423,104.24323942595734,100.15837631663705,102.42912160522202,7,2022,9,3,-1.0,-1.8369701987210297e-16,1,0.28756000561997935,0,52.666666666666664,0,0.291538461538462,0.389230769230769,0.464285714285714,0.661818181818182,0.393846153846154,0.3816849816849815,0.08662047976775082,0.4923702686202687,0.14497682097355474,-0.172747252747252,-0.37027972027971995,0.2457777427828746,0.4316177915674603,56.12462462962653,54.78329083804659,111.91780618532256,-0.003669964606845,110.42277895468828,98.28856404456582,102.93974502000182
